family,order,n,omega,algorithm,sample,ns,buffer_bytes
disjoint,sorted,1000,1,heap,0,7800,12064
disjoint,sorted,1000,1,two_sorts,0,13500,20016
disjoint,sorted,1000,1,events,0,27300,52016
disjoint,sorted,1000,1,events,1,22600,52016
disjoint,sorted,1000,1,heap,1,3900,12064
disjoint,sorted,1000,1,two_sorts,1,10500,20016
disjoint,sorted,1000,1,two_sorts,2,10900,20016
disjoint,sorted,1000,1,heap,2,3900,12064
disjoint,sorted,1000,1,events,2,23000,52016
disjoint,sorted,1000,1,heap,3,3800,12064
disjoint,sorted,1000,1,events,3,22100,52016
disjoint,sorted,1000,1,two_sorts,3,11100,20016
disjoint,sorted,1000,1,heap,4,3800,12064
disjoint,sorted,1000,1,two_sorts,4,11000,20016
disjoint,sorted,1000,1,events,4,22400,52016
disjoint,sorted,1000,1,heap,5,3700,12064
disjoint,sorted,1000,1,events,5,21700,52016
disjoint,sorted,1000,1,two_sorts,5,11300,20016
disjoint,sorted,1000,1,two_sorts,6,11100,20016
disjoint,sorted,1000,1,events,6,26400,52016
disjoint,sorted,1000,1,heap,6,3800,12064
disjoint,sorted,1000,1,events,7,21700,52016
disjoint,sorted,1000,1,two_sorts,7,11700,20016
disjoint,sorted,1000,1,heap,7,3800,12064
disjoint,sorted,1000,1,heap,8,3700,12064
disjoint,sorted,1000,1,events,8,23300,52016
disjoint,sorted,1000,1,two_sorts,8,10200,20016
disjoint,shuffled,1000,1,heap,0,22900,12064
disjoint,shuffled,1000,1,events,0,62600,52016
disjoint,shuffled,1000,1,two_sorts,0,48700,20016
disjoint,shuffled,1000,1,two_sorts,1,43200,20016
disjoint,shuffled,1000,1,heap,1,22900,12064
disjoint,shuffled,1000,1,events,1,64400,52016
disjoint,shuffled,1000,1,events,2,60100,52016
disjoint,shuffled,1000,1,two_sorts,2,47300,20016
disjoint,shuffled,1000,1,heap,2,29400,12064
disjoint,shuffled,1000,1,events,3,61700,52016
disjoint,shuffled,1000,1,two_sorts,3,46400,20016
disjoint,shuffled,1000,1,heap,3,22200,12064
disjoint,shuffled,1000,1,events,4,61900,52016
disjoint,shuffled,1000,1,two_sorts,4,45800,20016
disjoint,shuffled,1000,1,heap,4,21600,12064
disjoint,shuffled,1000,1,two_sorts,5,43500,20016
disjoint,shuffled,1000,1,heap,5,20000,12064
disjoint,shuffled,1000,1,events,5,61000,52016
disjoint,shuffled,1000,1,heap,6,19800,12064
disjoint,shuffled,1000,1,two_sorts,6,44200,20016
disjoint,shuffled,1000,1,events,6,65300,52016
disjoint,shuffled,1000,1,events,7,58200,52016
disjoint,shuffled,1000,1,heap,7,20700,12064
disjoint,shuffled,1000,1,two_sorts,7,44500,20016
disjoint,shuffled,1000,1,events,8,58800,52016
disjoint,shuffled,1000,1,heap,8,20600,12064
disjoint,shuffled,1000,1,two_sorts,8,44200,20016
low8,sorted,1000,8,two_sorts,0,10000,20016
low8,sorted,1000,8,heap,0,11500,12128
low8,sorted,1000,8,events,0,48900,52032
low8,sorted,1000,8,heap,1,11300,12128
low8,sorted,1000,8,events,1,47700,52032
low8,sorted,1000,8,two_sorts,1,10500,20016
low8,sorted,1000,8,two_sorts,2,10400,20016
low8,sorted,1000,8,heap,2,11200,12128
low8,sorted,1000,8,events,2,48200,52032
low8,sorted,1000,8,heap,3,11300,12128
low8,sorted,1000,8,events,3,48300,52032
low8,sorted,1000,8,two_sorts,3,10500,20016
low8,sorted,1000,8,events,4,50100,52032
low8,sorted,1000,8,heap,4,11100,12128
low8,sorted,1000,8,two_sorts,4,10400,20016
low8,sorted,1000,8,two_sorts,5,10100,20016
low8,sorted,1000,8,heap,5,11100,12128
low8,sorted,1000,8,events,5,46600,52032
low8,sorted,1000,8,two_sorts,6,10800,20016
low8,sorted,1000,8,heap,6,11000,12128
low8,sorted,1000,8,events,6,47500,52032
low8,sorted,1000,8,events,7,47500,52032
low8,sorted,1000,8,heap,7,11200,12128
low8,sorted,1000,8,two_sorts,7,10700,20016
low8,sorted,1000,8,events,8,47200,52032
low8,sorted,1000,8,two_sorts,8,10400,20016
low8,sorted,1000,8,heap,8,11100,12128
low8,shuffled,1000,8,events,0,63500,52032
low8,shuffled,1000,8,two_sorts,0,48000,20016
low8,shuffled,1000,8,heap,0,32900,12128
low8,shuffled,1000,8,events,1,63100,52032
low8,shuffled,1000,8,heap,1,30500,12128
low8,shuffled,1000,8,two_sorts,1,48700,20016
low8,shuffled,1000,8,two_sorts,2,42000,20016
low8,shuffled,1000,8,heap,2,28200,12128
low8,shuffled,1000,8,events,2,63000,52032
low8,shuffled,1000,8,events,3,61000,52032
low8,shuffled,1000,8,two_sorts,3,45000,20016
low8,shuffled,1000,8,heap,3,28800,12128
low8,shuffled,1000,8,two_sorts,4,43400,20016
low8,shuffled,1000,8,heap,4,27400,12128
low8,shuffled,1000,8,events,4,62300,52032
low8,shuffled,1000,8,heap,5,30300,12128
low8,shuffled,1000,8,two_sorts,5,44600,20016
low8,shuffled,1000,8,events,5,62600,52032
low8,shuffled,1000,8,two_sorts,6,44300,20016
low8,shuffled,1000,8,events,6,62100,52032
low8,shuffled,1000,8,heap,6,28700,12128
low8,shuffled,1000,8,events,7,61500,52032
low8,shuffled,1000,8,two_sorts,7,44500,20016
low8,shuffled,1000,8,heap,7,28300,12128
low8,shuffled,1000,8,two_sorts,8,42400,20016
low8,shuffled,1000,8,heap,8,26800,12128
low8,shuffled,1000,8,events,8,61300,52032
moderate128,sorted,1000,128,events,0,56600,52512
moderate128,sorted,1000,128,heap,0,20900,14048
moderate128,sorted,1000,128,two_sorts,0,10400,20016
moderate128,sorted,1000,128,heap,1,22900,14048
moderate128,sorted,1000,128,events,1,56100,52512
moderate128,sorted,1000,128,two_sorts,1,10200,20016
moderate128,sorted,1000,128,heap,2,22300,14048
moderate128,sorted,1000,128,events,2,56800,52512
moderate128,sorted,1000,128,two_sorts,2,10700,20016
moderate128,sorted,1000,128,events,3,51700,52512
moderate128,sorted,1000,128,heap,3,20500,14048
moderate128,sorted,1000,128,two_sorts,3,10100,20016
moderate128,sorted,1000,128,heap,4,22200,14048
moderate128,sorted,1000,128,events,4,51500,52512
moderate128,sorted,1000,128,two_sorts,4,10300,20016
moderate128,sorted,1000,128,events,5,51400,52512
moderate128,sorted,1000,128,two_sorts,5,10100,20016
moderate128,sorted,1000,128,heap,5,22100,14048
moderate128,sorted,1000,128,events,6,52800,52512
moderate128,sorted,1000,128,heap,6,20300,14048
moderate128,sorted,1000,128,two_sorts,6,12500,20016
moderate128,sorted,1000,128,two_sorts,7,9900,20016
moderate128,sorted,1000,128,heap,7,20400,14048
moderate128,sorted,1000,128,events,7,47100,52512
moderate128,sorted,1000,128,heap,8,26600,14048
moderate128,sorted,1000,128,events,8,51000,52512
moderate128,sorted,1000,128,two_sorts,8,10100,20016
moderate128,shuffled,1000,128,heap,0,38800,14048
moderate128,shuffled,1000,128,two_sorts,0,47000,20016
moderate128,shuffled,1000,128,events,0,63800,52512
moderate128,shuffled,1000,128,heap,1,38800,14048
moderate128,shuffled,1000,128,events,1,59200,52512
moderate128,shuffled,1000,128,two_sorts,1,53400,20016
moderate128,shuffled,1000,128,heap,2,38400,14048
moderate128,shuffled,1000,128,events,2,58700,52512
moderate128,shuffled,1000,128,two_sorts,2,49300,20016
moderate128,shuffled,1000,128,two_sorts,3,41900,20016
moderate128,shuffled,1000,128,heap,3,40200,14048
moderate128,shuffled,1000,128,events,3,64000,52512
moderate128,shuffled,1000,128,heap,4,37600,14048
moderate128,shuffled,1000,128,events,4,59800,52512
moderate128,shuffled,1000,128,two_sorts,4,48700,20016
moderate128,shuffled,1000,128,two_sorts,5,41200,20016
moderate128,shuffled,1000,128,heap,5,39900,14048
moderate128,shuffled,1000,128,events,5,63700,52512
moderate128,shuffled,1000,128,events,6,57700,52512
moderate128,shuffled,1000,128,heap,6,43300,14048
moderate128,shuffled,1000,128,two_sorts,6,44000,20016
moderate128,shuffled,1000,128,events,7,56600,52512
moderate128,shuffled,1000,128,heap,7,42600,14048
moderate128,shuffled,1000,128,two_sorts,7,43400,20016
moderate128,shuffled,1000,128,heap,8,36200,14048
moderate128,shuffled,1000,128,events,8,58000,52512
moderate128,shuffled,1000,128,two_sorts,8,46900,20016
clique,sorted,1000,1000,events,0,43800,56096
clique,sorted,1000,1000,heap,0,15600,28384
clique,sorted,1000,1000,two_sorts,0,8100,20000
clique,sorted,1000,1000,two_sorts,1,8300,20000
clique,sorted,1000,1000,heap,1,11900,28384
clique,sorted,1000,1000,events,1,43900,56096
clique,sorted,1000,1000,two_sorts,2,12100,20000
clique,sorted,1000,1000,heap,2,9300,28384
clique,sorted,1000,1000,events,2,46200,56096
clique,sorted,1000,1000,two_sorts,3,8400,20000
clique,sorted,1000,1000,heap,3,11900,28384
clique,sorted,1000,1000,events,3,44200,56096
clique,sorted,1000,1000,events,4,48500,56096
clique,sorted,1000,1000,two_sorts,4,12200,20000
clique,sorted,1000,1000,heap,4,9200,28384
clique,sorted,1000,1000,heap,5,5800,28384
clique,sorted,1000,1000,two_sorts,5,7900,20000
clique,sorted,1000,1000,events,5,44100,56096
clique,sorted,1000,1000,heap,6,15200,28384
clique,sorted,1000,1000,events,6,46200,56096
clique,sorted,1000,1000,two_sorts,6,13700,20000
clique,sorted,1000,1000,events,7,49200,56096
clique,sorted,1000,1000,two_sorts,7,8200,20000
clique,sorted,1000,1000,heap,7,11800,28384
clique,sorted,1000,1000,two_sorts,8,8300,20000
clique,sorted,1000,1000,heap,8,8800,28384
clique,sorted,1000,1000,events,8,51400,56096
clique,shuffled,1000,1000,events,0,58800,56096
clique,shuffled,1000,1000,heap,0,34500,28384
clique,shuffled,1000,1000,two_sorts,0,42800,20000
clique,shuffled,1000,1000,events,1,59800,56096
clique,shuffled,1000,1000,two_sorts,1,40600,20000
clique,shuffled,1000,1000,heap,1,29200,28384
clique,shuffled,1000,1000,heap,2,26300,28384
clique,shuffled,1000,1000,events,2,55200,56096
clique,shuffled,1000,1000,two_sorts,2,45000,20000
clique,shuffled,1000,1000,heap,3,24700,28384
clique,shuffled,1000,1000,two_sorts,3,38100,20000
clique,shuffled,1000,1000,events,3,55400,56096
clique,shuffled,1000,1000,two_sorts,4,42300,20000
clique,shuffled,1000,1000,heap,4,25300,28384
clique,shuffled,1000,1000,events,4,57100,56096
clique,shuffled,1000,1000,heap,5,24300,28384
clique,shuffled,1000,1000,events,5,57400,56096
clique,shuffled,1000,1000,two_sorts,5,40000,20000
clique,shuffled,1000,1000,two_sorts,6,37100,20000
clique,shuffled,1000,1000,events,6,59000,56096
clique,shuffled,1000,1000,heap,6,24900,28384
clique,shuffled,1000,1000,two_sorts,7,37400,20000
clique,shuffled,1000,1000,events,7,55100,56096
clique,shuffled,1000,1000,heap,7,31000,28384
clique,shuffled,1000,1000,two_sorts,8,38400,20000
clique,shuffled,1000,1000,heap,8,24000,28384
clique,shuffled,1000,1000,events,8,56500,56096
nested,sorted,1000,1000,two_sorts,0,12600,20000
nested,sorted,1000,1000,heap,0,16400,28384
nested,sorted,1000,1000,events,0,48600,56096
nested,sorted,1000,1000,heap,1,16100,28384
nested,sorted,1000,1000,events,1,47700,56096
nested,sorted,1000,1000,two_sorts,1,9200,20000
nested,sorted,1000,1000,two_sorts,2,10000,20000
nested,sorted,1000,1000,events,2,49800,56096
nested,sorted,1000,1000,heap,2,15900,28384
nested,sorted,1000,1000,events,3,46800,56096
nested,sorted,1000,1000,heap,3,16000,28384
nested,sorted,1000,1000,two_sorts,3,7800,20000
nested,sorted,1000,1000,heap,4,18600,28384
nested,sorted,1000,1000,events,4,45500,56096
nested,sorted,1000,1000,two_sorts,4,12300,20000
nested,sorted,1000,1000,two_sorts,5,8500,20000
nested,sorted,1000,1000,heap,5,18400,28384
nested,sorted,1000,1000,events,5,45100,56096
nested,sorted,1000,1000,heap,6,22100,28384
nested,sorted,1000,1000,two_sorts,6,8300,20000
nested,sorted,1000,1000,events,6,48900,56096
nested,sorted,1000,1000,events,7,50000,56096
nested,sorted,1000,1000,heap,7,16000,28384
nested,sorted,1000,1000,two_sorts,7,8000,20000
nested,sorted,1000,1000,two_sorts,8,8600,20000
nested,sorted,1000,1000,events,8,50200,56096
nested,sorted,1000,1000,heap,8,15700,28384
nested,shuffled,1000,1000,heap,0,34200,28384
nested,shuffled,1000,1000,events,0,55600,56096
nested,shuffled,1000,1000,two_sorts,0,45400,20000
nested,shuffled,1000,1000,events,1,58600,56096
nested,shuffled,1000,1000,heap,1,33400,28384
nested,shuffled,1000,1000,two_sorts,1,46200,20000
nested,shuffled,1000,1000,two_sorts,2,38000,20000
nested,shuffled,1000,1000,events,2,54000,56096
nested,shuffled,1000,1000,heap,2,38900,28384
nested,shuffled,1000,1000,heap,3,33100,28384
nested,shuffled,1000,1000,events,3,53200,56096
nested,shuffled,1000,1000,two_sorts,3,42400,20000
nested,shuffled,1000,1000,events,4,57900,56096
nested,shuffled,1000,1000,heap,4,32000,28384
nested,shuffled,1000,1000,two_sorts,4,39500,20000
nested,shuffled,1000,1000,events,5,58100,56096
nested,shuffled,1000,1000,heap,5,35500,28384
nested,shuffled,1000,1000,two_sorts,5,38900,20000
nested,shuffled,1000,1000,two_sorts,6,34500,20000
nested,shuffled,1000,1000,events,6,58500,56096
nested,shuffled,1000,1000,heap,6,31600,28384
nested,shuffled,1000,1000,events,7,56100,56096
nested,shuffled,1000,1000,two_sorts,7,39000,20000
nested,shuffled,1000,1000,heap,7,31700,28384
nested,shuffled,1000,1000,heap,8,26900,28384
nested,shuffled,1000,1000,events,8,50500,56096
nested,shuffled,1000,1000,two_sorts,8,42900,20000
staircase,sorted,1000,2,heap,0,7900,12064
staircase,sorted,1000,2,events,0,46200,52016
staircase,sorted,1000,2,two_sorts,0,8300,20016
staircase,sorted,1000,2,events,1,44700,52016
staircase,sorted,1000,2,two_sorts,1,10500,20016
staircase,sorted,1000,2,heap,1,7900,12064
staircase,sorted,1000,2,two_sorts,2,10100,20016
staircase,sorted,1000,2,heap,2,8000,12064
staircase,sorted,1000,2,events,2,46200,52016
staircase,sorted,1000,2,heap,3,7900,12064
staircase,sorted,1000,2,two_sorts,3,8000,20016
staircase,sorted,1000,2,events,3,44200,52016
staircase,sorted,1000,2,heap,4,8000,12064
staircase,sorted,1000,2,two_sorts,4,10200,20016
staircase,sorted,1000,2,events,4,41100,52016
staircase,sorted,1000,2,events,5,32300,52016
staircase,sorted,1000,2,heap,5,7900,12064
staircase,sorted,1000,2,two_sorts,5,11500,20016
staircase,sorted,1000,2,heap,6,8000,12064
staircase,sorted,1000,2,events,6,45200,52016
staircase,sorted,1000,2,two_sorts,6,8000,20016
staircase,sorted,1000,2,events,7,44200,52016
staircase,sorted,1000,2,heap,7,8000,12064
staircase,sorted,1000,2,two_sorts,7,10200,20016
staircase,sorted,1000,2,two_sorts,8,10200,20016
staircase,sorted,1000,2,heap,8,7900,12064
staircase,sorted,1000,2,events,8,46400,52016
staircase,shuffled,1000,2,events,0,46200,52016
staircase,shuffled,1000,2,heap,0,25800,12064
staircase,shuffled,1000,2,two_sorts,0,46500,20016
staircase,shuffled,1000,2,heap,1,24300,12064
staircase,shuffled,1000,2,events,1,60400,52016
staircase,shuffled,1000,2,two_sorts,1,42300,20016
staircase,shuffled,1000,2,heap,2,24300,12064
staircase,shuffled,1000,2,events,2,60700,52016
staircase,shuffled,1000,2,two_sorts,2,43600,20016
staircase,shuffled,1000,2,heap,3,24100,12064
staircase,shuffled,1000,2,two_sorts,3,41200,20016
staircase,shuffled,1000,2,events,3,60100,52016
staircase,shuffled,1000,2,events,4,57800,52016
staircase,shuffled,1000,2,heap,4,24100,12064
staircase,shuffled,1000,2,two_sorts,4,40100,20016
staircase,shuffled,1000,2,heap,5,23300,12064
staircase,shuffled,1000,2,events,5,58700,52016
staircase,shuffled,1000,2,two_sorts,5,45100,20016
staircase,shuffled,1000,2,two_sorts,6,40100,20016
staircase,shuffled,1000,2,events,6,59300,52016
staircase,shuffled,1000,2,heap,6,24400,12064
staircase,shuffled,1000,2,heap,7,22100,12064
staircase,shuffled,1000,2,events,7,59000,52016
staircase,shuffled,1000,2,two_sorts,7,40400,20016
staircase,shuffled,1000,2,two_sorts,8,38100,20016
staircase,shuffled,1000,2,heap,8,23400,12064
staircase,shuffled,1000,2,events,8,54400,52016
ties,sorted,1000,56,events,0,72500,52256
ties,sorted,1000,56,heap,0,20100,13024
ties,sorted,1000,56,two_sorts,0,26600,20128
ties,sorted,1000,56,two_sorts,1,25700,20128
ties,sorted,1000,56,events,1,64100,52256
ties,sorted,1000,56,heap,1,23000,13024
ties,sorted,1000,56,two_sorts,2,27900,20128
ties,sorted,1000,56,events,2,64600,52256
ties,sorted,1000,56,heap,2,22800,13024
ties,sorted,1000,56,events,3,67500,52256
ties,sorted,1000,56,two_sorts,3,28500,20128
ties,sorted,1000,56,heap,3,19800,13024
ties,sorted,1000,56,two_sorts,4,27600,20128
ties,sorted,1000,56,heap,4,19700,13024
ties,sorted,1000,56,events,4,67500,52256
ties,sorted,1000,56,two_sorts,5,31800,20128
ties,sorted,1000,56,events,5,64200,52256
ties,sorted,1000,56,heap,5,23000,13024
ties,sorted,1000,56,events,6,67900,52256
ties,sorted,1000,56,heap,6,20100,13024
ties,sorted,1000,56,two_sorts,6,26100,20128
ties,sorted,1000,56,two_sorts,7,25000,20128
ties,sorted,1000,56,events,7,63700,52256
ties,sorted,1000,56,heap,7,23100,13024
ties,sorted,1000,56,heap,8,20000,13024
ties,sorted,1000,56,events,8,94300,52256
ties,sorted,1000,56,two_sorts,8,30200,20128
ties,shuffled,1000,56,two_sorts,0,46900,20128
ties,shuffled,1000,56,events,0,90400,52256
ties,shuffled,1000,56,heap,0,39500,13024
ties,shuffled,1000,56,heap,1,37600,13024
ties,shuffled,1000,56,two_sorts,1,46100,20128
ties,shuffled,1000,56,events,1,89100,52256
ties,shuffled,1000,56,two_sorts,2,47700,20128
ties,shuffled,1000,56,heap,2,42700,13024
ties,shuffled,1000,56,events,2,89800,52256
ties,shuffled,1000,56,events,3,88600,52256
ties,shuffled,1000,56,two_sorts,3,49900,20128
ties,shuffled,1000,56,heap,3,39000,13024
ties,shuffled,1000,56,heap,4,37500,13024
ties,shuffled,1000,56,events,4,88000,52256
ties,shuffled,1000,56,two_sorts,4,48300,20128
ties,shuffled,1000,56,heap,5,38300,13024
ties,shuffled,1000,56,two_sorts,5,45300,20128
ties,shuffled,1000,56,events,5,88400,52256
ties,shuffled,1000,56,two_sorts,6,47800,20128
ties,shuffled,1000,56,heap,6,38600,13024
ties,shuffled,1000,56,events,6,89000,52256
ties,shuffled,1000,56,two_sorts,7,47600,20128
ties,shuffled,1000,56,events,7,87400,52256
ties,shuffled,1000,56,heap,7,38800,13024
ties,shuffled,1000,56,two_sorts,8,48000,20128
ties,shuffled,1000,56,heap,8,38200,13024
ties,shuffled,1000,56,events,8,91000,52256
duplicates,sorted,1000,32,heap,0,15600,12512
duplicates,sorted,1000,32,two_sorts,0,11200,20064
duplicates,sorted,1000,32,events,0,66100,52128
duplicates,sorted,1000,32,events,1,48700,52128
duplicates,sorted,1000,32,two_sorts,1,11700,20064
duplicates,sorted,1000,32,heap,1,16000,12512
duplicates,sorted,1000,32,events,2,62200,52128
duplicates,sorted,1000,32,two_sorts,2,10400,20064
duplicates,sorted,1000,32,heap,2,15900,12512
duplicates,sorted,1000,32,events,3,62000,52128
duplicates,sorted,1000,32,two_sorts,3,10900,20064
duplicates,sorted,1000,32,heap,3,16000,12512
duplicates,sorted,1000,32,heap,4,15800,12512
duplicates,sorted,1000,32,events,4,65100,52128
duplicates,sorted,1000,32,two_sorts,4,10500,20064
duplicates,sorted,1000,32,events,5,69800,52128
duplicates,sorted,1000,32,heap,5,15900,12512
duplicates,sorted,1000,32,two_sorts,5,10500,20064
duplicates,sorted,1000,32,heap,6,15800,12512
duplicates,sorted,1000,32,events,6,60500,52128
duplicates,sorted,1000,32,two_sorts,6,10900,20064
duplicates,sorted,1000,32,two_sorts,7,10200,20064
duplicates,sorted,1000,32,heap,7,15900,12512
duplicates,sorted,1000,32,events,7,63100,52128
duplicates,sorted,1000,32,events,8,76200,52128
duplicates,sorted,1000,32,two_sorts,8,12700,20064
duplicates,sorted,1000,32,heap,8,16100,12512
duplicates,shuffled,1000,32,heap,0,34700,12512
duplicates,shuffled,1000,32,events,0,95800,52128
duplicates,shuffled,1000,32,two_sorts,0,53500,20064
duplicates,shuffled,1000,32,events,1,91800,52128
duplicates,shuffled,1000,32,heap,1,34700,12512
duplicates,shuffled,1000,32,two_sorts,1,44700,20064
duplicates,shuffled,1000,32,two_sorts,2,45900,20064
duplicates,shuffled,1000,32,heap,2,34700,12512
duplicates,shuffled,1000,32,events,2,98200,52128
duplicates,shuffled,1000,32,events,3,99800,52128
duplicates,shuffled,1000,32,two_sorts,3,47700,20064
duplicates,shuffled,1000,32,heap,3,34500,12512
duplicates,shuffled,1000,32,two_sorts,4,45700,20064
duplicates,shuffled,1000,32,heap,4,34200,12512
duplicates,shuffled,1000,32,events,4,95400,52128
duplicates,shuffled,1000,32,heap,5,34000,12512
duplicates,shuffled,1000,32,events,5,95200,52128
duplicates,shuffled,1000,32,two_sorts,5,48600,20064
duplicates,shuffled,1000,32,two_sorts,6,44300,20064
duplicates,shuffled,1000,32,events,6,107600,52128
duplicates,shuffled,1000,32,heap,6,34400,12512
duplicates,shuffled,1000,32,events,7,103400,52128
duplicates,shuffled,1000,32,heap,7,34000,12512
duplicates,shuffled,1000,32,two_sorts,7,44000,20064
duplicates,shuffled,1000,32,events,8,85700,52128
duplicates,shuffled,1000,32,heap,8,34400,12512
duplicates,shuffled,1000,32,two_sorts,8,49400,20064
mixed_empty,sorted,1000,22,two_sorts,0,6300,17344
mixed_empty,sorted,1000,22,events,0,36600,52128
mixed_empty,sorted,1000,22,heap,0,11700,12512
mixed_empty,sorted,1000,22,two_sorts,1,5100,17344
mixed_empty,sorted,1000,22,heap,1,11500,12512
mixed_empty,sorted,1000,22,events,1,29600,52128
mixed_empty,sorted,1000,22,events,2,26900,52128
mixed_empty,sorted,1000,22,two_sorts,2,9100,17344
mixed_empty,sorted,1000,22,heap,2,11900,12512
mixed_empty,sorted,1000,22,events,3,35300,52128
mixed_empty,sorted,1000,22,two_sorts,3,6200,17344
mixed_empty,sorted,1000,22,heap,3,11400,12512
mixed_empty,sorted,1000,22,heap,4,11000,12512
mixed_empty,sorted,1000,22,events,4,36600,52128
mixed_empty,sorted,1000,22,two_sorts,4,7800,17344
mixed_empty,sorted,1000,22,events,5,34000,52128
mixed_empty,sorted,1000,22,heap,5,11400,12512
mixed_empty,sorted,1000,22,two_sorts,5,5100,17344
mixed_empty,sorted,1000,22,heap,6,11500,12512
mixed_empty,sorted,1000,22,two_sorts,6,8500,17344
mixed_empty,sorted,1000,22,events,6,46600,52128
mixed_empty,sorted,1000,22,events,7,42900,52128
mixed_empty,sorted,1000,22,heap,7,11400,12512
mixed_empty,sorted,1000,22,two_sorts,7,8800,17344
mixed_empty,sorted,1000,22,heap,8,11400,12512
mixed_empty,sorted,1000,22,two_sorts,8,5000,17344
mixed_empty,sorted,1000,22,events,8,43100,52128
mixed_empty,shuffled,1000,22,two_sorts,0,30500,17344
mixed_empty,shuffled,1000,22,events,0,50900,52128
mixed_empty,shuffled,1000,22,heap,0,25000,12512
mixed_empty,shuffled,1000,22,heap,1,23100,12512
mixed_empty,shuffled,1000,22,two_sorts,1,28600,17344
mixed_empty,shuffled,1000,22,events,1,41400,52128
mixed_empty,shuffled,1000,22,heap,2,23700,12512
mixed_empty,shuffled,1000,22,events,2,44200,52128
mixed_empty,shuffled,1000,22,two_sorts,2,31700,17344
mixed_empty,shuffled,1000,22,two_sorts,3,25100,17344
mixed_empty,shuffled,1000,22,heap,3,23500,12512
mixed_empty,shuffled,1000,22,events,3,62000,52128
mixed_empty,shuffled,1000,22,heap,4,23900,12512
mixed_empty,shuffled,1000,22,events,4,57200,52128
mixed_empty,shuffled,1000,22,two_sorts,4,31900,17344
mixed_empty,shuffled,1000,22,two_sorts,5,26700,17344
mixed_empty,shuffled,1000,22,events,5,55000,52128
mixed_empty,shuffled,1000,22,heap,5,24000,12512
mixed_empty,shuffled,1000,22,two_sorts,6,27500,17344
mixed_empty,shuffled,1000,22,events,6,82100,52128
mixed_empty,shuffled,1000,22,heap,6,23700,12512
mixed_empty,shuffled,1000,22,heap,7,22200,12512
mixed_empty,shuffled,1000,22,two_sorts,7,26700,17344
mixed_empty,shuffled,1000,22,events,7,39900,52128
mixed_empty,shuffled,1000,22,events,8,37300,52128
mixed_empty,shuffled,1000,22,heap,8,23100,12512
mixed_empty,shuffled,1000,22,two_sorts,8,26900,17344
disjoint,sorted,10000,1,events,0,175100,520016
disjoint,sorted,10000,1,two_sorts,0,124500,200016
disjoint,sorted,10000,1,heap,0,61200,120064
disjoint,sorted,10000,1,two_sorts,1,120400,200016
disjoint,sorted,10000,1,events,1,144900,520016
disjoint,sorted,10000,1,heap,1,67900,120064
disjoint,sorted,10000,1,heap,2,56100,120064
disjoint,sorted,10000,1,two_sorts,2,119300,200016
disjoint,sorted,10000,1,events,2,149500,520016
disjoint,sorted,10000,1,heap,3,97100,120064
disjoint,sorted,10000,1,events,3,147900,520016
disjoint,sorted,10000,1,two_sorts,3,123300,200016
disjoint,sorted,10000,1,heap,4,67300,120064
disjoint,sorted,10000,1,two_sorts,4,121000,200016
disjoint,sorted,10000,1,events,4,145800,520016
disjoint,sorted,10000,1,events,5,146300,520016
disjoint,sorted,10000,1,heap,5,66900,120064
disjoint,sorted,10000,1,two_sorts,5,126100,200016
disjoint,sorted,10000,1,events,6,148800,520016
disjoint,sorted,10000,1,heap,6,67800,120064
disjoint,sorted,10000,1,two_sorts,6,121700,200016
disjoint,sorted,10000,1,two_sorts,7,118600,200016
disjoint,sorted,10000,1,events,7,148200,520016
disjoint,sorted,10000,1,heap,7,65900,120064
disjoint,sorted,10000,1,two_sorts,8,119100,200016
disjoint,sorted,10000,1,heap,8,66700,120064
disjoint,sorted,10000,1,events,8,147400,520016
disjoint,shuffled,10000,1,two_sorts,0,635500,200016
disjoint,shuffled,10000,1,events,0,685300,520016
disjoint,shuffled,10000,1,heap,0,322300,120064
disjoint,shuffled,10000,1,two_sorts,1,632400,200016
disjoint,shuffled,10000,1,events,1,681400,520016
disjoint,shuffled,10000,1,heap,1,315700,120064
disjoint,shuffled,10000,1,two_sorts,2,624000,200016
disjoint,shuffled,10000,1,events,2,678300,520016
disjoint,shuffled,10000,1,heap,2,317000,120064
disjoint,shuffled,10000,1,events,3,724200,520016
disjoint,shuffled,10000,1,two_sorts,3,640800,200016
disjoint,shuffled,10000,1,heap,3,316500,120064
disjoint,shuffled,10000,1,two_sorts,4,626500,200016
disjoint,shuffled,10000,1,events,4,681100,520016
disjoint,shuffled,10000,1,heap,4,334300,120064
disjoint,shuffled,10000,1,heap,5,328100,120064
disjoint,shuffled,10000,1,events,5,678700,520016
disjoint,shuffled,10000,1,two_sorts,5,646600,200016
disjoint,shuffled,10000,1,heap,6,323100,120064
disjoint,shuffled,10000,1,events,6,680500,520016
disjoint,shuffled,10000,1,two_sorts,6,631100,200016
disjoint,shuffled,10000,1,two_sorts,7,625600,200016
disjoint,shuffled,10000,1,heap,7,318900,120064
disjoint,shuffled,10000,1,events,7,676600,520016
disjoint,shuffled,10000,1,two_sorts,8,626600,200016
disjoint,shuffled,10000,1,heap,8,356100,120064
disjoint,shuffled,10000,1,events,8,685000,520016
low8,sorted,10000,8,heap,0,137400,120128
low8,sorted,10000,8,two_sorts,0,127900,200016
low8,sorted,10000,8,events,0,533300,520032
low8,sorted,10000,8,heap,1,127100,120128
low8,sorted,10000,8,events,1,520100,520032
low8,sorted,10000,8,two_sorts,1,118900,200016
low8,sorted,10000,8,two_sorts,2,116100,200016
low8,sorted,10000,8,heap,2,135000,120128
low8,sorted,10000,8,events,2,518600,520032
low8,sorted,10000,8,events,3,520300,520032
low8,sorted,10000,8,heap,3,131900,120128
low8,sorted,10000,8,two_sorts,3,117300,200016
low8,sorted,10000,8,two_sorts,4,115300,200016
low8,sorted,10000,8,events,4,531100,520032
low8,sorted,10000,8,heap,4,134500,120128
low8,sorted,10000,8,heap,5,127400,120128
low8,sorted,10000,8,events,5,525400,520032
low8,sorted,10000,8,two_sorts,5,117500,200016
low8,sorted,10000,8,two_sorts,6,115300,200016
low8,sorted,10000,8,events,6,526600,520032
low8,sorted,10000,8,heap,6,136500,120128
low8,sorted,10000,8,events,7,523500,520032
low8,sorted,10000,8,two_sorts,7,114300,200016
low8,sorted,10000,8,heap,7,133900,120128
low8,sorted,10000,8,events,8,517700,520032
low8,sorted,10000,8,heap,8,127300,120128
low8,sorted,10000,8,two_sorts,8,112300,200016
low8,shuffled,10000,8,heap,0,388500,120128
low8,shuffled,10000,8,events,0,679700,520032
low8,shuffled,10000,8,two_sorts,0,652700,200016
low8,shuffled,10000,8,events,1,679600,520032
low8,shuffled,10000,8,two_sorts,1,664100,200016
low8,shuffled,10000,8,heap,1,390200,120128
low8,shuffled,10000,8,events,2,674900,520032
low8,shuffled,10000,8,heap,2,389400,120128
low8,shuffled,10000,8,two_sorts,2,631100,200016
low8,shuffled,10000,8,heap,3,390900,120128
low8,shuffled,10000,8,events,3,674400,520032
low8,shuffled,10000,8,two_sorts,3,631100,200016
low8,shuffled,10000,8,events,4,672500,520032
low8,shuffled,10000,8,heap,4,393700,120128
low8,shuffled,10000,8,two_sorts,4,615700,200016
low8,shuffled,10000,8,two_sorts,5,619600,200016
low8,shuffled,10000,8,heap,5,377400,120128
low8,shuffled,10000,8,events,5,696500,520032
low8,shuffled,10000,8,heap,6,392300,120128
low8,shuffled,10000,8,two_sorts,6,630900,200016
low8,shuffled,10000,8,events,6,668300,520032
low8,shuffled,10000,8,heap,7,388300,120128
low8,shuffled,10000,8,events,7,676400,520032
low8,shuffled,10000,8,two_sorts,7,653100,200016
low8,shuffled,10000,8,two_sorts,8,628600,200016
low8,shuffled,10000,8,events,8,661700,520032
low8,shuffled,10000,8,heap,8,398700,120128
moderate128,sorted,10000,128,events,0,589200,520512
moderate128,sorted,10000,128,two_sorts,0,119500,200016
moderate128,sorted,10000,128,heap,0,289400,122048
moderate128,sorted,10000,128,two_sorts,1,115000,200016
moderate128,sorted,10000,128,events,1,595600,520512
moderate128,sorted,10000,128,heap,1,295000,122048
moderate128,sorted,10000,128,heap,2,300300,122048
moderate128,sorted,10000,128,two_sorts,2,116100,200016
moderate128,sorted,10000,128,events,2,593500,520512
moderate128,sorted,10000,128,two_sorts,3,117200,200016
moderate128,sorted,10000,128,heap,3,297500,122048
moderate128,sorted,10000,128,events,3,601400,520512
moderate128,sorted,10000,128,events,4,590300,520512
moderate128,sorted,10000,128,heap,4,306800,122048
moderate128,sorted,10000,128,two_sorts,4,121200,200016
moderate128,sorted,10000,128,two_sorts,5,107800,200016
moderate128,sorted,10000,128,heap,5,305500,122048
moderate128,sorted,10000,128,events,5,595300,520512
moderate128,sorted,10000,128,two_sorts,6,116100,200016
moderate128,sorted,10000,128,heap,6,328200,122048
moderate128,sorted,10000,128,events,6,605800,520512
moderate128,sorted,10000,128,two_sorts,7,115300,200016
moderate128,sorted,10000,128,events,7,597600,520512
moderate128,sorted,10000,128,heap,7,304000,122048
moderate128,sorted,10000,128,two_sorts,8,113400,200016
moderate128,sorted,10000,128,events,8,582100,520512
moderate128,sorted,10000,128,heap,8,297300,122048
moderate128,shuffled,10000,128,two_sorts,0,607200,200016
moderate128,shuffled,10000,128,events,0,667700,520512
moderate128,shuffled,10000,128,heap,0,551600,122048
moderate128,shuffled,10000,128,heap,1,549000,122048
moderate128,shuffled,10000,128,two_sorts,1,637000,200016
moderate128,shuffled,10000,128,events,1,666200,520512
moderate128,shuffled,10000,128,heap,2,553200,122048
moderate128,shuffled,10000,128,events,2,671000,520512
moderate128,shuffled,10000,128,two_sorts,2,640600,200016
moderate128,shuffled,10000,128,events,3,675100,520512
moderate128,shuffled,10000,128,two_sorts,3,634800,200016
moderate128,shuffled,10000,128,heap,3,564200,122048
moderate128,shuffled,10000,128,events,4,669200,520512
moderate128,shuffled,10000,128,heap,4,562400,122048
moderate128,shuffled,10000,128,two_sorts,4,639000,200016
moderate128,shuffled,10000,128,two_sorts,5,634000,200016
moderate128,shuffled,10000,128,heap,5,562000,122048
moderate128,shuffled,10000,128,events,5,680700,520512
moderate128,shuffled,10000,128,two_sorts,6,620600,200016
moderate128,shuffled,10000,128,events,6,711200,520512
moderate128,shuffled,10000,128,heap,6,562200,122048
moderate128,shuffled,10000,128,heap,7,555500,122048
moderate128,shuffled,10000,128,two_sorts,7,632000,200016
moderate128,shuffled,10000,128,events,7,825500,520512
moderate128,shuffled,10000,128,events,8,675900,520512
moderate128,shuffled,10000,128,heap,8,564400,122048
moderate128,shuffled,10000,128,two_sorts,8,622500,200016
clique,sorted,10000,10000,two_sorts,0,104100,200000
clique,sorted,10000,10000,heap,0,165300,382144
clique,sorted,10000,10000,events,0,550800,585536
clique,sorted,10000,10000,events,1,561400,585536
clique,sorted,10000,10000,heap,1,149600,382144
clique,sorted,10000,10000,two_sorts,1,98300,200000
clique,sorted,10000,10000,two_sorts,2,84700,200000
clique,sorted,10000,10000,events,2,548100,585536
clique,sorted,10000,10000,heap,2,148700,382144
clique,sorted,10000,10000,two_sorts,3,96200,200000
clique,sorted,10000,10000,heap,3,149400,382144
clique,sorted,10000,10000,events,3,545100,585536
clique,sorted,10000,10000,two_sorts,4,98500,200000
clique,sorted,10000,10000,events,4,549400,585536
clique,sorted,10000,10000,heap,4,160300,382144
clique,sorted,10000,10000,two_sorts,5,107200,200000
clique,sorted,10000,10000,events,5,577400,585536
clique,sorted,10000,10000,heap,5,167200,382144
clique,sorted,10000,10000,two_sorts,6,138900,200000
clique,sorted,10000,10000,heap,6,159100,382144
clique,sorted,10000,10000,events,6,562400,585536
clique,sorted,10000,10000,two_sorts,7,88500,200000
clique,sorted,10000,10000,heap,7,144800,382144
clique,sorted,10000,10000,events,7,552200,585536
clique,sorted,10000,10000,events,8,555100,585536
clique,sorted,10000,10000,heap,8,146900,382144
clique,sorted,10000,10000,two_sorts,8,82700,200000
clique,shuffled,10000,10000,two_sorts,0,620800,200000
clique,shuffled,10000,10000,events,0,640100,585536
clique,shuffled,10000,10000,heap,0,415500,382144
clique,shuffled,10000,10000,heap,1,418300,382144
clique,shuffled,10000,10000,two_sorts,1,612600,200000
clique,shuffled,10000,10000,events,1,634800,585536
clique,shuffled,10000,10000,events,2,628100,585536
clique,shuffled,10000,10000,heap,2,409500,382144
clique,shuffled,10000,10000,two_sorts,2,598000,200000
clique,shuffled,10000,10000,events,3,626900,585536
clique,shuffled,10000,10000,heap,3,405400,382144
clique,shuffled,10000,10000,two_sorts,3,594200,200000
clique,shuffled,10000,10000,two_sorts,4,597500,200000
clique,shuffled,10000,10000,heap,4,409100,382144
clique,shuffled,10000,10000,events,4,629400,585536
clique,shuffled,10000,10000,heap,5,413200,382144
clique,shuffled,10000,10000,events,5,628700,585536
clique,shuffled,10000,10000,two_sorts,5,619200,200000
clique,shuffled,10000,10000,events,6,631800,585536
clique,shuffled,10000,10000,two_sorts,6,599500,200000
clique,shuffled,10000,10000,heap,6,409600,382144
clique,shuffled,10000,10000,two_sorts,7,601100,200000
clique,shuffled,10000,10000,events,7,628400,585536
clique,shuffled,10000,10000,heap,7,412200,382144
clique,shuffled,10000,10000,heap,8,416000,382144
clique,shuffled,10000,10000,two_sorts,8,611900,200000
clique,shuffled,10000,10000,events,8,631400,585536
nested,sorted,10000,10000,two_sorts,0,97200,200000
nested,sorted,10000,10000,heap,0,247300,382144
nested,sorted,10000,10000,events,0,561800,585536
nested,sorted,10000,10000,events,1,588000,585536
nested,sorted,10000,10000,two_sorts,1,143100,200000
nested,sorted,10000,10000,heap,1,256900,382144
nested,sorted,10000,10000,heap,2,250600,382144
nested,sorted,10000,10000,events,2,555800,585536
nested,sorted,10000,10000,two_sorts,2,95200,200000
nested,sorted,10000,10000,events,3,544600,585536
nested,sorted,10000,10000,heap,3,244800,382144
nested,sorted,10000,10000,two_sorts,3,94000,200000
nested,sorted,10000,10000,heap,4,240700,382144
nested,sorted,10000,10000,two_sorts,4,94000,200000
nested,sorted,10000,10000,events,4,547700,585536
nested,sorted,10000,10000,heap,5,244900,382144
nested,sorted,10000,10000,events,5,545600,585536
nested,sorted,10000,10000,two_sorts,5,82900,200000
nested,sorted,10000,10000,two_sorts,6,96000,200000
nested,sorted,10000,10000,heap,6,242700,382144
nested,sorted,10000,10000,events,6,544100,585536
nested,sorted,10000,10000,events,7,548900,585536
nested,sorted,10000,10000,heap,7,251700,382144
nested,sorted,10000,10000,two_sorts,7,107900,200000
nested,sorted,10000,10000,events,8,564900,585536
nested,sorted,10000,10000,heap,8,270100,382144
nested,sorted,10000,10000,two_sorts,8,100000,200000
nested,shuffled,10000,10000,two_sorts,0,592400,200000
nested,shuffled,10000,10000,heap,0,511000,382144
nested,shuffled,10000,10000,events,0,625100,585536
nested,shuffled,10000,10000,heap,1,527000,382144
nested,shuffled,10000,10000,two_sorts,1,581300,200000
nested,shuffled,10000,10000,events,1,627900,585536
nested,shuffled,10000,10000,events,2,623200,585536
nested,shuffled,10000,10000,two_sorts,2,577400,200000
nested,shuffled,10000,10000,heap,2,497500,382144
nested,shuffled,10000,10000,two_sorts,3,635900,200000
nested,shuffled,10000,10000,events,3,627100,585536
nested,shuffled,10000,10000,heap,3,524700,382144
nested,shuffled,10000,10000,two_sorts,4,591800,200000
nested,shuffled,10000,10000,heap,4,508800,382144
nested,shuffled,10000,10000,events,4,624100,585536
nested,shuffled,10000,10000,events,5,626700,585536
nested,shuffled,10000,10000,heap,5,506800,382144
nested,shuffled,10000,10000,two_sorts,5,593300,200000
nested,shuffled,10000,10000,two_sorts,6,579500,200000
nested,shuffled,10000,10000,heap,6,503800,382144
nested,shuffled,10000,10000,events,6,624700,585536
nested,shuffled,10000,10000,events,7,653400,585536
nested,shuffled,10000,10000,heap,7,518600,382144
nested,shuffled,10000,10000,two_sorts,7,609200,200000
nested,shuffled,10000,10000,events,8,652400,585536
nested,shuffled,10000,10000,heap,8,520000,382144
nested,shuffled,10000,10000,two_sorts,8,592600,200000
staircase,sorted,10000,2,two_sorts,0,100800,200016
staircase,sorted,10000,2,heap,0,102600,120064
staircase,sorted,10000,2,events,0,508800,520016
staircase,sorted,10000,2,events,1,574000,520016
staircase,sorted,10000,2,heap,1,97200,120064
staircase,sorted,10000,2,two_sorts,1,111700,200016
staircase,sorted,10000,2,two_sorts,2,96900,200016
staircase,sorted,10000,2,heap,2,96000,120064
staircase,sorted,10000,2,events,2,495000,520016
staircase,sorted,10000,2,heap,3,160000,120064
staircase,sorted,10000,2,two_sorts,3,98600,200016
staircase,sorted,10000,2,events,3,509600,520016
staircase,sorted,10000,2,heap,4,126700,120064
staircase,sorted,10000,2,events,4,501000,520016
staircase,sorted,10000,2,two_sorts,4,100800,200016
staircase,sorted,10000,2,two_sorts,5,112600,200016
staircase,sorted,10000,2,events,5,496400,520016
staircase,sorted,10000,2,heap,5,98500,120064
staircase,sorted,10000,2,two_sorts,6,120400,200016
staircase,sorted,10000,2,heap,6,96400,120064
staircase,sorted,10000,2,events,6,511900,520016
staircase,sorted,10000,2,heap,7,97000,120064
staircase,sorted,10000,2,events,7,499100,520016
staircase,sorted,10000,2,two_sorts,7,140700,200016
staircase,sorted,10000,2,two_sorts,8,107000,200016
staircase,sorted,10000,2,events,8,512200,520016
staircase,sorted,10000,2,heap,8,124500,120064
staircase,shuffled,10000,2,heap,0,356700,120064
staircase,shuffled,10000,2,events,0,687300,520016
staircase,shuffled,10000,2,two_sorts,0,634200,200016
staircase,shuffled,10000,2,events,1,661800,520016
staircase,shuffled,10000,2,heap,1,360300,120064
staircase,shuffled,10000,2,two_sorts,1,614900,200016
staircase,shuffled,10000,2,events,2,699900,520016
staircase,shuffled,10000,2,heap,2,343700,120064
staircase,shuffled,10000,2,two_sorts,2,613200,200016
staircase,shuffled,10000,2,events,3,677600,520016
staircase,shuffled,10000,2,two_sorts,3,607000,200016
staircase,shuffled,10000,2,heap,3,358400,120064
staircase,shuffled,10000,2,events,4,657900,520016
staircase,shuffled,10000,2,heap,4,342900,120064
staircase,shuffled,10000,2,two_sorts,4,608700,200016
staircase,shuffled,10000,2,heap,5,344000,120064
staircase,shuffled,10000,2,events,5,673800,520016
staircase,shuffled,10000,2,two_sorts,5,617100,200016
staircase,shuffled,10000,2,events,6,670300,520016
staircase,shuffled,10000,2,heap,6,382600,120064
staircase,shuffled,10000,2,two_sorts,6,605200,200016
staircase,shuffled,10000,2,events,7,708000,520016
staircase,shuffled,10000,2,heap,7,377500,120064
staircase,shuffled,10000,2,two_sorts,7,615000,200016
staircase,shuffled,10000,2,events,8,676300,520016
staircase,shuffled,10000,2,heap,8,363500,120064
staircase,shuffled,10000,2,two_sorts,8,612700,200016
ties,sorted,10000,56,events,0,739600,520256
ties,sorted,10000,56,two_sorts,0,323300,200128
ties,sorted,10000,56,heap,0,222400,121024
ties,sorted,10000,56,two_sorts,1,324100,200128
ties,sorted,10000,56,events,1,749400,520256
ties,sorted,10000,56,heap,1,240500,121024
ties,sorted,10000,56,two_sorts,2,319400,200128
ties,sorted,10000,56,events,2,756400,520256
ties,sorted,10000,56,heap,2,219500,121024
ties,sorted,10000,56,two_sorts,3,334800,200128
ties,sorted,10000,56,heap,3,213100,121024
ties,sorted,10000,56,events,3,758300,520256
ties,sorted,10000,56,heap,4,217700,121024
ties,sorted,10000,56,events,4,741200,520256
ties,sorted,10000,56,two_sorts,4,344800,200128
ties,sorted,10000,56,heap,5,217500,121024
ties,sorted,10000,56,events,5,742000,520256
ties,sorted,10000,56,two_sorts,5,320500,200128
ties,sorted,10000,56,heap,6,234100,121024
ties,sorted,10000,56,two_sorts,6,337200,200128
ties,sorted,10000,56,events,6,821500,520256
ties,sorted,10000,56,events,7,778700,520256
ties,sorted,10000,56,heap,7,225900,121024
ties,sorted,10000,56,two_sorts,7,341600,200128
ties,sorted,10000,56,two_sorts,8,335500,200128
ties,sorted,10000,56,heap,8,244000,121024
ties,sorted,10000,56,events,8,791400,520256
ties,shuffled,10000,56,heap,0,502800,121024
ties,shuffled,10000,56,two_sorts,0,625300,200128
ties,shuffled,10000,56,events,0,1009100,520256
ties,shuffled,10000,56,events,1,972200,520256
ties,shuffled,10000,56,heap,1,519500,121024
ties,shuffled,10000,56,two_sorts,1,637600,200128
ties,shuffled,10000,56,two_sorts,2,632200,200128
ties,shuffled,10000,56,events,2,985200,520256
ties,shuffled,10000,56,heap,2,488300,121024
ties,shuffled,10000,56,heap,3,501200,121024
ties,shuffled,10000,56,events,3,976300,520256
ties,shuffled,10000,56,two_sorts,3,656700,200128
ties,shuffled,10000,56,heap,4,502200,121024
ties,shuffled,10000,56,events,4,998700,520256
ties,shuffled,10000,56,two_sorts,4,695300,200128
ties,shuffled,10000,56,two_sorts,5,637300,200128
ties,shuffled,10000,56,heap,5,491500,121024
ties,shuffled,10000,56,events,5,982600,520256
ties,shuffled,10000,56,heap,6,490900,121024
ties,shuffled,10000,56,two_sorts,6,637400,200128
ties,shuffled,10000,56,events,6,976100,520256
ties,shuffled,10000,56,heap,7,484100,121024
ties,shuffled,10000,56,two_sorts,7,639000,200128
ties,shuffled,10000,56,events,7,978700,520256
ties,shuffled,10000,56,heap,8,488800,121024
ties,shuffled,10000,56,two_sorts,8,644700,200128
ties,shuffled,10000,56,events,8,965900,520256
duplicates,sorted,10000,32,events,0,725700,520128
duplicates,sorted,10000,32,two_sorts,0,108300,200064
duplicates,sorted,10000,32,heap,0,191800,120512
duplicates,sorted,10000,32,events,1,717700,520128
duplicates,sorted,10000,32,two_sorts,1,110500,200064
duplicates,sorted,10000,32,heap,1,187800,120512
duplicates,sorted,10000,32,heap,2,176900,120512
duplicates,sorted,10000,32,two_sorts,2,119800,200064
duplicates,sorted,10000,32,events,2,706400,520128
duplicates,sorted,10000,32,two_sorts,3,153300,200064
duplicates,sorted,10000,32,heap,3,266200,120512
duplicates,sorted,10000,32,events,3,795600,520128
duplicates,sorted,10000,32,heap,4,186300,120512
duplicates,sorted,10000,32,two_sorts,4,106300,200064
duplicates,sorted,10000,32,events,4,752000,520128
duplicates,sorted,10000,32,heap,5,185200,120512
duplicates,sorted,10000,32,events,5,716100,520128
duplicates,sorted,10000,32,two_sorts,5,104500,200064
duplicates,sorted,10000,32,events,6,706700,520128
duplicates,sorted,10000,32,heap,6,206000,120512
duplicates,sorted,10000,32,two_sorts,6,107800,200064
duplicates,sorted,10000,32,events,7,709200,520128
duplicates,sorted,10000,32,heap,7,213000,120512
duplicates,sorted,10000,32,two_sorts,7,150900,200064
duplicates,sorted,10000,32,two_sorts,8,114000,200064
duplicates,sorted,10000,32,heap,8,182600,120512
duplicates,sorted,10000,32,events,8,713100,520128
duplicates,shuffled,10000,32,two_sorts,0,628000,200064
duplicates,shuffled,10000,32,events,0,1059400,520128
duplicates,shuffled,10000,32,heap,0,455100,120512
duplicates,shuffled,10000,32,two_sorts,1,636900,200064
duplicates,shuffled,10000,32,heap,1,455300,120512
duplicates,shuffled,10000,32,events,1,1080200,520128
duplicates,shuffled,10000,32,two_sorts,2,627500,200064
duplicates,shuffled,10000,32,events,2,1056800,520128
duplicates,shuffled,10000,32,heap,2,478300,120512
duplicates,shuffled,10000,32,events,3,1051100,520128
duplicates,shuffled,10000,32,heap,3,459500,120512
duplicates,shuffled,10000,32,two_sorts,3,621800,200064
duplicates,shuffled,10000,32,heap,4,451700,120512
duplicates,shuffled,10000,32,two_sorts,4,624900,200064
duplicates,shuffled,10000,32,events,4,1064600,520128
duplicates,shuffled,10000,32,two_sorts,5,646200,200064
duplicates,shuffled,10000,32,events,5,1088700,520128
duplicates,shuffled,10000,32,heap,5,519300,120512
duplicates,shuffled,10000,32,events,6,1075900,520128
duplicates,shuffled,10000,32,heap,6,477100,120512
duplicates,shuffled,10000,32,two_sorts,6,632000,200064
duplicates,shuffled,10000,32,heap,7,437200,120512
duplicates,shuffled,10000,32,events,7,1050500,520128
duplicates,shuffled,10000,32,two_sorts,7,633000,200064
duplicates,shuffled,10000,32,heap,8,458100,120512
duplicates,shuffled,10000,32,events,8,1063300,520128
duplicates,shuffled,10000,32,two_sorts,8,663700,200064
mixed_empty,sorted,10000,22,heap,0,134200,120512
mixed_empty,sorted,10000,22,events,0,492000,520128
mixed_empty,sorted,10000,22,two_sorts,0,117600,173344
mixed_empty,sorted,10000,22,heap,1,137100,120512
mixed_empty,sorted,10000,22,two_sorts,1,103200,173344
mixed_empty,sorted,10000,22,events,1,484800,520128
mixed_empty,sorted,10000,22,heap,2,130300,120512
mixed_empty,sorted,10000,22,two_sorts,2,83000,173344
mixed_empty,sorted,10000,22,events,2,477400,520128
mixed_empty,sorted,10000,22,events,3,476900,520128
mixed_empty,sorted,10000,22,two_sorts,3,74400,173344
mixed_empty,sorted,10000,22,heap,3,141000,120512
mixed_empty,sorted,10000,22,heap,4,133700,120512
mixed_empty,sorted,10000,22,events,4,479500,520128
mixed_empty,sorted,10000,22,two_sorts,4,83700,173344
mixed_empty,sorted,10000,22,two_sorts,5,75200,173344
mixed_empty,sorted,10000,22,heap,5,148500,120512
mixed_empty,sorted,10000,22,events,5,494800,520128
mixed_empty,sorted,10000,22,two_sorts,6,78000,173344
mixed_empty,sorted,10000,22,heap,6,143400,120512
mixed_empty,sorted,10000,22,events,6,491800,520128
mixed_empty,sorted,10000,22,events,7,506800,520128
mixed_empty,sorted,10000,22,two_sorts,7,86600,173344
mixed_empty,sorted,10000,22,heap,7,151500,120512
mixed_empty,sorted,10000,22,heap,8,145700,120512
mixed_empty,sorted,10000,22,two_sorts,8,93900,173344
mixed_empty,sorted,10000,22,events,8,495800,520128
mixed_empty,shuffled,10000,22,two_sorts,0,428900,173344
mixed_empty,shuffled,10000,22,events,0,579200,520128
mixed_empty,shuffled,10000,22,heap,0,329200,120512
mixed_empty,shuffled,10000,22,two_sorts,1,433800,173344
mixed_empty,shuffled,10000,22,events,1,631300,520128
mixed_empty,shuffled,10000,22,heap,1,334700,120512
mixed_empty,shuffled,10000,22,two_sorts,2,436800,173344
mixed_empty,shuffled,10000,22,heap,2,326600,120512
mixed_empty,shuffled,10000,22,events,2,581300,520128
mixed_empty,shuffled,10000,22,heap,3,347300,120512
mixed_empty,shuffled,10000,22,two_sorts,3,437500,173344
mixed_empty,shuffled,10000,22,events,3,583200,520128
mixed_empty,shuffled,10000,22,two_sorts,4,471900,173344
mixed_empty,shuffled,10000,22,heap,4,326300,120512
mixed_empty,shuffled,10000,22,events,4,584600,520128
mixed_empty,shuffled,10000,22,events,5,566900,520128
mixed_empty,shuffled,10000,22,two_sorts,5,438100,173344
mixed_empty,shuffled,10000,22,heap,5,339400,120512
mixed_empty,shuffled,10000,22,two_sorts,6,436300,173344
mixed_empty,shuffled,10000,22,heap,6,328100,120512
mixed_empty,shuffled,10000,22,events,6,580500,520128
mixed_empty,shuffled,10000,22,two_sorts,7,462300,173344
mixed_empty,shuffled,10000,22,heap,7,325700,120512
mixed_empty,shuffled,10000,22,events,7,587600,520128
mixed_empty,shuffled,10000,22,events,8,570700,520128
mixed_empty,shuffled,10000,22,heap,8,328400,120512
mixed_empty,shuffled,10000,22,two_sorts,8,457300,173344
disjoint,sorted,100000,1,two_sorts,0,1009000,2000016
disjoint,sorted,100000,1,events,0,1534900,5200016
disjoint,sorted,100000,1,heap,0,501000,1200064
disjoint,sorted,100000,1,heap,1,484300,1200064
disjoint,sorted,100000,1,two_sorts,1,1103300,2000016
disjoint,sorted,100000,1,events,1,1696100,5200016
disjoint,sorted,100000,1,heap,2,464000,1200064
disjoint,sorted,100000,1,events,2,1558100,5200016
disjoint,sorted,100000,1,two_sorts,2,976300,2000016
disjoint,sorted,100000,1,two_sorts,3,940300,2000016
disjoint,sorted,100000,1,heap,3,551300,1200064
disjoint,sorted,100000,1,events,3,1543100,5200016
disjoint,sorted,100000,1,two_sorts,4,971600,2000016
disjoint,sorted,100000,1,heap,4,370100,1200064
disjoint,sorted,100000,1,events,4,1752600,5200016
disjoint,sorted,100000,1,two_sorts,5,990800,2000016
disjoint,sorted,100000,1,heap,5,650600,1200064
disjoint,sorted,100000,1,events,5,1462200,5200016
disjoint,sorted,100000,1,heap,6,583600,1200064
disjoint,sorted,100000,1,two_sorts,6,1097200,2000016
disjoint,sorted,100000,1,events,6,1431600,5200016
disjoint,sorted,100000,1,events,7,1481500,5200016
disjoint,sorted,100000,1,two_sorts,7,979800,2000016
disjoint,sorted,100000,1,heap,7,502000,1200064
disjoint,sorted,100000,1,events,8,1464800,5200016
disjoint,sorted,100000,1,two_sorts,8,986600,2000016
disjoint,sorted,100000,1,heap,8,502300,1200064
disjoint,shuffled,100000,1,heap,0,3687700,1200064
disjoint,shuffled,100000,1,events,0,7781200,5200016
disjoint,shuffled,100000,1,two_sorts,0,7632000,2000016
disjoint,shuffled,100000,1,two_sorts,1,7422800,2000016
disjoint,shuffled,100000,1,heap,1,3934100,1200064
disjoint,shuffled,100000,1,events,1,7922600,5200016
disjoint,shuffled,100000,1,events,2,7938400,5200016
disjoint,shuffled,100000,1,heap,2,3957300,1200064
disjoint,shuffled,100000,1,two_sorts,2,7446800,2000016
disjoint,shuffled,100000,1,two_sorts,3,7436600,2000016
disjoint,shuffled,100000,1,events,3,8146400,5200016
disjoint,shuffled,100000,1,heap,3,3741100,1200064
disjoint,shuffled,100000,1,heap,4,3538200,1200064
disjoint,shuffled,100000,1,two_sorts,4,7259700,2000016
disjoint,shuffled,100000,1,events,4,7733900,5200016
disjoint,shuffled,100000,1,events,5,7663700,5200016
disjoint,shuffled,100000,1,two_sorts,5,7179500,2000016
disjoint,shuffled,100000,1,heap,5,3674900,1200064
disjoint,shuffled,100000,1,two_sorts,6,7247100,2000016
disjoint,shuffled,100000,1,heap,6,3975200,1200064
disjoint,shuffled,100000,1,events,6,7644200,5200016
disjoint,shuffled,100000,1,two_sorts,7,7253900,2000016
disjoint,shuffled,100000,1,events,7,7934000,5200016
disjoint,shuffled,100000,1,heap,7,3654500,1200064
disjoint,shuffled,100000,1,heap,8,3666700,1200064
disjoint,shuffled,100000,1,events,8,7880300,5200016
disjoint,shuffled,100000,1,two_sorts,8,7133800,2000016
low8,sorted,100000,8,events,0,6237600,5200032
low8,sorted,100000,8,two_sorts,0,873700,2000016
low8,sorted,100000,8,heap,0,1211600,1200128
low8,sorted,100000,8,heap,1,1292300,1200128
low8,sorted,100000,8,two_sorts,1,846000,2000016
low8,sorted,100000,8,events,1,6363400,5200032
low8,sorted,100000,8,events,2,6376400,5200032
low8,sorted,100000,8,heap,2,1190100,1200128
low8,sorted,100000,8,two_sorts,2,982000,2000016
low8,sorted,100000,8,events,3,6425700,5200032
low8,sorted,100000,8,two_sorts,3,1000100,2000016
low8,sorted,100000,8,heap,3,1182600,1200128
low8,sorted,100000,8,events,4,6345900,5200032
low8,sorted,100000,8,heap,4,1290800,1200128
low8,sorted,100000,8,two_sorts,4,1036400,2000016
low8,sorted,100000,8,heap,5,1036500,1200128
low8,sorted,100000,8,two_sorts,5,1067400,2000016
low8,sorted,100000,8,events,5,6193400,5200032
low8,sorted,100000,8,events,6,6418700,5200032
low8,sorted,100000,8,heap,6,1140700,1200128
low8,sorted,100000,8,two_sorts,6,1077700,2000016
low8,sorted,100000,8,events,7,6512800,5200032
low8,sorted,100000,8,two_sorts,7,950600,2000016
low8,sorted,100000,8,heap,7,1277100,1200128
low8,sorted,100000,8,two_sorts,8,972900,2000016
low8,sorted,100000,8,events,8,6086200,5200032
low8,sorted,100000,8,heap,8,1139300,1200128
low8,shuffled,100000,8,heap,0,4506900,1200128
low8,shuffled,100000,8,events,0,7743600,5200032
low8,shuffled,100000,8,two_sorts,0,7299700,2000016
low8,shuffled,100000,8,two_sorts,1,7236900,2000016
low8,shuffled,100000,8,heap,1,4505300,1200128
low8,shuffled,100000,8,events,1,7894600,5200032
low8,shuffled,100000,8,heap,2,4586100,1200128
low8,shuffled,100000,8,two_sorts,2,7399400,2000016
low8,shuffled,100000,8,events,2,7791000,5200032
low8,shuffled,100000,8,heap,3,4541700,1200128
low8,shuffled,100000,8,two_sorts,3,7502700,2000016
low8,shuffled,100000,8,events,3,7618700,5200032
low8,shuffled,100000,8,two_sorts,4,7138400,2000016
low8,shuffled,100000,8,heap,4,4545200,1200128
low8,shuffled,100000,8,events,4,7724800,5200032
low8,shuffled,100000,8,heap,5,4441300,1200128
low8,shuffled,100000,8,two_sorts,5,7235900,2000016
low8,shuffled,100000,8,events,5,7734100,5200032
low8,shuffled,100000,8,events,6,7658800,5200032
low8,shuffled,100000,8,two_sorts,6,7236400,2000016
low8,shuffled,100000,8,heap,6,4675000,1200128
low8,shuffled,100000,8,heap,7,4524400,1200128
low8,shuffled,100000,8,two_sorts,7,7162200,2000016
low8,shuffled,100000,8,events,7,7682200,5200032
low8,shuffled,100000,8,events,8,7871100,5200032
low8,shuffled,100000,8,heap,8,4505600,1200128
low8,shuffled,100000,8,two_sorts,8,7531600,2000016
moderate128,sorted,100000,128,events,0,7159400,5200512
moderate128,sorted,100000,128,heap,0,2357900,1202048
moderate128,sorted,100000,128,two_sorts,0,1065900,2000016
moderate128,sorted,100000,128,heap,1,2301100,1202048
moderate128,sorted,100000,128,events,1,7203600,5200512
moderate128,sorted,100000,128,two_sorts,1,944700,2000016
moderate128,sorted,100000,128,two_sorts,2,983400,2000016
moderate128,sorted,100000,128,events,2,6940700,5200512
moderate128,sorted,100000,128,heap,2,2277500,1202048
moderate128,sorted,100000,128,two_sorts,3,993800,2000016
moderate128,sorted,100000,128,heap,3,2369900,1202048
moderate128,sorted,100000,128,events,3,7000800,5200512
moderate128,sorted,100000,128,heap,4,2226700,1202048
moderate128,sorted,100000,128,two_sorts,4,969300,2000016
moderate128,sorted,100000,128,events,4,6798500,5200512
moderate128,sorted,100000,128,events,5,6797000,5200512
moderate128,sorted,100000,128,heap,5,2255200,1202048
moderate128,sorted,100000,128,two_sorts,5,999100,2000016
moderate128,sorted,100000,128,events,6,6868700,5200512
moderate128,sorted,100000,128,heap,6,2263800,1202048
moderate128,sorted,100000,128,two_sorts,6,974900,2000016
moderate128,sorted,100000,128,two_sorts,7,997600,2000016
moderate128,sorted,100000,128,events,7,6912600,5200512
moderate128,sorted,100000,128,heap,7,2296900,1202048
moderate128,sorted,100000,128,two_sorts,8,982500,2000016
moderate128,sorted,100000,128,events,8,6762300,5200512
moderate128,sorted,100000,128,heap,8,2174700,1202048
moderate128,shuffled,100000,128,two_sorts,0,7176200,2000016
moderate128,shuffled,100000,128,heap,0,5668200,1202048
moderate128,shuffled,100000,128,events,0,7740000,5200512
moderate128,shuffled,100000,128,events,1,7922200,5200512
moderate128,shuffled,100000,128,heap,1,5746700,1202048
moderate128,shuffled,100000,128,two_sorts,1,7409000,2000016
moderate128,shuffled,100000,128,heap,2,5860800,1202048
moderate128,shuffled,100000,128,two_sorts,2,7573600,2000016
moderate128,shuffled,100000,128,events,2,7660600,5200512
moderate128,shuffled,100000,128,heap,3,5740700,1202048
moderate128,shuffled,100000,128,two_sorts,3,7799200,2000016
moderate128,shuffled,100000,128,events,3,7882700,5200512
moderate128,shuffled,100000,128,two_sorts,4,7499500,2000016
moderate128,shuffled,100000,128,events,4,7551700,5200512
moderate128,shuffled,100000,128,heap,4,5700800,1202048
moderate128,shuffled,100000,128,two_sorts,5,7345700,2000016
moderate128,shuffled,100000,128,heap,5,5809400,1202048
moderate128,shuffled,100000,128,events,5,7639500,5200512
moderate128,shuffled,100000,128,events,6,7595700,5200512
moderate128,shuffled,100000,128,two_sorts,6,7455200,2000016
moderate128,shuffled,100000,128,heap,6,5884000,1202048
moderate128,shuffled,100000,128,heap,7,5675800,1202048
moderate128,shuffled,100000,128,two_sorts,7,7502100,2000016
moderate128,shuffled,100000,128,events,7,7660600,5200512
moderate128,shuffled,100000,128,two_sorts,8,7445400,2000016
moderate128,shuffled,100000,128,events,8,7790900,5200512
moderate128,shuffled,100000,128,heap,8,5609300,1202048
clique,sorted,100000,100000,two_sorts,0,807800,2000000
clique,sorted,100000,100000,events,0,6651800,5724288
clique,sorted,100000,100000,heap,0,1208200,3297152
clique,sorted,100000,100000,heap,1,1267600,3297152
clique,sorted,100000,100000,events,1,6704800,5724288
clique,sorted,100000,100000,two_sorts,1,862800,2000000
clique,sorted,100000,100000,events,2,6563700,5724288
clique,sorted,100000,100000,heap,2,1249300,3297152
clique,sorted,100000,100000,two_sorts,2,804800,2000000
clique,sorted,100000,100000,heap,3,1286500,3297152
clique,sorted,100000,100000,events,3,6624800,5724288
clique,sorted,100000,100000,two_sorts,3,795900,2000000
clique,sorted,100000,100000,heap,4,1224700,3297152
clique,sorted,100000,100000,two_sorts,4,920300,2000000
clique,sorted,100000,100000,events,4,6671800,5724288
clique,sorted,100000,100000,events,5,6542200,5724288
clique,sorted,100000,100000,heap,5,1305400,3297152
clique,sorted,100000,100000,two_sorts,5,827300,2000000
clique,sorted,100000,100000,two_sorts,6,815500,2000000
clique,sorted,100000,100000,events,6,6873000,5724288
clique,sorted,100000,100000,heap,6,1220500,3297152
clique,sorted,100000,100000,heap,7,1180400,3297152
clique,sorted,100000,100000,events,7,6928200,5724288
clique,sorted,100000,100000,two_sorts,7,815000,2000000
clique,sorted,100000,100000,events,8,6741800,5724288
clique,sorted,100000,100000,two_sorts,8,861500,2000000
clique,sorted,100000,100000,heap,8,1283900,3297152
clique,shuffled,100000,100000,events,0,7505000,5724288
clique,shuffled,100000,100000,two_sorts,0,7321400,2000000
clique,shuffled,100000,100000,heap,0,4666600,3297152
clique,shuffled,100000,100000,events,1,7683600,5724288
clique,shuffled,100000,100000,two_sorts,1,7179300,2000000
clique,shuffled,100000,100000,heap,1,4616900,3297152
clique,shuffled,100000,100000,heap,2,4691300,3297152
clique,shuffled,100000,100000,two_sorts,2,7052700,2000000
clique,shuffled,100000,100000,events,2,7605100,5724288
clique,shuffled,100000,100000,events,3,7670700,5724288
clique,shuffled,100000,100000,two_sorts,3,7214900,2000000
clique,shuffled,100000,100000,heap,3,4671800,3297152
clique,shuffled,100000,100000,events,4,7696400,5724288
clique,shuffled,100000,100000,two_sorts,4,7174200,2000000
clique,shuffled,100000,100000,heap,4,4598600,3297152
clique,shuffled,100000,100000,two_sorts,5,7045800,2000000
clique,shuffled,100000,100000,heap,5,4550200,3297152
clique,shuffled,100000,100000,events,5,7714700,5724288
clique,shuffled,100000,100000,events,6,7624300,5724288
clique,shuffled,100000,100000,two_sorts,6,7268400,2000000
clique,shuffled,100000,100000,heap,6,4766600,3297152
clique,shuffled,100000,100000,events,7,7648000,5724288
clique,shuffled,100000,100000,two_sorts,7,7131600,2000000
clique,shuffled,100000,100000,heap,7,4459400,3297152
clique,shuffled,100000,100000,heap,8,4627100,3297152
clique,shuffled,100000,100000,two_sorts,8,6985100,2000000
clique,shuffled,100000,100000,events,8,7962700,5724288
nested,sorted,100000,100000,events,0,6438900,5724288
nested,sorted,100000,100000,heap,0,2404500,3297152
nested,sorted,100000,100000,two_sorts,0,848000,2000000
nested,sorted,100000,100000,events,1,6426000,5724288
nested,sorted,100000,100000,two_sorts,1,812100,2000000
nested,sorted,100000,100000,heap,1,2457400,3297152
nested,sorted,100000,100000,heap,2,2561600,3297152
nested,sorted,100000,100000,events,2,6347800,5724288
nested,sorted,100000,100000,two_sorts,2,820200,2000000
nested,sorted,100000,100000,heap,3,2557200,3297152
nested,sorted,100000,100000,events,3,6343400,5724288
nested,sorted,100000,100000,two_sorts,3,758500,2000000
nested,sorted,100000,100000,heap,4,2444800,3297152
nested,sorted,100000,100000,events,4,6400800,5724288
nested,sorted,100000,100000,two_sorts,4,747100,2000000
nested,sorted,100000,100000,two_sorts,5,826200,2000000
nested,sorted,100000,100000,heap,5,2407300,3297152
nested,sorted,100000,100000,events,5,6624700,5724288
nested,sorted,100000,100000,two_sorts,6,785500,2000000
nested,sorted,100000,100000,events,6,6514800,5724288
nested,sorted,100000,100000,heap,6,2463300,3297152
nested,sorted,100000,100000,two_sorts,7,863900,2000000
nested,sorted,100000,100000,events,7,6408800,5724288
nested,sorted,100000,100000,heap,7,2629400,3297152
nested,sorted,100000,100000,events,8,6516200,5724288
nested,sorted,100000,100000,two_sorts,8,843200,2000000
nested,sorted,100000,100000,heap,8,2487700,3297152
nested,shuffled,100000,100000,two_sorts,0,7288400,2000000
nested,shuffled,100000,100000,events,0,7320100,5724288
nested,shuffled,100000,100000,heap,0,6861700,3297152
nested,shuffled,100000,100000,heap,1,6809200,3297152
nested,shuffled,100000,100000,two_sorts,1,7097300,2000000
nested,shuffled,100000,100000,events,1,7258300,5724288
nested,shuffled,100000,100000,heap,2,6804700,3297152
nested,shuffled,100000,100000,events,2,7325400,5724288
nested,shuffled,100000,100000,two_sorts,2,6939900,2000000
nested,shuffled,100000,100000,events,3,7233500,5724288
nested,shuffled,100000,100000,two_sorts,3,7068500,2000000
nested,shuffled,100000,100000,heap,3,6801900,3297152
nested,shuffled,100000,100000,heap,4,6503600,3297152
nested,shuffled,100000,100000,two_sorts,4,7124900,2000000
nested,shuffled,100000,100000,events,4,7168200,5724288
nested,shuffled,100000,100000,heap,5,6853300,3297152
nested,shuffled,100000,100000,two_sorts,5,7048600,2000000
nested,shuffled,100000,100000,events,5,7413900,5724288
nested,shuffled,100000,100000,events,6,7324800,5724288
nested,shuffled,100000,100000,two_sorts,6,7168300,2000000
nested,shuffled,100000,100000,heap,6,7169300,3297152
nested,shuffled,100000,100000,heap,7,6643000,3297152
nested,shuffled,100000,100000,two_sorts,7,7204900,2000000
nested,shuffled,100000,100000,events,7,7531200,5724288
nested,shuffled,100000,100000,two_sorts,8,7322500,2000000
nested,shuffled,100000,100000,heap,8,7096500,3297152
nested,shuffled,100000,100000,events,8,7510500,5724288
staircase,sorted,100000,2,two_sorts,0,1009500,2000016
staircase,sorted,100000,2,events,0,5975300,5200016
staircase,sorted,100000,2,heap,0,1024300,1200064
staircase,sorted,100000,2,two_sorts,1,979300,2000016
staircase,sorted,100000,2,events,1,6240500,5200016
staircase,sorted,100000,2,heap,1,915800,1200064
staircase,sorted,100000,2,heap,2,754700,1200064
staircase,sorted,100000,2,events,2,6155300,5200016
staircase,sorted,100000,2,two_sorts,2,957300,2000016
staircase,sorted,100000,2,heap,3,1024100,1200064
staircase,sorted,100000,2,two_sorts,3,963900,2000016
staircase,sorted,100000,2,events,3,6041200,5200016
staircase,sorted,100000,2,two_sorts,4,1007400,2000016
staircase,sorted,100000,2,events,4,6011900,5200016
staircase,sorted,100000,2,heap,4,853600,1200064
staircase,sorted,100000,2,events,5,5969300,5200016
staircase,sorted,100000,2,two_sorts,5,918500,2000016
staircase,sorted,100000,2,heap,5,868000,1200064
staircase,sorted,100000,2,heap,6,995200,1200064
staircase,sorted,100000,2,events,6,5961400,5200016
staircase,sorted,100000,2,two_sorts,6,833800,2000016
staircase,sorted,100000,2,two_sorts,7,927800,2000016
staircase,sorted,100000,2,heap,7,844500,1200064
staircase,sorted,100000,2,events,7,6074400,5200016
staircase,sorted,100000,2,events,8,5883200,5200016
staircase,sorted,100000,2,heap,8,995400,1200064
staircase,sorted,100000,2,two_sorts,8,982700,2000016
staircase,shuffled,100000,2,two_sorts,0,7363400,2000016
staircase,shuffled,100000,2,events,0,7768000,5200016
staircase,shuffled,100000,2,heap,0,4019700,1200064
staircase,shuffled,100000,2,events,1,7735300,5200016
staircase,shuffled,100000,2,two_sorts,1,7458300,2000016
staircase,shuffled,100000,2,heap,1,4120500,1200064
staircase,shuffled,100000,2,heap,2,4208800,1200064
staircase,shuffled,100000,2,two_sorts,2,7205900,2000016
staircase,shuffled,100000,2,events,2,7858800,5200016
staircase,shuffled,100000,2,heap,3,4119600,1200064
staircase,shuffled,100000,2,events,3,7944600,5200016
staircase,shuffled,100000,2,two_sorts,3,7305900,2000016
staircase,shuffled,100000,2,heap,4,4114900,1200064
staircase,shuffled,100000,2,two_sorts,4,7496500,2000016
staircase,shuffled,100000,2,events,4,7887300,5200016
staircase,shuffled,100000,2,two_sorts,5,7296500,2000016
staircase,shuffled,100000,2,events,5,7920500,5200016
staircase,shuffled,100000,2,heap,5,4006400,1200064
staircase,shuffled,100000,2,events,6,8039400,5200016
staircase,shuffled,100000,2,two_sorts,6,7337100,2000016
staircase,shuffled,100000,2,heap,6,4165100,1200064
staircase,shuffled,100000,2,two_sorts,7,7411300,2000016
staircase,shuffled,100000,2,heap,7,4165400,1200064
staircase,shuffled,100000,2,events,7,7958100,5200016
staircase,shuffled,100000,2,two_sorts,8,7370100,2000016
staircase,shuffled,100000,2,events,8,7886900,5200016
staircase,shuffled,100000,2,heap,8,4147000,1200064
ties,sorted,100000,56,two_sorts,0,3456000,2000128
ties,sorted,100000,56,events,0,8378700,5200256
ties,sorted,100000,56,heap,0,2103600,1201024
ties,sorted,100000,56,two_sorts,1,3386500,2000128
ties,sorted,100000,56,events,1,8267600,5200256
ties,sorted,100000,56,heap,1,2076000,1201024
ties,sorted,100000,56,heap,2,1936800,1201024
ties,sorted,100000,56,events,2,8236800,5200256
ties,sorted,100000,56,two_sorts,2,3425200,2000128
ties,sorted,100000,56,heap,3,2188000,1201024
ties,sorted,100000,56,events,3,8254900,5200256
ties,sorted,100000,56,two_sorts,3,3525400,2000128
ties,sorted,100000,56,heap,4,2146400,1201024
ties,sorted,100000,56,events,4,8588900,5200256
ties,sorted,100000,56,two_sorts,4,3455500,2000128
ties,sorted,100000,56,heap,5,2118600,1201024
ties,sorted,100000,56,events,5,8499100,5200256
ties,sorted,100000,56,two_sorts,5,3652300,2000128
ties,sorted,100000,56,heap,6,2233600,1201024
ties,sorted,100000,56,two_sorts,6,3558600,2000128
ties,sorted,100000,56,events,6,8385700,5200256
ties,sorted,100000,56,heap,7,2078000,1201024
ties,sorted,100000,56,two_sorts,7,3445000,2000128
ties,sorted,100000,56,events,7,8282300,5200256
ties,sorted,100000,56,two_sorts,8,3515000,2000128
ties,sorted,100000,56,events,8,8297800,5200256
ties,sorted,100000,56,heap,8,2196900,1201024
ties,shuffled,100000,56,heap,0,5664200,1201024
ties,shuffled,100000,56,events,0,10376700,5200256
ties,shuffled,100000,56,two_sorts,0,7397600,2000128
ties,shuffled,100000,56,events,1,10383500,5200256
ties,shuffled,100000,56,two_sorts,1,7283900,2000128
ties,shuffled,100000,56,heap,1,5641100,1201024
ties,shuffled,100000,56,events,2,10399200,5200256
ties,shuffled,100000,56,two_sorts,2,7374400,2000128
ties,shuffled,100000,56,heap,2,5562100,1201024
ties,shuffled,100000,56,two_sorts,3,7227900,2000128
ties,shuffled,100000,56,events,3,10353500,5200256
ties,shuffled,100000,56,heap,3,5476500,1201024
ties,shuffled,100000,56,heap,4,5377300,1201024
ties,shuffled,100000,56,two_sorts,4,7352000,2000128
ties,shuffled,100000,56,events,4,10614600,5200256
ties,shuffled,100000,56,heap,5,5597600,1201024
ties,shuffled,100000,56,events,5,10592200,5200256
ties,shuffled,100000,56,two_sorts,5,7465400,2000128
ties,shuffled,100000,56,events,6,10477300,5200256
ties,shuffled,100000,56,two_sorts,6,7504200,2000128
ties,shuffled,100000,56,heap,6,5511800,1201024
ties,shuffled,100000,56,two_sorts,7,7414200,2000128
ties,shuffled,100000,56,heap,7,5798400,1201024
ties,shuffled,100000,56,events,7,10505600,5200256
ties,shuffled,100000,56,events,8,10363400,5200256
ties,shuffled,100000,56,heap,8,5537000,1201024
ties,shuffled,100000,56,two_sorts,8,7342300,2000128
duplicates,sorted,100000,32,events,0,7845200,5200128
duplicates,sorted,100000,32,two_sorts,0,923300,2000064
duplicates,sorted,100000,32,heap,0,1728700,1200512
duplicates,sorted,100000,32,two_sorts,1,904800,2000064
duplicates,sorted,100000,32,heap,1,1719100,1200512
duplicates,sorted,100000,32,events,1,8240900,5200128
duplicates,sorted,100000,32,two_sorts,2,1028800,2000064
duplicates,sorted,100000,32,heap,2,1662200,1200512
duplicates,sorted,100000,32,events,2,8082500,5200128
duplicates,sorted,100000,32,heap,3,1686300,1200512
duplicates,sorted,100000,32,two_sorts,3,855800,2000064
duplicates,sorted,100000,32,events,3,8215600,5200128
duplicates,sorted,100000,32,two_sorts,4,952100,2000064
duplicates,sorted,100000,32,events,4,8006800,5200128
duplicates,sorted,100000,32,heap,4,1641300,1200512
duplicates,sorted,100000,32,heap,5,1584800,1200512
duplicates,sorted,100000,32,events,5,8085700,5200128
duplicates,sorted,100000,32,two_sorts,5,956600,2000064
duplicates,sorted,100000,32,heap,6,1726000,1200512
duplicates,sorted,100000,32,events,6,8331000,5200128
duplicates,sorted,100000,32,two_sorts,6,851400,2000064
duplicates,sorted,100000,32,heap,7,1788300,1200512
duplicates,sorted,100000,32,two_sorts,7,806200,2000064
duplicates,sorted,100000,32,events,7,8048000,5200128
duplicates,sorted,100000,32,two_sorts,8,916700,2000064
duplicates,sorted,100000,32,events,8,8099600,5200128
duplicates,sorted,100000,32,heap,8,1673600,1200512
duplicates,shuffled,100000,32,events,0,11323400,5200128
duplicates,shuffled,100000,32,two_sorts,0,7376500,2000064
duplicates,shuffled,100000,32,heap,0,5075800,1200512
duplicates,shuffled,100000,32,events,1,11393400,5200128
duplicates,shuffled,100000,32,heap,1,4928000,1200512
duplicates,shuffled,100000,32,two_sorts,1,7352500,2000064
duplicates,shuffled,100000,32,heap,2,4994800,1200512
duplicates,shuffled,100000,32,events,2,11226500,5200128
duplicates,shuffled,100000,32,two_sorts,2,7293100,2000064
duplicates,shuffled,100000,32,two_sorts,3,7395300,2000064
duplicates,shuffled,100000,32,heap,3,4922200,1200512
duplicates,shuffled,100000,32,events,3,11242900,5200128
duplicates,shuffled,100000,32,heap,4,4981600,1200512
duplicates,shuffled,100000,32,events,4,11346900,5200128
duplicates,shuffled,100000,32,two_sorts,4,7193700,2000064
duplicates,shuffled,100000,32,heap,5,5026300,1200512
duplicates,shuffled,100000,32,two_sorts,5,7417400,2000064
duplicates,shuffled,100000,32,events,5,11226600,5200128
duplicates,shuffled,100000,32,events,6,11222300,5200128
duplicates,shuffled,100000,32,two_sorts,6,7332100,2000064
duplicates,shuffled,100000,32,heap,6,5148600,1200512
duplicates,shuffled,100000,32,two_sorts,7,7375500,2000064
duplicates,shuffled,100000,32,heap,7,4971600,1200512
duplicates,shuffled,100000,32,events,7,11372900,5200128
duplicates,shuffled,100000,32,events,8,11547600,5200128
duplicates,shuffled,100000,32,two_sorts,8,7436600,2000064
duplicates,shuffled,100000,32,heap,8,5093400,1200512
mixed_empty,sorted,100000,22,two_sorts,0,466400,1733344
mixed_empty,sorted,100000,22,heap,0,1071600,1200512
mixed_empty,sorted,100000,22,events,0,5436100,5200128
mixed_empty,sorted,100000,22,events,1,5218200,5200128
mixed_empty,sorted,100000,22,heap,1,1165800,1200512
mixed_empty,sorted,100000,22,two_sorts,1,612200,1733344
mixed_empty,sorted,100000,22,heap,2,1082800,1200512
mixed_empty,sorted,100000,22,two_sorts,2,637500,1733344
mixed_empty,sorted,100000,22,events,2,5300400,5200128
mixed_empty,sorted,100000,22,heap,3,1105100,1200512
mixed_empty,sorted,100000,22,events,3,5371400,5200128
mixed_empty,sorted,100000,22,two_sorts,3,622700,1733344
mixed_empty,sorted,100000,22,two_sorts,4,650300,1733344
mixed_empty,sorted,100000,22,heap,4,1097200,1200512
mixed_empty,sorted,100000,22,events,4,5397700,5200128
mixed_empty,sorted,100000,22,two_sorts,5,493500,1733344
mixed_empty,sorted,100000,22,events,5,5450000,5200128
mixed_empty,sorted,100000,22,heap,5,1150400,1200512
mixed_empty,sorted,100000,22,events,6,5358900,5200128
mixed_empty,sorted,100000,22,two_sorts,6,495800,1733344
mixed_empty,sorted,100000,22,heap,6,1199100,1200512
mixed_empty,sorted,100000,22,events,7,5480700,5200128
mixed_empty,sorted,100000,22,two_sorts,7,548100,1733344
mixed_empty,sorted,100000,22,heap,7,1147100,1200512
mixed_empty,sorted,100000,22,events,8,5704800,5200128
mixed_empty,sorted,100000,22,two_sorts,8,504400,1733344
mixed_empty,sorted,100000,22,heap,8,1233900,1200512
mixed_empty,shuffled,100000,22,events,0,6254900,5200128
mixed_empty,shuffled,100000,22,heap,0,3581900,1200512
mixed_empty,shuffled,100000,22,two_sorts,0,4936500,1733344
mixed_empty,shuffled,100000,22,events,1,6367700,5200128
mixed_empty,shuffled,100000,22,heap,1,3415800,1200512
mixed_empty,shuffled,100000,22,two_sorts,1,4898800,1733344
mixed_empty,shuffled,100000,22,two_sorts,2,4887600,1733344
mixed_empty,shuffled,100000,22,heap,2,3594500,1200512
mixed_empty,shuffled,100000,22,events,2,6309800,5200128
mixed_empty,shuffled,100000,22,two_sorts,3,4848700,1733344
mixed_empty,shuffled,100000,22,heap,3,3466100,1200512
mixed_empty,shuffled,100000,22,events,3,6227100,5200128
mixed_empty,shuffled,100000,22,events,4,6393800,5200128
mixed_empty,shuffled,100000,22,heap,4,3539300,1200512
mixed_empty,shuffled,100000,22,two_sorts,4,4999100,1733344
mixed_empty,shuffled,100000,22,two_sorts,5,4929300,1733344
mixed_empty,shuffled,100000,22,heap,5,3666100,1200512
mixed_empty,shuffled,100000,22,events,5,6348200,5200128
mixed_empty,shuffled,100000,22,two_sorts,6,5073000,1733344
mixed_empty,shuffled,100000,22,events,6,6401500,5200128
mixed_empty,shuffled,100000,22,heap,6,3538700,1200512
mixed_empty,shuffled,100000,22,events,7,6482900,5200128
mixed_empty,shuffled,100000,22,heap,7,3599700,1200512
mixed_empty,shuffled,100000,22,two_sorts,7,4983900,1733344
mixed_empty,shuffled,100000,22,heap,8,3575700,1200512
mixed_empty,shuffled,100000,22,events,8,6424300,5200128
mixed_empty,shuffled,100000,22,two_sorts,8,5113200,1733344
disjoint,sorted,1000000,1,events,0,18660600,52000016
disjoint,sorted,1000000,1,heap,0,5646800,12000064
disjoint,sorted,1000000,1,two_sorts,0,10395700,20000016
disjoint,sorted,1000000,1,events,1,18288500,52000016
disjoint,sorted,1000000,1,heap,1,5822800,12000064
disjoint,sorted,1000000,1,two_sorts,1,10153500,20000016
disjoint,sorted,1000000,1,heap,2,5781900,12000064
disjoint,sorted,1000000,1,events,2,18734500,52000016
disjoint,sorted,1000000,1,two_sorts,2,10521900,20000016
disjoint,sorted,1000000,1,two_sorts,3,9885000,20000016
disjoint,sorted,1000000,1,events,3,18795600,52000016
disjoint,sorted,1000000,1,heap,3,5762300,12000064
disjoint,sorted,1000000,1,two_sorts,4,10370100,20000016
disjoint,sorted,1000000,1,heap,4,5831300,12000064
disjoint,sorted,1000000,1,events,4,18856000,52000016
disjoint,sorted,1000000,1,events,5,18557700,52000016
disjoint,sorted,1000000,1,two_sorts,5,10283800,20000016
disjoint,sorted,1000000,1,heap,5,5985800,12000064
disjoint,sorted,1000000,1,two_sorts,6,10032300,20000016
disjoint,sorted,1000000,1,heap,6,5738300,12000064
disjoint,sorted,1000000,1,events,6,18688000,52000016
disjoint,sorted,1000000,1,two_sorts,7,10909100,20000016
disjoint,sorted,1000000,1,events,7,18635600,52000016
disjoint,sorted,1000000,1,heap,7,5835600,12000064
disjoint,sorted,1000000,1,events,8,18475000,52000016
disjoint,sorted,1000000,1,heap,8,5718700,12000064
disjoint,sorted,1000000,1,two_sorts,8,10177800,20000016
disjoint,shuffled,1000000,1,two_sorts,0,147337000,20000016
disjoint,shuffled,1000000,1,events,0,101401500,52000016
disjoint,shuffled,1000000,1,heap,0,79728900,12000064
disjoint,shuffled,1000000,1,events,1,101994300,52000016
disjoint,shuffled,1000000,1,heap,1,79016800,12000064
disjoint,shuffled,1000000,1,two_sorts,1,136782300,20000016
disjoint,shuffled,1000000,1,events,2,101687300,52000016
disjoint,shuffled,1000000,1,heap,2,80653200,12000064
disjoint,shuffled,1000000,1,two_sorts,2,142031000,20000016
disjoint,shuffled,1000000,1,events,3,99343600,52000016
disjoint,shuffled,1000000,1,two_sorts,3,140248500,20000016
disjoint,shuffled,1000000,1,heap,3,81390800,12000064
disjoint,shuffled,1000000,1,heap,4,79259600,12000064
disjoint,shuffled,1000000,1,events,4,102080800,52000016
disjoint,shuffled,1000000,1,two_sorts,4,137070200,20000016
disjoint,shuffled,1000000,1,two_sorts,5,138499500,20000016
disjoint,shuffled,1000000,1,heap,5,81186100,12000064
disjoint,shuffled,1000000,1,events,5,99954100,52000016
disjoint,shuffled,1000000,1,events,6,101835700,52000016
disjoint,shuffled,1000000,1,heap,6,79272900,12000064
disjoint,shuffled,1000000,1,two_sorts,6,136528600,20000016
disjoint,shuffled,1000000,1,heap,7,84301700,12000064
disjoint,shuffled,1000000,1,two_sorts,7,136633100,20000016
disjoint,shuffled,1000000,1,events,7,100582900,52000016
disjoint,shuffled,1000000,1,heap,8,78332900,12000064
disjoint,shuffled,1000000,1,two_sorts,8,137038700,20000016
disjoint,shuffled,1000000,1,events,8,100416000,52000016
low8,sorted,1000000,8,events,0,80941800,52000032
low8,sorted,1000000,8,two_sorts,0,10287800,20000016
low8,sorted,1000000,8,heap,0,12842600,12000128
low8,sorted,1000000,8,events,1,80763500,52000032
low8,sorted,1000000,8,two_sorts,1,10462600,20000016
low8,sorted,1000000,8,heap,1,12967100,12000128
low8,sorted,1000000,8,events,2,81024800,52000032
low8,sorted,1000000,8,heap,2,12628700,12000128
low8,sorted,1000000,8,two_sorts,2,10071800,20000016
low8,sorted,1000000,8,two_sorts,3,10556600,20000016
low8,sorted,1000000,8,heap,3,12460200,12000128
low8,sorted,1000000,8,events,3,79738600,52000032
low8,sorted,1000000,8,events,4,79860700,52000032
low8,sorted,1000000,8,heap,4,12600000,12000128
low8,sorted,1000000,8,two_sorts,4,9963100,20000016
low8,sorted,1000000,8,events,5,80288000,52000032
low8,sorted,1000000,8,two_sorts,5,9997100,20000016
low8,sorted,1000000,8,heap,5,12549700,12000128
low8,sorted,1000000,8,two_sorts,6,10382700,20000016
low8,sorted,1000000,8,events,6,84239700,52000032
low8,sorted,1000000,8,heap,6,12864500,12000128
low8,sorted,1000000,8,heap,7,12477800,12000128
low8,sorted,1000000,8,events,7,80820200,52000032
low8,sorted,1000000,8,two_sorts,7,10266600,20000016
low8,sorted,1000000,8,events,8,80221200,52000032
low8,sorted,1000000,8,heap,8,12527700,12000128
low8,sorted,1000000,8,two_sorts,8,9997700,20000016
low8,shuffled,1000000,8,events,0,99359400,52000032
low8,shuffled,1000000,8,heap,0,116730200,12000128
low8,shuffled,1000000,8,two_sorts,0,142291400,20000016
low8,shuffled,1000000,8,events,1,100381000,52000032
low8,shuffled,1000000,8,two_sorts,1,149800000,20000016
low8,shuffled,1000000,8,heap,1,118924400,12000128
low8,shuffled,1000000,8,two_sorts,2,146229300,20000016
low8,shuffled,1000000,8,heap,2,116084700,12000128
low8,shuffled,1000000,8,events,2,99303900,52000032
low8,shuffled,1000000,8,events,3,100173800,52000032
low8,shuffled,1000000,8,two_sorts,3,140114900,20000016
low8,shuffled,1000000,8,heap,3,116071000,12000128
low8,shuffled,1000000,8,heap,4,115629400,12000128
low8,shuffled,1000000,8,events,4,99555300,52000032
low8,shuffled,1000000,8,two_sorts,4,144639400,20000016
low8,shuffled,1000000,8,two_sorts,5,140776500,20000016
low8,shuffled,1000000,8,events,5,99303300,52000032
low8,shuffled,1000000,8,heap,5,117073200,12000128
low8,shuffled,1000000,8,heap,6,117992700,12000128
low8,shuffled,1000000,8,events,6,105217200,52000032
low8,shuffled,1000000,8,two_sorts,6,139496100,20000016
low8,shuffled,1000000,8,heap,7,118625100,12000128
low8,shuffled,1000000,8,events,7,99953600,52000032
low8,shuffled,1000000,8,two_sorts,7,150656000,20000016
low8,shuffled,1000000,8,events,8,100352900,52000032
low8,shuffled,1000000,8,two_sorts,8,140145900,20000016
low8,shuffled,1000000,8,heap,8,116074100,12000128
moderate128,sorted,1000000,128,heap,0,23518100,12002048
moderate128,sorted,1000000,128,events,0,87903600,52000512
moderate128,sorted,1000000,128,two_sorts,0,10200600,20000016
moderate128,sorted,1000000,128,events,1,87665500,52000512
moderate128,sorted,1000000,128,two_sorts,1,10185500,20000016
moderate128,sorted,1000000,128,heap,1,23789700,12002048
moderate128,sorted,1000000,128,heap,2,23499200,12002048
moderate128,sorted,1000000,128,events,2,87765400,52000512
moderate128,sorted,1000000,128,two_sorts,2,10676700,20000016
moderate128,sorted,1000000,128,two_sorts,3,10030600,20000016
moderate128,sorted,1000000,128,heap,3,23740000,12002048
moderate128,sorted,1000000,128,events,3,88832200,52000512
moderate128,sorted,1000000,128,heap,4,23448500,12002048
moderate128,sorted,1000000,128,events,4,89033400,52000512
moderate128,sorted,1000000,128,two_sorts,4,10180300,20000016
moderate128,sorted,1000000,128,two_sorts,5,10386400,20000016
moderate128,sorted,1000000,128,heap,5,23390300,12002048
moderate128,sorted,1000000,128,events,5,87934700,52000512
moderate128,sorted,1000000,128,events,6,87567900,52000512
moderate128,sorted,1000000,128,heap,6,23876000,12002048
moderate128,sorted,1000000,128,two_sorts,6,10144500,20000016
moderate128,sorted,1000000,128,heap,7,23495600,12002048
moderate128,sorted,1000000,128,events,7,91825400,52000512
moderate128,sorted,1000000,128,two_sorts,7,10535200,20000016
moderate128,sorted,1000000,128,heap,8,24012700,12002048
moderate128,sorted,1000000,128,two_sorts,8,10511100,20000016
moderate128,sorted,1000000,128,events,8,92666400,52000512
moderate128,shuffled,1000000,128,heap,0,148772700,12002048
moderate128,shuffled,1000000,128,two_sorts,0,143339700,20000016
moderate128,shuffled,1000000,128,events,0,99684900,52000512
moderate128,shuffled,1000000,128,heap,1,162060100,12002048
moderate128,shuffled,1000000,128,two_sorts,1,139909300,20000016
moderate128,shuffled,1000000,128,events,1,99274700,52000512
moderate128,shuffled,1000000,128,two_sorts,2,139609700,20000016
moderate128,shuffled,1000000,128,events,2,98727600,52000512
moderate128,shuffled,1000000,128,heap,2,155432400,12002048
moderate128,shuffled,1000000,128,two_sorts,3,140477300,20000016
moderate128,shuffled,1000000,128,heap,3,152273300,12002048
moderate128,shuffled,1000000,128,events,3,99410300,52000512
moderate128,shuffled,1000000,128,heap,4,154410700,12002048
moderate128,shuffled,1000000,128,two_sorts,4,140264000,20000016
moderate128,shuffled,1000000,128,events,4,100861200,52000512
moderate128,shuffled,1000000,128,heap,5,148811100,12002048
moderate128,shuffled,1000000,128,events,5,101239700,52000512
moderate128,shuffled,1000000,128,two_sorts,5,139513400,20000016
moderate128,shuffled,1000000,128,events,6,100142600,52000512
moderate128,shuffled,1000000,128,two_sorts,6,140991400,20000016
moderate128,shuffled,1000000,128,heap,6,153112900,12002048
moderate128,shuffled,1000000,128,two_sorts,7,139909500,20000016
moderate128,shuffled,1000000,128,heap,7,159157100,12002048
moderate128,shuffled,1000000,128,events,7,100109300,52000512
moderate128,shuffled,1000000,128,events,8,101543200,52000512
moderate128,shuffled,1000000,128,two_sorts,8,140081400,20000016
moderate128,shuffled,1000000,128,heap,8,152711000,12002048
clique,sorted,1000000,1000000,heap,0,13451400,28777216
clique,sorted,1000000,1000000,events,0,82948800,56194304
clique,sorted,1000000,1000000,two_sorts,0,8863800,20000000
clique,sorted,1000000,1000000,two_sorts,1,8901800,20000000
clique,sorted,1000000,1000000,heap,1,13035600,28777216
clique,sorted,1000000,1000000,events,1,83547800,56194304
clique,sorted,1000000,1000000,events,2,83902200,56194304
clique,sorted,1000000,1000000,heap,2,13633800,28777216
clique,sorted,1000000,1000000,two_sorts,2,8683700,20000000
clique,sorted,1000000,1000000,heap,3,14242900,28777216
clique,sorted,1000000,1000000,events,3,87079100,56194304
clique,sorted,1000000,1000000,two_sorts,3,9076800,20000000
clique,sorted,1000000,1000000,heap,4,13811300,28777216
clique,sorted,1000000,1000000,events,4,84655600,56194304
clique,sorted,1000000,1000000,two_sorts,4,8738800,20000000
clique,sorted,1000000,1000000,events,5,82910200,56194304
clique,sorted,1000000,1000000,two_sorts,5,8598000,20000000
clique,sorted,1000000,1000000,heap,5,13769700,28777216
clique,sorted,1000000,1000000,two_sorts,6,8894300,20000000
clique,sorted,1000000,1000000,heap,6,13607800,28777216
clique,sorted,1000000,1000000,events,6,85110000,56194304
clique,sorted,1000000,1000000,events,7,82313100,56194304
clique,sorted,1000000,1000000,two_sorts,7,8786800,20000000
clique,sorted,1000000,1000000,heap,7,13409100,28777216
clique,sorted,1000000,1000000,events,8,84819200,56194304
clique,sorted,1000000,1000000,two_sorts,8,8623200,20000000
clique,sorted,1000000,1000000,heap,8,13387500,28777216
clique,shuffled,1000000,1000000,heap,0,90759200,28777216
clique,shuffled,1000000,1000000,two_sorts,0,111019100,20000000
clique,shuffled,1000000,1000000,events,0,95505200,56194304
clique,shuffled,1000000,1000000,heap,1,91847500,28777216
clique,shuffled,1000000,1000000,events,1,95765000,56194304
clique,shuffled,1000000,1000000,two_sorts,1,111697200,20000000
clique,shuffled,1000000,1000000,heap,2,90614000,28777216
clique,shuffled,1000000,1000000,events,2,97390300,56194304
clique,shuffled,1000000,1000000,two_sorts,2,115133200,20000000
clique,shuffled,1000000,1000000,two_sorts,3,113139100,20000000
clique,shuffled,1000000,1000000,heap,3,96492500,28777216
clique,shuffled,1000000,1000000,events,3,98219500,56194304
clique,shuffled,1000000,1000000,two_sorts,4,113575700,20000000
clique,shuffled,1000000,1000000,heap,4,92781800,28777216
clique,shuffled,1000000,1000000,events,4,96184700,56194304
clique,shuffled,1000000,1000000,two_sorts,5,136439500,20000000
clique,shuffled,1000000,1000000,heap,5,94300600,28777216
clique,shuffled,1000000,1000000,events,5,95915200,56194304
clique,shuffled,1000000,1000000,events,6,96865500,56194304
clique,shuffled,1000000,1000000,two_sorts,6,112669800,20000000
clique,shuffled,1000000,1000000,heap,6,91460500,28777216
clique,shuffled,1000000,1000000,events,7,98739700,56194304
clique,shuffled,1000000,1000000,two_sorts,7,116317700,20000000
clique,shuffled,1000000,1000000,heap,7,92137900,28777216
clique,shuffled,1000000,1000000,two_sorts,8,118664800,20000000
clique,shuffled,1000000,1000000,heap,8,91799900,28777216
clique,shuffled,1000000,1000000,events,8,95133800,56194304
nested,sorted,1000000,1000000,heap,0,29507100,28777216
nested,sorted,1000000,1000000,events,0,85786900,56194304
nested,sorted,1000000,1000000,two_sorts,0,8664100,20000000
nested,sorted,1000000,1000000,two_sorts,1,8994800,20000000
nested,sorted,1000000,1000000,events,1,85595400,56194304
nested,sorted,1000000,1000000,heap,1,29933400,28777216
nested,sorted,1000000,1000000,events,2,85688500,56194304
nested,sorted,1000000,1000000,heap,2,29960500,28777216
nested,sorted,1000000,1000000,two_sorts,2,8785600,20000000
nested,sorted,1000000,1000000,heap,3,31345100,28777216
nested,sorted,1000000,1000000,events,3,85439300,56194304
nested,sorted,1000000,1000000,two_sorts,3,9312100,20000000
nested,sorted,1000000,1000000,two_sorts,4,9191900,20000000
nested,sorted,1000000,1000000,events,4,85134400,56194304
nested,sorted,1000000,1000000,heap,4,29890600,28777216
nested,sorted,1000000,1000000,heap,5,29396200,28777216
nested,sorted,1000000,1000000,two_sorts,5,8872400,20000000
nested,sorted,1000000,1000000,events,5,83970500,56194304
nested,sorted,1000000,1000000,two_sorts,6,9083000,20000000
nested,sorted,1000000,1000000,events,6,86618700,56194304
nested,sorted,1000000,1000000,heap,6,30539700,28777216
nested,sorted,1000000,1000000,two_sorts,7,9505800,20000000
nested,sorted,1000000,1000000,heap,7,30066800,28777216
nested,sorted,1000000,1000000,events,7,87096300,56194304
nested,sorted,1000000,1000000,heap,8,29839600,28777216
nested,sorted,1000000,1000000,two_sorts,8,9287100,20000000
nested,sorted,1000000,1000000,events,8,85263600,56194304
nested,shuffled,1000000,1000000,heap,0,167212300,28777216
nested,shuffled,1000000,1000000,two_sorts,0,125021500,20000000
nested,shuffled,1000000,1000000,events,0,96183100,56194304
nested,shuffled,1000000,1000000,heap,1,172334700,28777216
nested,shuffled,1000000,1000000,two_sorts,1,122073900,20000000
nested,shuffled,1000000,1000000,events,1,95980400,56194304
nested,shuffled,1000000,1000000,events,2,94925500,56194304
nested,shuffled,1000000,1000000,heap,2,170489100,28777216
nested,shuffled,1000000,1000000,two_sorts,2,120992500,20000000
nested,shuffled,1000000,1000000,heap,3,186253500,28777216
nested,shuffled,1000000,1000000,events,3,94807800,56194304
nested,shuffled,1000000,1000000,two_sorts,3,120745800,20000000
nested,shuffled,1000000,1000000,heap,4,171933300,28777216
nested,shuffled,1000000,1000000,events,4,95305300,56194304
nested,shuffled,1000000,1000000,two_sorts,4,121016400,20000000
nested,shuffled,1000000,1000000,events,5,98281600,56194304
nested,shuffled,1000000,1000000,heap,5,168503400,28777216
nested,shuffled,1000000,1000000,two_sorts,5,121384800,20000000
nested,shuffled,1000000,1000000,events,6,95801600,56194304
nested,shuffled,1000000,1000000,two_sorts,6,121372600,20000000
nested,shuffled,1000000,1000000,heap,6,180782500,28777216
nested,shuffled,1000000,1000000,heap,7,172396600,28777216
nested,shuffled,1000000,1000000,events,7,96639700,56194304
nested,shuffled,1000000,1000000,two_sorts,7,121568900,20000000
nested,shuffled,1000000,1000000,heap,8,171591600,28777216
nested,shuffled,1000000,1000000,events,8,98724700,56194304
nested,shuffled,1000000,1000000,two_sorts,8,121766500,20000000
staircase,sorted,1000000,2,two_sorts,0,10983400,20000016
staircase,sorted,1000000,2,events,0,83765200,52000016
staircase,sorted,1000000,2,heap,0,10295100,12000064
staircase,sorted,1000000,2,events,1,79590400,52000016
staircase,sorted,1000000,2,two_sorts,1,10237800,20000016
staircase,sorted,1000000,2,heap,1,9972800,12000064
staircase,sorted,1000000,2,two_sorts,2,10242100,20000016
staircase,sorted,1000000,2,events,2,79565100,52000016
staircase,sorted,1000000,2,heap,2,10142100,12000064
staircase,sorted,1000000,2,two_sorts,3,10730400,20000016
staircase,sorted,1000000,2,events,3,83240000,52000016
staircase,sorted,1000000,2,heap,3,9867400,12000064
staircase,sorted,1000000,2,heap,4,10025800,12000064
staircase,sorted,1000000,2,events,4,79196700,52000016
staircase,sorted,1000000,2,two_sorts,4,10573000,20000016
staircase,sorted,1000000,2,two_sorts,5,10990500,20000016
staircase,sorted,1000000,2,heap,5,10132600,12000064
staircase,sorted,1000000,2,events,5,79401200,52000016
staircase,sorted,1000000,2,events,6,80375700,52000016
staircase,sorted,1000000,2,heap,6,10026600,12000064
staircase,sorted,1000000,2,two_sorts,6,10197100,20000016
staircase,sorted,1000000,2,heap,7,10303200,12000064
staircase,sorted,1000000,2,two_sorts,7,10671200,20000016
staircase,sorted,1000000,2,events,7,80501600,52000016
staircase,sorted,1000000,2,two_sorts,8,10180200,20000016
staircase,sorted,1000000,2,heap,8,10071000,12000064
staircase,sorted,1000000,2,events,8,80092700,52000016
staircase,shuffled,1000000,2,events,0,101731700,52000016
staircase,shuffled,1000000,2,two_sorts,0,142379500,20000016
staircase,shuffled,1000000,2,heap,0,89070400,12000064
staircase,shuffled,1000000,2,heap,1,89723300,12000064
staircase,shuffled,1000000,2,events,1,101013200,52000016
staircase,shuffled,1000000,2,two_sorts,1,137373700,20000016
staircase,shuffled,1000000,2,two_sorts,2,135944100,20000016
staircase,shuffled,1000000,2,heap,2,88533300,12000064
staircase,shuffled,1000000,2,events,2,101703200,52000016
staircase,shuffled,1000000,2,events,3,100827400,52000016
staircase,shuffled,1000000,2,heap,3,97522100,12000064
staircase,shuffled,1000000,2,two_sorts,3,136743700,20000016
staircase,shuffled,1000000,2,two_sorts,4,140821300,20000016
staircase,shuffled,1000000,2,heap,4,89091600,12000064
staircase,shuffled,1000000,2,events,4,101575200,52000016
staircase,shuffled,1000000,2,heap,5,88851700,12000064
staircase,shuffled,1000000,2,events,5,100996900,52000016
staircase,shuffled,1000000,2,two_sorts,5,136778300,20000016
staircase,shuffled,1000000,2,events,6,100610200,52000016
staircase,shuffled,1000000,2,heap,6,90211100,12000064
staircase,shuffled,1000000,2,two_sorts,6,149760500,20000016
staircase,shuffled,1000000,2,events,7,100859400,52000016
staircase,shuffled,1000000,2,two_sorts,7,137614800,20000016
staircase,shuffled,1000000,2,heap,7,89205900,12000064
staircase,shuffled,1000000,2,heap,8,91708200,12000064
staircase,shuffled,1000000,2,two_sorts,8,135687800,20000016
staircase,shuffled,1000000,2,events,8,101812300,52000016
ties,sorted,1000000,56,events,0,101961600,52000256
ties,sorted,1000000,56,heap,0,21712400,12001024
ties,sorted,1000000,56,two_sorts,0,38824500,20000128
ties,sorted,1000000,56,events,1,105085400,52000256
ties,sorted,1000000,56,heap,1,21887300,12001024
ties,sorted,1000000,56,two_sorts,1,39378600,20000128
ties,sorted,1000000,56,heap,2,22223000,12001024
ties,sorted,1000000,56,two_sorts,2,38794000,20000128
ties,sorted,1000000,56,events,2,101476900,52000256
ties,sorted,1000000,56,events,3,102375900,52000256
ties,sorted,1000000,56,heap,3,21543700,12001024
ties,sorted,1000000,56,two_sorts,3,39630700,20000128
ties,sorted,1000000,56,events,4,101829600,52000256
ties,sorted,1000000,56,two_sorts,4,39100400,20000128
ties,sorted,1000000,56,heap,4,21662200,12001024
ties,sorted,1000000,56,events,5,105100500,52000256
ties,sorted,1000000,56,two_sorts,5,39045100,20000128
ties,sorted,1000000,56,heap,5,21528500,12001024
ties,sorted,1000000,56,events,6,105220900,52000256
ties,sorted,1000000,56,two_sorts,6,41322000,20000128
ties,sorted,1000000,56,heap,6,21631000,12001024
ties,sorted,1000000,56,two_sorts,7,38990200,20000128
ties,sorted,1000000,56,events,7,102022500,52000256
ties,sorted,1000000,56,heap,7,21586600,12001024
ties,sorted,1000000,56,events,8,100623300,52000256
ties,sorted,1000000,56,heap,8,22171800,12001024
ties,sorted,1000000,56,two_sorts,8,38861500,20000128
ties,shuffled,1000000,56,two_sorts,0,145419900,20000128
ties,shuffled,1000000,56,heap,0,153231000,12001024
ties,shuffled,1000000,56,events,0,126502400,52000256
ties,shuffled,1000000,56,two_sorts,1,146422200,20000128
ties,shuffled,1000000,56,heap,1,148547200,12001024
ties,shuffled,1000000,56,events,1,125588100,52000256
ties,shuffled,1000000,56,two_sorts,2,140523600,20000128
ties,shuffled,1000000,56,events,2,126852500,52000256
ties,shuffled,1000000,56,heap,2,167458600,12001024
ties,shuffled,1000000,56,two_sorts,3,141402100,20000128
ties,shuffled,1000000,56,events,3,126517900,52000256
ties,shuffled,1000000,56,heap,3,150828900,12001024
ties,shuffled,1000000,56,two_sorts,4,141349500,20000128
ties,shuffled,1000000,56,heap,4,152496400,12001024
ties,shuffled,1000000,56,events,4,126132800,52000256
ties,shuffled,1000000,56,heap,5,150701400,12001024
ties,shuffled,1000000,56,two_sorts,5,144335900,20000128
ties,shuffled,1000000,56,events,5,132453000,52000256
ties,shuffled,1000000,56,two_sorts,6,141998400,20000128
ties,shuffled,1000000,56,events,6,127201200,52000256
ties,shuffled,1000000,56,heap,6,152890100,12001024
ties,shuffled,1000000,56,two_sorts,7,142477100,20000128
ties,shuffled,1000000,56,heap,7,154078100,12001024
ties,shuffled,1000000,56,events,7,125974300,52000256
ties,shuffled,1000000,56,heap,8,150002000,12001024
ties,shuffled,1000000,56,two_sorts,8,147570800,20000128
ties,shuffled,1000000,56,events,8,128830300,52000256
duplicates,sorted,1000000,32,two_sorts,0,10334000,20000064
duplicates,sorted,1000000,32,events,0,102358400,52000128
duplicates,sorted,1000000,32,heap,0,18459600,12000512
duplicates,sorted,1000000,32,heap,1,17674000,12000512
duplicates,sorted,1000000,32,events,1,96708400,52000128
duplicates,sorted,1000000,32,two_sorts,1,10356200,20000064
duplicates,sorted,1000000,32,heap,2,17657700,12000512
duplicates,sorted,1000000,32,two_sorts,2,10146900,20000064
duplicates,sorted,1000000,32,events,2,96601500,52000128
duplicates,sorted,1000000,32,heap,3,17669800,12000512
duplicates,sorted,1000000,32,two_sorts,3,10124600,20000064
duplicates,sorted,1000000,32,events,3,96249500,52000128
duplicates,sorted,1000000,32,heap,4,17794600,12000512
duplicates,sorted,1000000,32,two_sorts,4,10190700,20000064
duplicates,sorted,1000000,32,events,4,97602400,52000128
duplicates,sorted,1000000,32,two_sorts,5,10526300,20000064
duplicates,sorted,1000000,32,heap,5,18021600,12000512
duplicates,sorted,1000000,32,events,5,97157800,52000128
duplicates,sorted,1000000,32,two_sorts,6,10208500,20000064
duplicates,sorted,1000000,32,events,6,96668700,52000128
duplicates,sorted,1000000,32,heap,6,17634700,12000512
duplicates,sorted,1000000,32,two_sorts,7,10018200,20000064
duplicates,sorted,1000000,32,events,7,96194100,52000128
duplicates,sorted,1000000,32,heap,7,17702300,12000512
duplicates,sorted,1000000,32,two_sorts,8,9812100,20000064
duplicates,sorted,1000000,32,heap,8,17559200,12000512
duplicates,sorted,1000000,32,events,8,99688500,52000128
duplicates,shuffled,1000000,32,heap,0,146102700,12000512
duplicates,shuffled,1000000,32,two_sorts,0,138762400,20000064
duplicates,shuffled,1000000,32,events,0,136434800,52000128
duplicates,shuffled,1000000,32,heap,1,141299300,12000512
duplicates,shuffled,1000000,32,events,1,135634400,52000128
duplicates,shuffled,1000000,32,two_sorts,1,145826700,20000064
duplicates,shuffled,1000000,32,two_sorts,2,139886400,20000064
duplicates,shuffled,1000000,32,heap,2,141374900,12000512
duplicates,shuffled,1000000,32,events,2,139531300,52000128
duplicates,shuffled,1000000,32,events,3,136149500,52000128
duplicates,shuffled,1000000,32,two_sorts,3,138331000,20000064
duplicates,shuffled,1000000,32,heap,3,144224400,12000512
duplicates,shuffled,1000000,32,heap,4,139621300,12000512
duplicates,shuffled,1000000,32,two_sorts,4,140232200,20000064
duplicates,shuffled,1000000,32,events,4,134942800,52000128
duplicates,shuffled,1000000,32,events,5,136383900,52000128
duplicates,shuffled,1000000,32,two_sorts,5,138563100,20000064
duplicates,shuffled,1000000,32,heap,5,160186500,12000512
duplicates,shuffled,1000000,32,events,6,135871100,52000128
duplicates,shuffled,1000000,32,two_sorts,6,140063800,20000064
duplicates,shuffled,1000000,32,heap,6,140697900,12000512
duplicates,shuffled,1000000,32,heap,7,147161400,12000512
duplicates,shuffled,1000000,32,events,7,138460500,52000128
duplicates,shuffled,1000000,32,two_sorts,7,140415500,20000064
duplicates,shuffled,1000000,32,events,8,135403200,52000128
duplicates,shuffled,1000000,32,heap,8,142912200,12000512
duplicates,shuffled,1000000,32,two_sorts,8,145664500,20000064
mixed_empty,sorted,1000000,22,two_sorts,0,7284500,17333344
mixed_empty,sorted,1000000,22,events,0,65047100,52000128
mixed_empty,sorted,1000000,22,heap,0,12383100,12000512
mixed_empty,sorted,1000000,22,heap,1,12364000,12000512
mixed_empty,sorted,1000000,22,events,1,64281500,52000128
mixed_empty,sorted,1000000,22,two_sorts,1,7674000,17333344
mixed_empty,sorted,1000000,22,two_sorts,2,7465300,17333344
mixed_empty,sorted,1000000,22,events,2,64579500,52000128
mixed_empty,sorted,1000000,22,heap,2,12439100,12000512
mixed_empty,sorted,1000000,22,two_sorts,3,7740900,17333344
mixed_empty,sorted,1000000,22,events,3,67118400,52000128
mixed_empty,sorted,1000000,22,heap,3,12781000,12000512
mixed_empty,sorted,1000000,22,two_sorts,4,7609700,17333344
mixed_empty,sorted,1000000,22,heap,4,12647900,12000512
mixed_empty,sorted,1000000,22,events,4,67838300,52000128
mixed_empty,sorted,1000000,22,heap,5,12859600,12000512
mixed_empty,sorted,1000000,22,two_sorts,5,7842900,17333344
mixed_empty,sorted,1000000,22,events,5,64886300,52000128
mixed_empty,sorted,1000000,22,heap,6,12415200,12000512
mixed_empty,sorted,1000000,22,two_sorts,6,8108500,17333344
mixed_empty,sorted,1000000,22,events,6,64591900,52000128
mixed_empty,sorted,1000000,22,two_sorts,7,7227300,17333344
mixed_empty,sorted,1000000,22,events,7,64382800,52000128
mixed_empty,sorted,1000000,22,heap,7,12472300,12000512
mixed_empty,sorted,1000000,22,heap,8,13474700,12000512
mixed_empty,sorted,1000000,22,events,8,67387000,52000128
mixed_empty,sorted,1000000,22,two_sorts,8,7668900,17333344
mixed_empty,shuffled,1000000,22,heap,0,81848400,12000512
mixed_empty,shuffled,1000000,22,events,0,78023500,52000128
mixed_empty,shuffled,1000000,22,two_sorts,0,90747700,17333344
mixed_empty,shuffled,1000000,22,two_sorts,1,89857000,17333344
mixed_empty,shuffled,1000000,22,events,1,78818100,52000128
mixed_empty,shuffled,1000000,22,heap,1,99682900,12000512
mixed_empty,shuffled,1000000,22,heap,2,83051500,12000512
mixed_empty,shuffled,1000000,22,events,2,78970000,52000128
mixed_empty,shuffled,1000000,22,two_sorts,2,88131000,17333344
mixed_empty,shuffled,1000000,22,two_sorts,3,91398300,17333344
mixed_empty,shuffled,1000000,22,heap,3,81484400,12000512
mixed_empty,shuffled,1000000,22,events,3,78503800,52000128
mixed_empty,shuffled,1000000,22,events,4,79019200,52000128
mixed_empty,shuffled,1000000,22,two_sorts,4,89599300,17333344
mixed_empty,shuffled,1000000,22,heap,4,79784700,12000512
mixed_empty,shuffled,1000000,22,two_sorts,5,89774100,17333344
mixed_empty,shuffled,1000000,22,events,5,78852900,52000128
mixed_empty,shuffled,1000000,22,heap,5,81266100,12000512
mixed_empty,shuffled,1000000,22,two_sorts,6,92711200,17333344
mixed_empty,shuffled,1000000,22,heap,6,90953000,12000512
mixed_empty,shuffled,1000000,22,events,6,77710400,52000128
mixed_empty,shuffled,1000000,22,two_sorts,7,90661900,17333344
mixed_empty,shuffled,1000000,22,events,7,79501300,52000128
mixed_empty,shuffled,1000000,22,heap,7,81789900,12000512
mixed_empty,shuffled,1000000,22,events,8,77976800,52000128
mixed_empty,shuffled,1000000,22,two_sorts,8,89602200,17333344
mixed_empty,shuffled,1000000,22,heap,8,80201300,12000512
