corpus,id,workload,engine,method,max_work,median_ns,min_ns,max_ns,samples,runtime_ratio
target/balance-work/scaling,6c8a18db79b71871d5ba5724956cd5e83afebc2f2c2602085f26fce314d3f347,integer,auto,repair,100000,234300,232400,270400,5,2.5247844827586206
target/balance-work/scaling,6c8a18db79b71871d5ba5724956cd5e83afebc2f2c2602085f26fce314d3f347,integer,auto,balanced,100000,422300,413500,426800,5,4.550646551724138
target/balance-work/scaling,6c8a18db79b71871d5ba5724956cd5e83afebc2f2c2602085f26fce314d3f347,integer,auto,baseline,0,92800,90800,94000,5,1.0
target/balance-work/scaling,05a7496895901a5f63eedf4a4f395615076bd8e98fb4f09b205aca268125751b,integer,auto,baseline,0,116300,114800,121800,5,1.0
target/balance-work/scaling,05a7496895901a5f63eedf4a4f395615076bd8e98fb4f09b205aca268125751b,integer,auto,repair,100000,287800,287300,296000,5,2.47463456577816
target/balance-work/scaling,05a7496895901a5f63eedf4a4f395615076bd8e98fb4f09b205aca268125751b,integer,auto,balanced,100000,476200,472600,486300,5,4.094582975064489
target/balance-work/scaling,e4611ffe73b57104303de4d69cdb6d73b5168220e0224f5c33fda012447656ed,integer,auto,repair,100000,248100,246500,255100,5,2.7751677852348995
target/balance-work/scaling,e4611ffe73b57104303de4d69cdb6d73b5168220e0224f5c33fda012447656ed,integer,auto,balanced,100000,421800,415700,434900,5,4.718120805369128
target/balance-work/scaling,e4611ffe73b57104303de4d69cdb6d73b5168220e0224f5c33fda012447656ed,integer,auto,baseline,0,89400,88100,94900,5,1.0
target/balance-work/scaling,ebaa64776c199956186253c60b72e7f5c4799807d8b2c6dfc8437e23a0576a52,integer,auto,balanced,100000,484000,464600,494600,5,3.9445802770986145
target/balance-work/scaling,ebaa64776c199956186253c60b72e7f5c4799807d8b2c6dfc8437e23a0576a52,integer,auto,baseline,0,122700,116800,155900,5,1.0
target/balance-work/scaling,ebaa64776c199956186253c60b72e7f5c4799807d8b2c6dfc8437e23a0576a52,integer,auto,repair,100000,303600,291400,322300,5,2.4743276283618583
target/balance-work/scaling,4604680b45dbc1c9cbeb2f309b4134a2224eac675d17f6897ea86eda971031d1,integer,auto,baseline,0,77000,74400,78800,5,1.0
target/balance-work/scaling,4604680b45dbc1c9cbeb2f309b4134a2224eac675d17f6897ea86eda971031d1,integer,auto,repair,100000,169400,165600,177400,5,2.2
target/balance-work/scaling,4604680b45dbc1c9cbeb2f309b4134a2224eac675d17f6897ea86eda971031d1,integer,auto,balanced,100000,134700,133300,140500,5,1.7493506493506494
target/balance-work/scaling,cdb9534158475140a010007e17b624ef8a0863883e5b4604a10ce05e827f89a5,integer,auto,repair,100000,193900,190000,197800,5,1.9546370967741935
target/balance-work/scaling,cdb9534158475140a010007e17b624ef8a0863883e5b4604a10ce05e827f89a5,integer,auto,balanced,100000,179500,174800,186300,5,1.809475806451613
target/balance-work/scaling,cdb9534158475140a010007e17b624ef8a0863883e5b4604a10ce05e827f89a5,integer,auto,baseline,0,99200,96600,101100,5,1.0
target/balance-work/scaling,bd97c2deb463ccee532f73ee387a212d702287a3240ff3de977a57bd897bd807,integer,auto,baseline,0,77400,75200,78600,5,1.0
target/balance-work/scaling,bd97c2deb463ccee532f73ee387a212d702287a3240ff3de977a57bd897bd807,integer,auto,repair,100000,158200,157100,162300,5,2.043927648578811
target/balance-work/scaling,bd97c2deb463ccee532f73ee387a212d702287a3240ff3de977a57bd897bd807,integer,auto,balanced,100000,132300,131300,137800,5,1.7093023255813953
target/balance-work/scaling,13db6dd6d34cf88f0a4eae0618e8d34b19ad52e35ca981a3af5e5fd666ce39da,integer,auto,baseline,0,96900,96800,99700,5,1.0
target/balance-work/scaling,13db6dd6d34cf88f0a4eae0618e8d34b19ad52e35ca981a3af5e5fd666ce39da,integer,auto,repair,100000,195000,190300,197600,5,2.0123839009287927
target/balance-work/scaling,13db6dd6d34cf88f0a4eae0618e8d34b19ad52e35ca981a3af5e5fd666ce39da,integer,auto,balanced,100000,177400,173400,183800,5,1.8307533539731682
target/balance-work/scaling,7f962e26eab0c021cd514c996bfb5f2054c56a7f0e75667f501a0055aeafb1f7,integer,auto,repair,100000,134000,132100,135100,5,1.7357512953367875
target/balance-work/scaling,7f962e26eab0c021cd514c996bfb5f2054c56a7f0e75667f501a0055aeafb1f7,integer,auto,balanced,100000,123800,122200,128700,5,1.6036269430051813
target/balance-work/scaling,7f962e26eab0c021cd514c996bfb5f2054c56a7f0e75667f501a0055aeafb1f7,integer,auto,baseline,0,77200,73800,82700,5,1.0
target/balance-work/scaling,a2c5d15d492a2d3cff4f762e5f24d0b3c28d26168e4a8ab5af43fec9df7e3954,integer,auto,repair,100000,177900,171500,209800,5,1.828365878725591
target/balance-work/scaling,a2c5d15d492a2d3cff4f762e5f24d0b3c28d26168e4a8ab5af43fec9df7e3954,integer,auto,balanced,100000,168200,163700,185100,5,1.7286742034943474
target/balance-work/scaling,a2c5d15d492a2d3cff4f762e5f24d0b3c28d26168e4a8ab5af43fec9df7e3954,integer,auto,baseline,0,97300,95800,113600,5,1.0
target/balance-work/scaling,fb7a2cafad2180a52c478cb9ddcf8656a0d5ba7d62c9b7c59b67d7ed8526f4fa,integer,auto,baseline,0,71500,71000,75000,5,1.0
target/balance-work/scaling,fb7a2cafad2180a52c478cb9ddcf8656a0d5ba7d62c9b7c59b67d7ed8526f4fa,integer,auto,repair,100000,137100,134400,146700,5,1.9174825174825174
target/balance-work/scaling,fb7a2cafad2180a52c478cb9ddcf8656a0d5ba7d62c9b7c59b67d7ed8526f4fa,integer,auto,balanced,100000,125700,124900,129500,5,1.758041958041958
target/balance-work/scaling,3929689d0a301c626e1fd971ea635e70b97ee6681b9da169482baa34a5d3317a,integer,auto,balanced,100000,165200,162900,173200,5,1.75
target/balance-work/scaling,3929689d0a301c626e1fd971ea635e70b97ee6681b9da169482baa34a5d3317a,integer,auto,baseline,0,94400,91600,117800,5,1.0
target/balance-work/scaling,3929689d0a301c626e1fd971ea635e70b97ee6681b9da169482baa34a5d3317a,integer,auto,repair,100000,182100,176500,257000,5,1.9290254237288136
target/balance-work/scaling,d0fe38998f4197cdb21487b540b9638b3a96fcb6726c3408e0a9f2d3e0faac1a,integer,auto,repair,100000,142700,138000,178100,5,2.0042134831460676
target/balance-work/scaling,d0fe38998f4197cdb21487b540b9638b3a96fcb6726c3408e0a9f2d3e0faac1a,integer,auto,balanced,100000,117500,115500,119200,5,1.6502808988764044
target/balance-work/scaling,d0fe38998f4197cdb21487b540b9638b3a96fcb6726c3408e0a9f2d3e0faac1a,integer,auto,baseline,0,71200,70400,74300,5,1.0
target/balance-work/scaling,9f15051a26bd875a2c9d6b55e4fc1af07a6f73cf1b69d3a6983de6384ac46ff6,integer,auto,repair,100000,188400,180900,194000,5,2.0192926045016075
target/balance-work/scaling,9f15051a26bd875a2c9d6b55e4fc1af07a6f73cf1b69d3a6983de6384ac46ff6,integer,auto,balanced,100000,157800,154900,161600,5,1.6913183279742765
target/balance-work/scaling,9f15051a26bd875a2c9d6b55e4fc1af07a6f73cf1b69d3a6983de6384ac46ff6,integer,auto,baseline,0,93300,91100,96900,5,1.0
target/balance-work/scaling,8d60ba46e462a1b28d47c5f70d0a8c46e9bba3857c004ea6a15577a1b5b7408a,integer,auto,baseline,0,74400,71200,78400,5,1.0
target/balance-work/scaling,8d60ba46e462a1b28d47c5f70d0a8c46e9bba3857c004ea6a15577a1b5b7408a,integer,auto,repair,100000,175800,174100,193000,5,2.3629032258064515
target/balance-work/scaling,8d60ba46e462a1b28d47c5f70d0a8c46e9bba3857c004ea6a15577a1b5b7408a,integer,auto,balanced,100000,116900,116300,118900,5,1.571236559139785
target/balance-work/scaling,17219dc1d55b95adf02945d4fe519b97a7fea6d6a608ae19fc40d0662df3a666,integer,auto,baseline,0,97300,94100,106900,5,1.0
target/balance-work/scaling,17219dc1d55b95adf02945d4fe519b97a7fea6d6a608ae19fc40d0662df3a666,integer,auto,repair,100000,214800,209800,221700,5,2.2076053442959918
target/balance-work/scaling,17219dc1d55b95adf02945d4fe519b97a7fea6d6a608ae19fc40d0662df3a666,integer,auto,balanced,100000,157300,154200,159600,5,1.616649537512847
target/balance-work/scaling,8310f104412d37c6adf2eb584557d3e9d71dc15ac0cbb88ab6025d544e25be78,integer,auto,repair,100000,276300,273000,319600,5,3.2202797202797204
target/balance-work/scaling,8310f104412d37c6adf2eb584557d3e9d71dc15ac0cbb88ab6025d544e25be78,integer,auto,balanced,100000,167300,164200,178400,5,1.9498834498834499
target/balance-work/scaling,8310f104412d37c6adf2eb584557d3e9d71dc15ac0cbb88ab6025d544e25be78,integer,auto,baseline,0,85800,85500,88000,5,1.0
target/balance-work/scaling,1f61f7b8cec3c8c43de89e82ff936421ea17c4ba3d4400763e9e28adea232da7,integer,auto,baseline,0,109800,106800,114400,5,1.0
target/balance-work/scaling,1f61f7b8cec3c8c43de89e82ff936421ea17c4ba3d4400763e9e28adea232da7,integer,auto,repair,100000,316400,304600,318100,5,2.8816029143897994
target/balance-work/scaling,1f61f7b8cec3c8c43de89e82ff936421ea17c4ba3d4400763e9e28adea232da7,integer,auto,balanced,100000,331400,329500,341200,5,3.0182149362477233
target/balance-work/scaling,2e712a9869f56f90be6c79b2552edfe46877e1a375b13043fd4caf22c0a62016,integer,auto,repair,100000,278700,276300,290400,5,3.1491525423728812
target/balance-work/scaling,2e712a9869f56f90be6c79b2552edfe46877e1a375b13043fd4caf22c0a62016,integer,auto,balanced,100000,267000,259800,297500,5,3.016949152542373
target/balance-work/scaling,2e712a9869f56f90be6c79b2552edfe46877e1a375b13043fd4caf22c0a62016,integer,auto,baseline,0,88500,87000,89100,5,1.0
target/balance-work/scaling,2422fe74158c7d6b97c51d3e28acfd852e4c8163b232d90037bc1236bc4b7c22,integer,auto,balanced,100000,316100,302100,322800,5,2.840071877807727
target/balance-work/scaling,2422fe74158c7d6b97c51d3e28acfd852e4c8163b232d90037bc1236bc4b7c22,integer,auto,baseline,0,111300,105600,116800,5,1.0
target/balance-work/scaling,2422fe74158c7d6b97c51d3e28acfd852e4c8163b232d90037bc1236bc4b7c22,integer,auto,repair,100000,330200,321600,365800,5,2.9667565139263252
target/balance-work/scaling,9973c0555a65c5fa130c37bff741dbc8bd2059dbea2812f343613869d8d3bf84,integer,auto,repair,100000,141600,136700,146400,5,1.8981233243967828
target/balance-work/scaling,9973c0555a65c5fa130c37bff741dbc8bd2059dbea2812f343613869d8d3bf84,integer,auto,balanced,100000,131300,128000,131400,5,1.760053619302949
target/balance-work/scaling,9973c0555a65c5fa130c37bff741dbc8bd2059dbea2812f343613869d8d3bf84,integer,auto,baseline,0,74600,71000,81200,5,1.0
target/balance-work/scaling,97cb864c3f138ed0ce4e6f832d05fe485926bf4c15b6b10d75dd6bd8bc6ffb6b,integer,auto,baseline,0,92600,91700,105000,5,1.0
target/balance-work/scaling,97cb864c3f138ed0ce4e6f832d05fe485926bf4c15b6b10d75dd6bd8bc6ffb6b,integer,auto,repair,100000,174300,169700,182300,5,1.8822894168466522
target/balance-work/scaling,97cb864c3f138ed0ce4e6f832d05fe485926bf4c15b6b10d75dd6bd8bc6ffb6b,integer,auto,balanced,100000,176000,170700,178000,5,1.900647948164147
target/balance-work/scaling,4e8f6bc04c261d212a2895ca13ec4b9952796619804adb802b4b068a7615e71f,integer,auto,balanced,100000,132400,129300,142400,5,1.7444005270092227
target/balance-work/scaling,4e8f6bc04c261d212a2895ca13ec4b9952796619804adb802b4b068a7615e71f,integer,auto,baseline,0,75900,74300,80700,5,1.0
target/balance-work/scaling,4e8f6bc04c261d212a2895ca13ec4b9952796619804adb802b4b068a7615e71f,integer,auto,repair,100000,134100,128700,139100,5,1.766798418972332
target/balance-work/scaling,123dbd15377ab52676350c25ed1b04279c5d974a8f0537cba4f5ce763c6b254d,integer,auto,balanced,100000,175200,172900,184300,5,1.7895812053115423
target/balance-work/scaling,123dbd15377ab52676350c25ed1b04279c5d974a8f0537cba4f5ce763c6b254d,integer,auto,baseline,0,97900,95400,101700,5,1.0
target/balance-work/scaling,123dbd15377ab52676350c25ed1b04279c5d974a8f0537cba4f5ce763c6b254d,integer,auto,repair,100000,170500,164900,171200,5,1.7415730337078652
target/balance-work/scaling,4e2c7f863ffe21ff270e9fbb883cc9b846f069d33d86dae7c64e68d1592b9d1d,integer,auto,repair,100000,105300,103900,122000,5,1.2048054919908466
target/balance-work/scaling,4e2c7f863ffe21ff270e9fbb883cc9b846f069d33d86dae7c64e68d1592b9d1d,integer,auto,balanced,100000,90800,90600,100500,5,1.0389016018306636
target/balance-work/scaling,4e2c7f863ffe21ff270e9fbb883cc9b846f069d33d86dae7c64e68d1592b9d1d,integer,auto,baseline,0,87400,85900,92200,5,1.0
target/balance-work/scaling,6243d2d96f79b6d378dc54d1add047b1ab46ba69f72172f5afe5fbaa66821be2,integer,auto,repair,100000,146700,143400,148200,5,1.394486692015209
target/balance-work/scaling,6243d2d96f79b6d378dc54d1add047b1ab46ba69f72172f5afe5fbaa66821be2,integer,auto,balanced,100000,115600,112100,120400,5,1.0988593155893536
target/balance-work/scaling,6243d2d96f79b6d378dc54d1add047b1ab46ba69f72172f5afe5fbaa66821be2,integer,auto,baseline,0,105200,101300,108600,5,1.0
target/balance-work/scaling,bd4169aa859684c15199eaa7290443d029b75efb651b6102240e97b432d77081,integer,auto,repair,100000,108000,105700,117500,5,1.2244897959183674
target/balance-work/scaling,bd4169aa859684c15199eaa7290443d029b75efb651b6102240e97b432d77081,integer,auto,balanced,100000,95400,91300,106000,5,1.0816326530612246
target/balance-work/scaling,bd4169aa859684c15199eaa7290443d029b75efb651b6102240e97b432d77081,integer,auto,baseline,0,88200,86000,89600,5,1.0
target/balance-work/scaling,8905d7ad42d73c1f4f2cff8db2cb5e184bd3bfdd17e0826dac9e774af19bdb8a,integer,auto,balanced,100000,121200,118000,154500,5,1.0350128095644748
target/balance-work/scaling,8905d7ad42d73c1f4f2cff8db2cb5e184bd3bfdd17e0826dac9e774af19bdb8a,integer,auto,baseline,0,117100,109300,128800,5,1.0
target/balance-work/scaling,8905d7ad42d73c1f4f2cff8db2cb5e184bd3bfdd17e0826dac9e774af19bdb8a,integer,auto,repair,100000,153400,152100,187300,5,1.3099914602903502
target/balance-work/scaling,db6cd1ccb4ae2117cf377ec1d2b2bcf8e7a640074ebc4d7dc6bbeea7ad90ffac,integer,auto,balanced,100000,79700,79100,84000,5,1.0114213197969544
target/balance-work/scaling,db6cd1ccb4ae2117cf377ec1d2b2bcf8e7a640074ebc4d7dc6bbeea7ad90ffac,integer,auto,baseline,0,78800,71300,91600,5,1.0
target/balance-work/scaling,db6cd1ccb4ae2117cf377ec1d2b2bcf8e7a640074ebc4d7dc6bbeea7ad90ffac,integer,auto,repair,100000,95500,92000,114600,5,1.2119289340101522
target/balance-work/scaling,7e80c1aa06fb100001fb3a5c9254ce04443e951712bc3201969516dbd6aa50ad,integer,auto,balanced,100000,101600,99500,119800,5,1.034623217922607
target/balance-work/scaling,7e80c1aa06fb100001fb3a5c9254ce04443e951712bc3201969516dbd6aa50ad,integer,auto,baseline,0,98200,89100,107900,5,1.0
target/balance-work/scaling,7e80c1aa06fb100001fb3a5c9254ce04443e951712bc3201969516dbd6aa50ad,integer,auto,repair,100000,140700,138200,144600,5,1.4327902240325865
target/balance-work/scaling,3b23623aebf97aea2a67ac9da945e6a3c124aa74c38cf548e7ede650ad817880,integer,auto,baseline,0,74900,73900,82200,5,1.0
target/balance-work/scaling,3b23623aebf97aea2a67ac9da945e6a3c124aa74c38cf548e7ede650ad817880,integer,auto,repair,100000,98100,95700,101700,5,1.3097463284379172
target/balance-work/scaling,3b23623aebf97aea2a67ac9da945e6a3c124aa74c38cf548e7ede650ad817880,integer,auto,balanced,100000,81600,77400,94700,5,1.089452603471295
target/balance-work/scaling,eea167a62ffefe353b08ab54511156f753f45999a8eee9660c21eeb63e4b75af,integer,auto,balanced,100000,105700,99500,122800,5,1.02921129503408
target/balance-work/scaling,eea167a62ffefe353b08ab54511156f753f45999a8eee9660c21eeb63e4b75af,integer,auto,baseline,0,102700,92600,121600,5,1.0
target/balance-work/scaling,eea167a62ffefe353b08ab54511156f753f45999a8eee9660c21eeb63e4b75af,integer,auto,repair,100000,146300,140500,155900,5,1.424537487828627
target/balance-work/scaling,fed0fd503014a18416c5dd12946296532c547c04bf198265072b44646487e2a8,integer,auto,baseline,0,84300,83100,88600,5,1.0
target/balance-work/scaling,fed0fd503014a18416c5dd12946296532c547c04bf198265072b44646487e2a8,integer,auto,repair,100000,128300,117400,131200,5,1.5219454329774615
target/balance-work/scaling,fed0fd503014a18416c5dd12946296532c547c04bf198265072b44646487e2a8,integer,auto,balanced,100000,199100,191500,230700,5,2.361803084223013
target/balance-work/scaling,88c2234e943c72a0ec7449e7ec9014dc6c894291ebb78df1037711ced222d99e,integer,auto,repair,100000,174300,173200,175300,5,1.6079335793357934
target/balance-work/scaling,88c2234e943c72a0ec7449e7ec9014dc6c894291ebb78df1037711ced222d99e,integer,auto,balanced,100000,248300,240600,257900,5,2.290590405904059
target/balance-work/scaling,88c2234e943c72a0ec7449e7ec9014dc6c894291ebb78df1037711ced222d99e,integer,auto,baseline,0,108400,104600,118600,5,1.0
target/balance-work/scaling,05c6ff22b4461cc3a626a632d26e52153c0796c6f8e22d4653dcc8f839a53c47,integer,auto,repair,100000,260900,258900,271000,5,2.9647727272727273
target/balance-work/scaling,05c6ff22b4461cc3a626a632d26e52153c0796c6f8e22d4653dcc8f839a53c47,integer,auto,balanced,100000,158400,154200,160900,5,1.8
target/balance-work/scaling,05c6ff22b4461cc3a626a632d26e52153c0796c6f8e22d4653dcc8f839a53c47,integer,auto,baseline,0,88000,84700,90000,5,1.0
target/balance-work/scaling,40db90625604973a559f97bea4704a5b5a50b80ef677a03a1f4b80679b22e500,integer,auto,baseline,0,107400,105300,112100,5,1.0
target/balance-work/scaling,40db90625604973a559f97bea4704a5b5a50b80ef677a03a1f4b80679b22e500,integer,auto,repair,100000,302500,301200,306000,5,2.8165735567970205
target/balance-work/scaling,40db90625604973a559f97bea4704a5b5a50b80ef677a03a1f4b80679b22e500,integer,auto,balanced,100000,203200,194600,207300,5,1.8919925512104283
target/balance-work/scaling,8209e148c7aded0cb211b03b6fc601a708eae95c2de7541501a01295e4cc2e98,integer,auto,baseline,0,625100,616200,638700,5,1.0
target/balance-work/scaling,8209e148c7aded0cb211b03b6fc601a708eae95c2de7541501a01295e4cc2e98,integer,auto,repair,100000,1206700,1171200,1248100,5,1.930411134218525
target/balance-work/scaling,8209e148c7aded0cb211b03b6fc601a708eae95c2de7541501a01295e4cc2e98,integer,auto,balanced,100000,3849000,3803300,3897500,5,6.157414813629819
target/balance-work/scaling,bf14b64071422d6415f3c108ee08a8fca636841b256b6c12b8fe2bea33673aac,integer,auto,baseline,0,927200,807600,940200,5,1.0
target/balance-work/scaling,bf14b64071422d6415f3c108ee08a8fca636841b256b6c12b8fe2bea33673aac,integer,auto,repair,100000,1767300,1734800,1801600,5,1.9060612597066438
target/balance-work/scaling,bf14b64071422d6415f3c108ee08a8fca636841b256b6c12b8fe2bea33673aac,integer,auto,balanced,100000,4368800,4266900,4478000,5,4.711820534943917
target/balance-work/scaling,95420659bf5c67c06f731d400af703a3d0acbd398b7b7a26fe65ec364274bdc5,integer,auto,baseline,0,649900,600100,698300,5,1.0
target/balance-work/scaling,95420659bf5c67c06f731d400af703a3d0acbd398b7b7a26fe65ec364274bdc5,integer,auto,repair,100000,1243700,1205600,1288300,5,1.913679027542699
target/balance-work/scaling,95420659bf5c67c06f731d400af703a3d0acbd398b7b7a26fe65ec364274bdc5,integer,auto,balanced,100000,3953700,3801600,4041400,5,6.083551315587013
target/balance-work/scaling,2b3df87b76cea00dcf28e6ddd36b2b981b58785a9bff9dba7843a3b3672d265b,integer,auto,repair,100000,1863400,1762000,2005000,5,1.9414461346113774
target/balance-work/scaling,2b3df87b76cea00dcf28e6ddd36b2b981b58785a9bff9dba7843a3b3672d265b,integer,auto,balanced,100000,4568200,4464100,4835700,5,4.759533236090852
target/balance-work/scaling,2b3df87b76cea00dcf28e6ddd36b2b981b58785a9bff9dba7843a3b3672d265b,integer,auto,baseline,0,959800,862000,1122600,5,1.0
target/balance-work/scaling,cef03b4ad2586ec3695ca3f90e1d2c5dcb9ac1806894b67de9f0dad6d346c139,integer,auto,repair,100000,799400,767000,1190100,5,2.203417861080485
target/balance-work/scaling,cef03b4ad2586ec3695ca3f90e1d2c5dcb9ac1806894b67de9f0dad6d346c139,integer,auto,balanced,100000,968600,777200,1204700,5,2.6697905181918413
target/balance-work/scaling,cef03b4ad2586ec3695ca3f90e1d2c5dcb9ac1806894b67de9f0dad6d346c139,integer,auto,baseline,0,362800,330100,469100,5,1.0
target/balance-work/scaling,af29642a306cfd83f7ede59e9efa14adda33bd52f1b6b4898bef72c0ee6d0c68,integer,auto,baseline,0,684400,573700,788900,5,1.0
target/balance-work/scaling,af29642a306cfd83f7ede59e9efa14adda33bd52f1b6b4898bef72c0ee6d0c68,integer,auto,repair,100000,1220800,1186700,1353000,5,1.7837521917007597
target/balance-work/scaling,af29642a306cfd83f7ede59e9efa14adda33bd52f1b6b4898bef72c0ee6d0c68,integer,auto,balanced,100000,1539600,1433400,1699300,5,2.249561659848042
target/balance-work/scaling,5e9910aa82b4621f3161986cf0d898cbc287d1939976ee59579ff3f15ce469dc,integer,auto,balanced,100000,950300,892700,1017400,5,2.3144179249878225
target/balance-work/scaling,5e9910aa82b4621f3161986cf0d898cbc287d1939976ee59579ff3f15ce469dc,integer,auto,baseline,0,410600,390500,426000,5,1.0
target/balance-work/scaling,5e9910aa82b4621f3161986cf0d898cbc287d1939976ee59579ff3f15ce469dc,integer,auto,repair,100000,754900,612000,956000,5,1.8385289819775938
target/balance-work/scaling,f7658d13ddf3a2653f450603cd418ad67c87559ab56752c5b8616b3aae7fa8bc,integer,auto,baseline,0,605300,578900,717700,5,1.0
target/balance-work/scaling,f7658d13ddf3a2653f450603cd418ad67c87559ab56752c5b8616b3aae7fa8bc,integer,auto,repair,100000,1330700,1260800,1336500,5,2.1984140095820255
target/balance-work/scaling,f7658d13ddf3a2653f450603cd418ad67c87559ab56752c5b8616b3aae7fa8bc,integer,auto,balanced,100000,1504100,1434200,1571200,5,2.48488352882868
target/balance-work/scaling,d54fedcce403253eee91c8622e005d0159dd518d97ed49a0b88e14172890d8d8,integer,auto,balanced,100000,882800,709800,1179400,5,2.895375532961627
target/balance-work/scaling,d54fedcce403253eee91c8622e005d0159dd518d97ed49a0b88e14172890d8d8,integer,auto,baseline,0,304900,284600,471200,5,1.0
target/balance-work/scaling,d54fedcce403253eee91c8622e005d0159dd518d97ed49a0b88e14172890d8d8,integer,auto,repair,100000,764900,653500,804200,5,2.508691374221056
target/balance-work/scaling,d96f38f79fdf07d5a978a236f34551028a7b7fe3096e114faa15d4de7fe1c2e1,integer,auto,repair,100000,1304500,1235000,1467500,5,1.8761685603336689
target/balance-work/scaling,d96f38f79fdf07d5a978a236f34551028a7b7fe3096e114faa15d4de7fe1c2e1,integer,auto,balanced,100000,1397400,1333900,1473300,5,2.0097799511002443
target/balance-work/scaling,d96f38f79fdf07d5a978a236f34551028a7b7fe3096e114faa15d4de7fe1c2e1,integer,auto,baseline,0,695300,574900,714300,5,1.0
target/balance-work/scaling,a068ffa78d8bc3b6acf9384af95ebddb1240aa088ae93ce62d6d6afa1c74974a,integer,auto,balanced,100000,801600,717400,904000,5,1.987602281180263
target/balance-work/scaling,a068ffa78d8bc3b6acf9384af95ebddb1240aa088ae93ce62d6d6afa1c74974a,integer,auto,baseline,0,403300,331400,465700,5,1.0
target/balance-work/scaling,a068ffa78d8bc3b6acf9384af95ebddb1240aa088ae93ce62d6d6afa1c74974a,integer,auto,repair,100000,781000,608400,804900,5,1.9365236796429457
target/balance-work/scaling,2ea73b18faf294bcdb3f4d3de04c5b907e9d3c7263bcbe4a6a575ca231b66403,integer,auto,balanced,100000,1457500,1368500,1461600,5,2.12618526622903
target/balance-work/scaling,2ea73b18faf294bcdb3f4d3de04c5b907e9d3c7263bcbe4a6a575ca231b66403,integer,auto,baseline,0,685500,677900,732000,5,1.0
target/balance-work/scaling,2ea73b18faf294bcdb3f4d3de04c5b907e9d3c7263bcbe4a6a575ca231b66403,integer,auto,repair,100000,1264800,1257600,1404100,5,1.8450765864332603
target/balance-work/scaling,1cd2731097704c77ed49833df58bb677322fd5026836bc459702d1da5e8464fb,integer,auto,baseline,0,298600,218700,375500,5,1.0
target/balance-work/scaling,1cd2731097704c77ed49833df58bb677322fd5026836bc459702d1da5e8464fb,integer,auto,repair,100000,690100,621100,1044400,5,2.311118553248493
target/balance-work/scaling,1cd2731097704c77ed49833df58bb677322fd5026836bc459702d1da5e8464fb,integer,auto,balanced,100000,734700,652300,766700,5,2.4604822505023445
target/balance-work/scaling,a8b6697038fb5b83f1d443bd5e672bb29379edbde48371e975361fdc6a2287dd,integer,auto,balanced,100000,1299700,1252700,1425700,5,1.997080516287646
target/balance-work/scaling,a8b6697038fb5b83f1d443bd5e672bb29379edbde48371e975361fdc6a2287dd,integer,auto,baseline,0,650800,554500,674800,5,1.0
target/balance-work/scaling,a8b6697038fb5b83f1d443bd5e672bb29379edbde48371e975361fdc6a2287dd,integer,auto,repair,100000,1255500,1184100,1372400,5,1.9291641057160418
target/balance-work/scaling,7028e11d7ad6276ab05102e4fed3c8058d5a0a7269e1e1d0d24d6ca60292b095,integer,auto,repair,100000,639500,523000,743900,5,1.816245384833854
target/balance-work/scaling,7028e11d7ad6276ab05102e4fed3c8058d5a0a7269e1e1d0d24d6ca60292b095,integer,auto,balanced,100000,819700,735900,1143400,5,2.3280318091451293
target/balance-work/scaling,7028e11d7ad6276ab05102e4fed3c8058d5a0a7269e1e1d0d24d6ca60292b095,integer,auto,baseline,0,352100,248600,393700,5,1.0
target/balance-work/scaling,2a9f5cefc9fa59a1e55a72136514fcf0f9a868de446a48eac35bf28e628da807,integer,auto,balanced,100000,1364400,1284700,1406700,5,2.010610079575597
target/balance-work/scaling,2a9f5cefc9fa59a1e55a72136514fcf0f9a868de446a48eac35bf28e628da807,integer,auto,baseline,0,678600,623900,689400,5,1.0
target/balance-work/scaling,2a9f5cefc9fa59a1e55a72136514fcf0f9a868de446a48eac35bf28e628da807,integer,auto,repair,100000,1251600,1169300,1645000,5,1.8443854995579134
target/balance-work/scaling,bf8d7a7c8da8cd24c9b1008d54b827b5abb47094c2ee1e0c65bcee713622d245,integer,auto,repair,100000,1009900,880400,1117300,5,1.6924752807105747
target/balance-work/scaling,bf8d7a7c8da8cd24c9b1008d54b827b5abb47094c2ee1e0c65bcee713622d245,integer,auto,balanced,100000,2628500,2552000,2764700,5,4.405061169767052
target/balance-work/scaling,bf8d7a7c8da8cd24c9b1008d54b827b5abb47094c2ee1e0c65bcee713622d245,integer,auto,baseline,0,596700,432800,634700,5,1.0
target/balance-work/scaling,0072e756b39c9ee73dfd4c7ba22a60f03f8f451c496bba5bc7b21715db229184,integer,auto,repair,100000,1639400,1589900,1801400,5,1.7018581957853214
target/balance-work/scaling,0072e756b39c9ee73dfd4c7ba22a60f03f8f451c496bba5bc7b21715db229184,integer,auto,balanced,100000,3446300,3345000,3573400,5,3.5775978407557356
target/balance-work/scaling,0072e756b39c9ee73dfd4c7ba22a60f03f8f451c496bba5bc7b21715db229184,integer,auto,baseline,0,963300,862400,1070400,5,1.0
target/balance-work/scaling,659a05a6044be6ccd2f634ac2f3fd087778208223398c6d56dc8335e4b6a9a6b,integer,auto,balanced,100000,2803100,2635500,3086400,5,5.117013508579774
target/balance-work/scaling,659a05a6044be6ccd2f634ac2f3fd087778208223398c6d56dc8335e4b6a9a6b,integer,auto,baseline,0,547800,518000,603000,5,1.0
target/balance-work/scaling,659a05a6044be6ccd2f634ac2f3fd087778208223398c6d56dc8335e4b6a9a6b,integer,auto,repair,100000,996300,928800,1063100,5,1.8187294633077766
target/balance-work/scaling,c18eb98bfe795d5f0e69fa71ecefed1bd3fbb49b095756823a7bdbafe46ed24c,integer,auto,baseline,0,903100,885600,1120000,5,1.0
target/balance-work/scaling,c18eb98bfe795d5f0e69fa71ecefed1bd3fbb49b095756823a7bdbafe46ed24c,integer,auto,repair,100000,1597700,1590500,1618300,5,1.7691285571918947
target/balance-work/scaling,c18eb98bfe795d5f0e69fa71ecefed1bd3fbb49b095756823a7bdbafe46ed24c,integer,auto,balanced,100000,3425800,3412700,3646400,5,3.793378363414904
target/balance-work/scaling,0b77d8a45b364a0c4f93fd7a2c2c88178c192aac12e928677a9ee3c68c0160e6,integer,auto,balanced,100000,886300,783100,1068500,5,2.1830049261083744
target/balance-work/scaling,0b77d8a45b364a0c4f93fd7a2c2c88178c192aac12e928677a9ee3c68c0160e6,integer,auto,baseline,0,406000,335700,492800,5,1.0
target/balance-work/scaling,0b77d8a45b364a0c4f93fd7a2c2c88178c192aac12e928677a9ee3c68c0160e6,integer,auto,repair,100000,779600,616200,803300,5,1.9201970443349754
target/balance-work/scaling,83002e54ca1855b99039b415f732182178bbdea18b66cc5b3d6bf234a8a63972,integer,auto,repair,100000,1285300,1246600,1840700,5,1.9692048414279149
target/balance-work/scaling,83002e54ca1855b99039b415f732182178bbdea18b66cc5b3d6bf234a8a63972,integer,auto,balanced,100000,1574700,1425700,1834400,5,2.4125938409682854
target/balance-work/scaling,83002e54ca1855b99039b415f732182178bbdea18b66cc5b3d6bf234a8a63972,integer,auto,baseline,0,652700,586500,703400,5,1.0
target/balance-work/scaling,c716703744cc15b7e44a0b9b66eedc1e13557ddee99a14de4a0cd7297053c809,integer,auto,baseline,0,414100,269900,421100,5,1.0
target/balance-work/scaling,c716703744cc15b7e44a0b9b66eedc1e13557ddee99a14de4a0cd7297053c809,integer,auto,repair,100000,753400,663000,822600,5,1.819367302583917
target/balance-work/scaling,c716703744cc15b7e44a0b9b66eedc1e13557ddee99a14de4a0cd7297053c809,integer,auto,balanced,100000,938400,850900,1012900,5,2.2661192948563147
target/balance-work/scaling,1d32e2c8696e48aece467d5231538024e5cf0d94071676d32b88de908a671ce1,integer,auto,balanced,100000,1561900,1408000,2086000,5,1.6949538795442214
target/balance-work/scaling,1d32e2c8696e48aece467d5231538024e5cf0d94071676d32b88de908a671ce1,integer,auto,baseline,0,921500,591300,985800,5,1.0
target/balance-work/scaling,1d32e2c8696e48aece467d5231538024e5cf0d94071676d32b88de908a671ce1,integer,auto,repair,100000,1924000,1376100,1971300,5,2.0879001627780793
target/balance-work/scaling,3eabf700535a626c5e2cb7cbb1c776a2e80714cb6a3ca44f8e45522c57f97231,integer,auto,repair,100000,647800,532900,713000,5,1.3277310924369747
target/balance-work/scaling,3eabf700535a626c5e2cb7cbb1c776a2e80714cb6a3ca44f8e45522c57f97231,integer,auto,balanced,100000,603200,555300,616500,5,1.2363189178110268
target/balance-work/scaling,3eabf700535a626c5e2cb7cbb1c776a2e80714cb6a3ca44f8e45522c57f97231,integer,auto,baseline,0,487900,401900,584300,5,1.0
target/balance-work/scaling,e9fac54d08d3c06dc8d3a0f65933fe7b5d7736e1e07e7aaf6c57510506157a24,integer,auto,repair,100000,1280700,1227000,1605900,5,1.5838486272569874
target/balance-work/scaling,e9fac54d08d3c06dc8d3a0f65933fe7b5d7736e1e07e7aaf6c57510506157a24,integer,auto,balanced,100000,866900,755100,898500,5,1.072099925797675
target/balance-work/scaling,e9fac54d08d3c06dc8d3a0f65933fe7b5d7736e1e07e7aaf6c57510506157a24,integer,auto,baseline,0,808600,759700,866500,5,1.0
target/balance-work/scaling,1bde54b0e593103671034631652aee4db6768710dbcdccfc9fb9a0da5cd07a53,integer,auto,balanced,100000,607100,567200,628400,5,1.2244856797095602
target/balance-work/scaling,1bde54b0e593103671034631652aee4db6768710dbcdccfc9fb9a0da5cd07a53,integer,auto,baseline,0,495800,415300,574900,5,1.0
target/balance-work/scaling,1bde54b0e593103671034631652aee4db6768710dbcdccfc9fb9a0da5cd07a53,integer,auto,repair,100000,624500,531600,768300,5,1.2595804759983864
target/balance-work/scaling,eb417e7aa0ecc58b3064ef8db87ad17b5af13a214551ac2914952b110d902e0f,integer,auto,repair,100000,1331500,1195300,1791200,5,1.5879546809779368
target/balance-work/scaling,eb417e7aa0ecc58b3064ef8db87ad17b5af13a214551ac2914952b110d902e0f,integer,auto,balanced,100000,847800,768400,969300,5,1.0110912343470484
target/balance-work/scaling,eb417e7aa0ecc58b3064ef8db87ad17b5af13a214551ac2914952b110d902e0f,integer,auto,baseline,0,838500,709300,863500,5,1.0
target/balance-work/scaling,d0b8215d2c34ce4e3d5aa7097d1e59ceda32f207f813b0a032de6d9911423040,integer,auto,repair,100000,404300,328700,514500,5,1.1088864509051015
target/balance-work/scaling,d0b8215d2c34ce4e3d5aa7097d1e59ceda32f207f813b0a032de6d9911423040,integer,auto,balanced,100000,389100,362200,444500,5,1.0671969281404279
target/balance-work/scaling,d0b8215d2c34ce4e3d5aa7097d1e59ceda32f207f813b0a032de6d9911423040,integer,auto,baseline,0,364600,349300,375100,5,1.0
target/balance-work/scaling,1d5423fbf0de630c100c999204fc53e16f0a4dc8900474e69aa5ed96626e4c72,integer,auto,balanced,100000,590100,565300,672500,5,0.9511605415860735
target/balance-work/scaling,1d5423fbf0de630c100c999204fc53e16f0a4dc8900474e69aa5ed96626e4c72,integer,auto,baseline,0,620400,567200,670000,5,1.0
target/balance-work/scaling,1d5423fbf0de630c100c999204fc53e16f0a4dc8900474e69aa5ed96626e4c72,integer,auto,repair,100000,1043600,876200,1234000,5,1.68214055448098
target/balance-work/scaling,a852bcb54fd96aadf3986514af47ac8c007c83f1579726582eed3d347d2528a8,integer,auto,baseline,0,210600,199500,355200,5,1.0
target/balance-work/scaling,a852bcb54fd96aadf3986514af47ac8c007c83f1579726582eed3d347d2528a8,integer,auto,repair,100000,507800,448500,739800,5,2.4112060778727447
target/balance-work/scaling,a852bcb54fd96aadf3986514af47ac8c007c83f1579726582eed3d347d2528a8,integer,auto,balanced,100000,403800,248800,411600,5,1.9173789173789173
target/balance-work/scaling,76908b59dc9cb1568d15ac1a6a7c44da1bf4cf8fd2e0925ad79b41eba54c1d9b,integer,auto,balanced,100000,641400,524700,661900,5,1.0305269922879177
target/balance-work/scaling,76908b59dc9cb1568d15ac1a6a7c44da1bf4cf8fd2e0925ad79b41eba54c1d9b,integer,auto,baseline,0,622400,551500,648000,5,1.0
target/balance-work/scaling,76908b59dc9cb1568d15ac1a6a7c44da1bf4cf8fd2e0925ad79b41eba54c1d9b,integer,auto,repair,100000,1127800,910000,1189000,5,1.812017994858612
target/balance-work/scaling,81c4c16ee79816580c0f9f33b25795e436fc198fd42e787430794bbda2901737,integer,auto,balanced,100000,1316700,1198300,1519700,5,2.241191489361702
target/balance-work/scaling,81c4c16ee79816580c0f9f33b25795e436fc198fd42e787430794bbda2901737,integer,auto,baseline,0,587500,517000,651000,5,1.0
target/balance-work/scaling,81c4c16ee79816580c0f9f33b25795e436fc198fd42e787430794bbda2901737,integer,auto,repair,100000,917400,800700,1017000,5,1.561531914893617
target/balance-work/scaling,412f53d3247f8640ad9a1794c3803e946e97d117600b3b3f804b044db027bcf9,integer,auto,repair,100000,1494500,1457800,1622700,5,1.7078048223060223
target/balance-work/scaling,412f53d3247f8640ad9a1794c3803e946e97d117600b3b3f804b044db027bcf9,integer,auto,balanced,100000,1944200,1803200,2099600,5,2.221688949834305
target/balance-work/scaling,412f53d3247f8640ad9a1794c3803e946e97d117600b3b3f804b044db027bcf9,integer,auto,baseline,0,875100,747400,936100,5,1.0
target/balance-work/scaling,385358d5b5619bc9626ee9ff369e72a0f6d2248cb366018728a3980aa23e4711,integer,auto,repair,100000,895200,790100,934600,5,1.6132636511083078
target/balance-work/scaling,385358d5b5619bc9626ee9ff369e72a0f6d2248cb366018728a3980aa23e4711,integer,auto,balanced,100000,1707100,1530300,1889600,5,3.076410163993512
target/balance-work/scaling,385358d5b5619bc9626ee9ff369e72a0f6d2248cb366018728a3980aa23e4711,integer,auto,baseline,0,554900,384400,559200,5,1.0
target/balance-work/scaling,6dd181ba3765d3271d313341c042400f9e05dde4eb21576db29beaab6f49d8c7,integer,auto,baseline,0,821500,749700,1019600,5,1.0
target/balance-work/scaling,6dd181ba3765d3271d313341c042400f9e05dde4eb21576db29beaab6f49d8c7,integer,auto,repair,100000,1474500,1350000,1549100,5,1.794887401095557
target/balance-work/scaling,6dd181ba3765d3271d313341c042400f9e05dde4eb21576db29beaab6f49d8c7,integer,auto,balanced,100000,2476800,2251300,2616600,5,3.0149726110772974
target/balance-work/scaling,25bb1b23749a64eb4e3ff3f5e43bdaa5c1878720eaec6ac51ff4e9f305bec837,integer,auto,balanced,100000,51536600,51521900,51649600,5,8.459162234915633
target/balance-work/scaling,25bb1b23749a64eb4e3ff3f5e43bdaa5c1878720eaec6ac51ff4e9f305bec837,integer,auto,baseline,0,6092400,5946300,6383900,5,1.0
target/balance-work/scaling,25bb1b23749a64eb4e3ff3f5e43bdaa5c1878720eaec6ac51ff4e9f305bec837,integer,auto,repair,100000,11719200,11341500,14999800,5,1.9235769155012803
target/balance-work/scaling,e489f53b6c320d3bedfacec5fcaaa51eeecbbfc05e96a0e479a53e4b3ad905cd,integer,auto,baseline,0,10123200,9800100,14160800,5,1.0
target/balance-work/scaling,e489f53b6c320d3bedfacec5fcaaa51eeecbbfc05e96a0e479a53e4b3ad905cd,integer,auto,repair,100000,20276900,19106500,25998900,5,2.003012881302355
target/balance-work/scaling,e489f53b6c320d3bedfacec5fcaaa51eeecbbfc05e96a0e479a53e4b3ad905cd,integer,auto,balanced,100000,61877100,59869400,65444100,5,6.112405168326221
target/balance-work/scaling,d08b6bc14624e88834a73375984e2def79ed489fbf7cfa0b4b77d612902a91a8,integer,auto,baseline,0,6001600,5784900,7042200,5,1.0
target/balance-work/scaling,d08b6bc14624e88834a73375984e2def79ed489fbf7cfa0b4b77d612902a91a8,integer,auto,repair,100000,11172200,11087400,11482800,5,1.86153692348707
target/balance-work/scaling,d08b6bc14624e88834a73375984e2def79ed489fbf7cfa0b4b77d612902a91a8,integer,auto,balanced,100000,53015200,51587600,61004700,5,8.833511063716342
target/balance-work/scaling,f89bc8db5d625a889ef6e048b5ac24ba602768eea83b38a1e4b7cf20fa98120a,integer,auto,balanced,100000,59947800,59187400,61026100,5,5.979830423940149
target/balance-work/scaling,f89bc8db5d625a889ef6e048b5ac24ba602768eea83b38a1e4b7cf20fa98120a,integer,auto,baseline,0,10025000,9822500,13929500,5,1.0
target/balance-work/scaling,f89bc8db5d625a889ef6e048b5ac24ba602768eea83b38a1e4b7cf20fa98120a,integer,auto,repair,100000,19361600,18607700,19783300,5,1.9313316708229427
target/balance-work/scaling,968e6f64046b437973d0175dc676aa8ac28a454125369fbbad01c38b1ebdbc80,integer,auto,baseline,0,1904800,1845900,2411900,5,1.0
target/balance-work/scaling,968e6f64046b437973d0175dc676aa8ac28a454125369fbbad01c38b1ebdbc80,integer,auto,repair,100000,4506700,4106900,5445000,5,2.365970180596388
target/balance-work/scaling,968e6f64046b437973d0175dc676aa8ac28a454125369fbbad01c38b1ebdbc80,integer,auto,balanced,100000,7892500,7363000,7995700,5,4.143479630407392
target/balance-work/scaling,ea34667886a9686987f0250450fe3518e1599a62c06a0b033b703405006427f4,integer,auto,baseline,0,5271700,5214500,6141600,5,1.0
target/balance-work/scaling,ea34667886a9686987f0250450fe3518e1599a62c06a0b033b703405006427f4,integer,auto,repair,100000,11775000,11424900,11948000,5,2.2336248269059316
target/balance-work/scaling,ea34667886a9686987f0250450fe3518e1599a62c06a0b033b703405006427f4,integer,auto,balanced,100000,15075600,14953200,15342400,5,2.859722670106417
target/balance-work/scaling,dcf722929865ef49f25021cddf328b2bc2878d6587fd90a2c72de8c2aef17a86,integer,auto,repair,100000,4269200,3823200,4330600,5,2.082638177472072
target/balance-work/scaling,dcf722929865ef49f25021cddf328b2bc2878d6587fd90a2c72de8c2aef17a86,integer,auto,balanced,100000,7647400,7269900,9022900,5,3.730621005902727
target/balance-work/scaling,dcf722929865ef49f25021cddf328b2bc2878d6587fd90a2c72de8c2aef17a86,integer,auto,baseline,0,2049900,1906900,2105900,5,1.0
target/balance-work/scaling,452ffdf3e26ed645675d81c12d4fce3dabcb3614c66be6d5aa1bbb4bba30865b,integer,auto,repair,100000,11934200,11519100,11994500,5,2.1766615597869703
target/balance-work/scaling,452ffdf3e26ed645675d81c12d4fce3dabcb3614c66be6d5aa1bbb4bba30865b,integer,auto,balanced,100000,15072200,14812700,17276300,5,2.748996862916758
target/balance-work/scaling,452ffdf3e26ed645675d81c12d4fce3dabcb3614c66be6d5aa1bbb4bba30865b,integer,auto,baseline,0,5482800,5290300,8635200,5,1.0
target/balance-work/scaling,c56cd1bc5f142f69aa38a6c2e2f08471a6848e53878d0320ff2430e164581786,integer,auto,balanced,100000,6857400,6722400,7181300,5,3.796589524969549
target/balance-work/scaling,c56cd1bc5f142f69aa38a6c2e2f08471a6848e53878d0320ff2430e164581786,integer,auto,baseline,0,1806200,1790100,1860100,5,1.0
target/balance-work/scaling,c56cd1bc5f142f69aa38a6c2e2f08471a6848e53878d0320ff2430e164581786,integer,auto,repair,100000,3994500,3814700,4687100,5,2.2115491086258445
target/balance-work/scaling,3c590359e0f782f23c00a4dd2a10ceb76889961d8cc931ec3878b5da2dc649cb,integer,auto,baseline,0,5248300,5139900,5544500,5,1.0
target/balance-work/scaling,3c590359e0f782f23c00a4dd2a10ceb76889961d8cc931ec3878b5da2dc649cb,integer,auto,repair,100000,12117800,11358300,16220200,5,2.3089000247699256
target/balance-work/scaling,3c590359e0f782f23c00a4dd2a10ceb76889961d8cc931ec3878b5da2dc649cb,integer,auto,balanced,100000,14343700,13979500,16296500,5,2.733018310691081
target/balance-work/scaling,62cde619bed8970612a79a8ae55053c78dad765ffded2d0058fbe5dab0baf41f,integer,auto,baseline,0,2109200,2072600,2333100,5,1.0
target/balance-work/scaling,62cde619bed8970612a79a8ae55053c78dad765ffded2d0058fbe5dab0baf41f,integer,auto,repair,100000,4285900,3925700,4942200,5,2.0320026550350843
target/balance-work/scaling,62cde619bed8970612a79a8ae55053c78dad765ffded2d0058fbe5dab0baf41f,integer,auto,balanced,100000,7194200,7092600,7384600,5,3.4108666793096907
target/balance-work/scaling,3a9f6ca72b12ad40c841e69e52e0bb282f405b13b5a04bedcec9d1e255834707,integer,auto,balanced,100000,14111300,13978000,14501800,5,2.608084131149965
target/balance-work/scaling,3a9f6ca72b12ad40c841e69e52e0bb282f405b13b5a04bedcec9d1e255834707,integer,auto,baseline,0,5410600,5336800,5840300,5,1.0
target/balance-work/scaling,3a9f6ca72b12ad40c841e69e52e0bb282f405b13b5a04bedcec9d1e255834707,integer,auto,repair,100000,11690800,11166500,12430500,5,2.1607215465937233
target/balance-work/scaling,17ba27717978fcefe9823c1abd56b66721410447972fb464961f05a06c8644e0,integer,auto,baseline,0,1739400,1725000,1756100,5,1.0
target/balance-work/scaling,17ba27717978fcefe9823c1abd56b66721410447972fb464961f05a06c8644e0,integer,auto,repair,100000,4121800,3752200,4791000,5,2.3696677015062666
target/balance-work/scaling,17ba27717978fcefe9823c1abd56b66721410447972fb464961f05a06c8644e0,integer,auto,balanced,100000,12405500,12184500,12501800,5,7.13205703116017
target/balance-work/scaling,2e6946d4522bd449f6aadd6c47bf113c188a6dc1a8ed757c6851653158a93e65,integer,auto,repair,100000,11253700,10651900,11813600,5,2.191951851346877
target/balance-work/scaling,2e6946d4522bd449f6aadd6c47bf113c188a6dc1a8ed757c6851653158a93e65,integer,auto,balanced,100000,20863300,20406300,26296900,5,4.063672308681171
target/balance-work/scaling,2e6946d4522bd449f6aadd6c47bf113c188a6dc1a8ed757c6851653158a93e65,integer,auto,baseline,0,5134100,4992000,5477500,5,1.0
target/balance-work/scaling,663424fbbc4f19150146a24de78d16a87e17618d3bd72ccdfb36d2d3f812cdcc,integer,auto,repair,100000,3827800,3758700,4465600,5,1.7891932317472188
target/balance-work/scaling,663424fbbc4f19150146a24de78d16a87e17618d3bd72ccdfb36d2d3f812cdcc,integer,auto,balanced,100000,6378400,6051300,6686400,5,2.981396653267271
target/balance-work/scaling,663424fbbc4f19150146a24de78d16a87e17618d3bd72ccdfb36d2d3f812cdcc,integer,auto,baseline,0,2139400,1913700,2229400,5,1.0
target/balance-work/scaling,c81d746d2c5360f12ad133e861489d00cd3ef9261d9081d2be9174ec6a3255d1,integer,auto,balanced,100000,13644100,13350700,14090700,5,2.5988266890154472
target/balance-work/scaling,c81d746d2c5360f12ad133e861489d00cd3ef9261d9081d2be9174ec6a3255d1,integer,auto,baseline,0,5250100,5082500,5850200,5,1.0
target/balance-work/scaling,c81d746d2c5360f12ad133e861489d00cd3ef9261d9081d2be9174ec6a3255d1,integer,auto,repair,100000,11307500,11124500,15419600,5,2.153768499647626
target/balance-work/scaling,4b8c99913dba3180e0d1460d86d054b37f03dfcf85ef6d4d24b054d05ce7b5ce,integer,auto,baseline,0,4728700,4626400,4887300,5,1.0
target/balance-work/scaling,4b8c99913dba3180e0d1460d86d054b37f03dfcf85ef6d4d24b054d05ce7b5ce,integer,auto,repair,100000,8021300,7893700,8329300,5,1.6963013090278511
target/balance-work/scaling,4b8c99913dba3180e0d1460d86d054b37f03dfcf85ef6d4d24b054d05ce7b5ce,integer,auto,balanced,100000,31050400,30650800,31368200,5,6.566371307124579
target/balance-work/scaling,c73b261aa71eb4a9bbc9b949447ea6e66b6c73a3112aaa36cdbaf70cb5022454,integer,auto,repair,100000,15740000,15545600,15781400,5,1.7610991765127104
target/balance-work/scaling,c73b261aa71eb4a9bbc9b949447ea6e66b6c73a3112aaa36cdbaf70cb5022454,integer,auto,balanced,100000,42110800,41454100,43308600,5,4.711645184389545
target/balance-work/scaling,c73b261aa71eb4a9bbc9b949447ea6e66b6c73a3112aaa36cdbaf70cb5022454,integer,auto,baseline,0,8937600,8749000,11563100,5,1.0
target/balance-work/scaling,81c8456b0c1395bfba409475f41cedb5828df5134c76cb585425648651a64dc6,integer,auto,repair,100000,7730600,7451300,8260700,5,1.6227120067170444
target/balance-work/scaling,81c8456b0c1395bfba409475f41cedb5828df5134c76cb585425648651a64dc6,integer,auto,balanced,100000,30388300,29999300,39033600,5,6.378736356003358
target/balance-work/scaling,81c8456b0c1395bfba409475f41cedb5828df5134c76cb585425648651a64dc6,integer,auto,baseline,0,4764000,4707000,5000200,5,1.0
target/balance-work/scaling,21095ec819098c6e28fae0f3319fc69d321fb3491d9a75855e9f64d9487d20f6,integer,auto,balanced,100000,41948500,41506500,46598000,5,4.605878606877773
target/balance-work/scaling,21095ec819098c6e28fae0f3319fc69d321fb3491d9a75855e9f64d9487d20f6,integer,auto,baseline,0,9107600,8787400,9407100,5,1.0
target/balance-work/scaling,21095ec819098c6e28fae0f3319fc69d321fb3491d9a75855e9f64d9487d20f6,integer,auto,repair,100000,15815400,15677900,15923400,5,1.7365057753963722
target/balance-work/scaling,88fd4aaed849420123d6f041bd488eb1b9ffc978fbd6c060579144de6a695dce,integer,auto,repair,100000,4208600,3984300,4544200,5,2.013395206429699
target/balance-work/scaling,88fd4aaed849420123d6f041bd488eb1b9ffc978fbd6c060579144de6a695dce,integer,auto,balanced,100000,7243500,7192100,7683200,5,3.4652920633401902
target/balance-work/scaling,88fd4aaed849420123d6f041bd488eb1b9ffc978fbd6c060579144de6a695dce,integer,auto,baseline,0,2090300,2061100,2374300,5,1.0
target/balance-work/scaling,71822e628790b8c24ef263242e942092b3c509c0342ee616bbaf752800501a40,integer,auto,baseline,0,5756400,5426600,5818900,5,1.0
target/balance-work/scaling,71822e628790b8c24ef263242e942092b3c509c0342ee616bbaf752800501a40,integer,auto,repair,100000,11987400,11813500,13395400,5,2.082447362935168
target/balance-work/scaling,71822e628790b8c24ef263242e942092b3c509c0342ee616bbaf752800501a40,integer,auto,balanced,100000,15085600,14934000,20210700,5,2.6206656938364254
target/balance-work/scaling,28c0f65d3184952c9c395b366f54032069461ea5dc0466d3637a7a3e089d41f2,integer,auto,baseline,0,2099900,2036800,2410000,5,1.0
target/balance-work/scaling,28c0f65d3184952c9c395b366f54032069461ea5dc0466d3637a7a3e089d41f2,integer,auto,repair,100000,4235100,4040200,4870000,5,2.016810324301157
target/balance-work/scaling,28c0f65d3184952c9c395b366f54032069461ea5dc0466d3637a7a3e089d41f2,integer,auto,balanced,100000,7637300,7391000,7852500,5,3.6369827134625456
target/balance-work/scaling,1af3b180885f28b67f439ece5a03c810ccfc667879e155576e8d9dea621e3504,integer,auto,balanced,100000,15305900,14839100,15665600,5,2.672726002759006
target/balance-work/scaling,1af3b180885f28b67f439ece5a03c810ccfc667879e155576e8d9dea621e3504,integer,auto,baseline,0,5726700,5355300,5955500,5,1.0
target/balance-work/scaling,1af3b180885f28b67f439ece5a03c810ccfc667879e155576e8d9dea621e3504,integer,auto,repair,100000,11659600,11148700,12723300,5,2.0360067752807027
target/balance-work/scaling,d6b3c3a39827128bb9c480b93dd25f1b5ca925aba9754f27a62c0fbf23d9f35e,integer,auto,repair,100000,6367900,6244600,6702600,5,1.3940541605551786
target/balance-work/scaling,d6b3c3a39827128bb9c480b93dd25f1b5ca925aba9754f27a62c0fbf23d9f35e,integer,auto,balanced,100000,4838600,4702600,5142300,5,1.0592613673679372
target/balance-work/scaling,d6b3c3a39827128bb9c480b93dd25f1b5ca925aba9754f27a62c0fbf23d9f35e,integer,auto,baseline,0,4567900,4492000,5396600,5,1.0
target/balance-work/scaling,59a74eaa1d62383d033a99a80253e8b66414d1dedfd5ea39a625708aad933842,integer,auto,balanced,100000,8568300,8381200,8924300,5,1.0294230723021842
target/balance-work/scaling,59a74eaa1d62383d033a99a80253e8b66414d1dedfd5ea39a625708aad933842,integer,auto,baseline,0,8323400,8177900,8905500,5,1.0
target/balance-work/scaling,59a74eaa1d62383d033a99a80253e8b66414d1dedfd5ea39a625708aad933842,integer,auto,repair,100000,13926000,13624900,16868300,5,1.673114352307951
target/balance-work/scaling,a52531094a268cff4d106c1fd98e95442e1e28bf7e059d3ad3beb590932cd770,integer,auto,repair,100000,6570700,6172600,7879400,5,1.447960510368232
target/balance-work/scaling,a52531094a268cff4d106c1fd98e95442e1e28bf7e059d3ad3beb590932cd770,integer,auto,balanced,100000,4955900,4728300,5177200,5,1.0921130919588355
target/balance-work/scaling,a52531094a268cff4d106c1fd98e95442e1e28bf7e059d3ad3beb590932cd770,integer,auto,baseline,0,4537900,4483600,4580700,5,1.0
target/balance-work/scaling,07f51d3692bebfd35fcf250b9cd2ace3b701322b3fe2168c8475be44942aae85,integer,auto,balanced,100000,8714200,8420400,9197900,5,1.0625777344226315
target/balance-work/scaling,07f51d3692bebfd35fcf250b9cd2ace3b701322b3fe2168c8475be44942aae85,integer,auto,baseline,0,8201000,8149900,8370100,5,1.0
target/balance-work/scaling,07f51d3692bebfd35fcf250b9cd2ace3b701322b3fe2168c8475be44942aae85,integer,auto,repair,100000,13944300,13469100,18440100,5,1.7003170345079868
target/balance-work/scaling,992d71d9b3f3721ce49d89c2d14b0f3e79f64f35b114fc9ef0a7843d607e4bb4,integer,auto,repair,100000,3010700,2988600,3798300,5,2.2170103092783506
target/balance-work/scaling,992d71d9b3f3721ce49d89c2d14b0f3e79f64f35b114fc9ef0a7843d607e4bb4,integer,auto,balanced,100000,1490300,1478300,1721900,5,1.0974226804123712
target/balance-work/scaling,992d71d9b3f3721ce49d89c2d14b0f3e79f64f35b114fc9ef0a7843d607e4bb4,integer,auto,baseline,0,1358000,1340100,1617100,5,1.0
target/balance-work/scaling,863f6bf1cc308627640dd29486f1b23c3c12ad4e8489a39c1acc14debcd71e92,integer,auto,balanced,100000,5312600,5015900,5387100,5,1.1331854443069835
target/balance-work/scaling,863f6bf1cc308627640dd29486f1b23c3c12ad4e8489a39c1acc14debcd71e92,integer,auto,baseline,0,4688200,4621000,6800500,5,1.0
target/balance-work/scaling,863f6bf1cc308627640dd29486f1b23c3c12ad4e8489a39c1acc14debcd71e92,integer,auto,repair,100000,10410800,10262500,10468500,5,2.2206390512350156
target/balance-work/scaling,92b36c23ff7575c162edc23c6903cff60aa89922dd864f5b77d1af39d02b53ed,integer,auto,balanced,100000,1691600,1655200,2016500,5,1.203043880236114
target/balance-work/scaling,92b36c23ff7575c162edc23c6903cff60aa89922dd864f5b77d1af39d02b53ed,integer,auto,baseline,0,1406100,1336400,1520000,5,1.0
target/balance-work/scaling,92b36c23ff7575c162edc23c6903cff60aa89922dd864f5b77d1af39d02b53ed,integer,auto,repair,100000,3027400,2976800,3449200,5,2.1530474361709695
target/balance-work/scaling,0d3c7760d1c746e8446c6cba76787b5564b57033ea2e064e075b3d9a18ad5d54,integer,auto,balanced,100000,5277200,4880300,5322400,5,1.109331315297135
target/balance-work/scaling,0d3c7760d1c746e8446c6cba76787b5564b57033ea2e064e075b3d9a18ad5d54,integer,auto,baseline,0,4757100,4680300,5383200,5,1.0
target/balance-work/scaling,0d3c7760d1c746e8446c6cba76787b5564b57033ea2e064e075b3d9a18ad5d54,integer,auto,repair,100000,10143900,10050700,10321600,5,2.132370561896954
target/balance-work/scaling,3f4beb07d7e3aa799f7e88761be2e4321d7806890fe0a9b2a2028e08a3f44b46,integer,auto,baseline,0,4350200,4309000,4569000,5,1.0
target/balance-work/scaling,3f4beb07d7e3aa799f7e88761be2e4321d7806890fe0a9b2a2028e08a3f44b46,integer,auto,repair,100000,8173200,7820100,8302300,5,1.8788101696473725
target/balance-work/scaling,3f4beb07d7e3aa799f7e88761be2e4321d7806890fe0a9b2a2028e08a3f44b46,integer,auto,balanced,100000,14204900,14117700,14459100,5,3.2653441221093282
target/balance-work/scaling,63dd5059160eb8881d3995cc750609b48a9f998c9230523b3f0b569321981924,integer,auto,baseline,0,8398200,8296300,8649700,5,1.0
target/balance-work/scaling,63dd5059160eb8881d3995cc750609b48a9f998c9230523b3f0b569321981924,integer,auto,repair,100000,15553500,15453100,18085500,5,1.8520040008573266
target/balance-work/scaling,63dd5059160eb8881d3995cc750609b48a9f998c9230523b3f0b569321981924,integer,auto,balanced,100000,22025900,21756800,29150200,5,2.6226929580148126
target/balance-work/scaling,073da7ea091641ef1f75e2285015637b90accb1edb8ad47bd53296cbd4156f80,integer,auto,baseline,0,3662100,3583700,3931600,5,1.0
target/balance-work/scaling,073da7ea091641ef1f75e2285015637b90accb1edb8ad47bd53296cbd4156f80,integer,auto,repair,100000,6763900,6610200,7742600,5,1.8470003549875755
target/balance-work/scaling,073da7ea091641ef1f75e2285015637b90accb1edb8ad47bd53296cbd4156f80,integer,auto,balanced,100000,11334600,11273300,11861300,5,3.0951093634799705
target/balance-work/scaling,093603bd86ecdcc99650e47a9214e3b86ee79a620f12e4d8f56cc09e27d94d90,integer,auto,baseline,0,7275000,7067100,7804100,5,1.0
target/balance-work/scaling,093603bd86ecdcc99650e47a9214e3b86ee79a620f12e4d8f56cc09e27d94d90,integer,auto,repair,100000,14015000,13889500,14359900,5,1.9264604810996564
target/balance-work/scaling,093603bd86ecdcc99650e47a9214e3b86ee79a620f12e4d8f56cc09e27d94d90,integer,auto,balanced,100000,18972300,18640800,21598700,5,2.607876288659794
target/balance-work/scaling,b4b246942a3374e7ba5c80d55f629ea6a39450397372c93e7dc902bee948dcfb,integer,auto,balanced,100000,131700,126900,206900,5,1.6199261992619927
target/balance-work/scaling,b4b246942a3374e7ba5c80d55f629ea6a39450397372c93e7dc902bee948dcfb,integer,auto,baseline,0,81300,77900,120400,5,1.0
target/balance-work/scaling,b4b246942a3374e7ba5c80d55f629ea6a39450397372c93e7dc902bee948dcfb,integer,auto,repair,100000,131900,129100,143900,5,1.6223862238622386
target/balance-work/scaling,7917d088b5decd6b33dee1e763212a851d9758ce6de48a1e7842a262360186ef,integer,auto,repair,100000,177300,170000,193300,5,1.7712287712287713
target/balance-work/scaling,7917d088b5decd6b33dee1e763212a851d9758ce6de48a1e7842a262360186ef,integer,auto,balanced,100000,180100,177300,291200,5,1.7992007992007992
target/balance-work/scaling,7917d088b5decd6b33dee1e763212a851d9758ce6de48a1e7842a262360186ef,integer,auto,baseline,0,100100,97600,104800,5,1.0
target/balance-work/scaling,c0888d0a3f1a8696d5b245681552d3653927f2364182fc99c585364f05bc11ce,integer,auto,repair,100000,150900,139600,151900,5,1.967405475880052
target/balance-work/scaling,c0888d0a3f1a8696d5b245681552d3653927f2364182fc99c585364f05bc11ce,integer,auto,balanced,100000,126500,124100,133000,5,1.649282920469361
target/balance-work/scaling,c0888d0a3f1a8696d5b245681552d3653927f2364182fc99c585364f05bc11ce,integer,auto,baseline,0,76700,75500,85600,5,1.0
target/balance-work/scaling,14f82272d520f0fff0f7e5d55de072c208dae40303bc25c1bbc3e52460996dc3,integer,auto,repair,100000,165400,163500,168700,5,1.6791878172588832
target/balance-work/scaling,14f82272d520f0fff0f7e5d55de072c208dae40303bc25c1bbc3e52460996dc3,integer,auto,balanced,100000,173300,168500,179000,5,1.7593908629441624
target/balance-work/scaling,14f82272d520f0fff0f7e5d55de072c208dae40303bc25c1bbc3e52460996dc3,integer,auto,baseline,0,98500,96500,140400,5,1.0
target/balance-work/scaling,44a2def2ab8e1e3c8dda230d47f07a098dfe958559fcb86b3aeb64cdcb0640e0,integer,auto,repair,100000,142300,134400,178000,5,1.7062350119904077
target/balance-work/scaling,44a2def2ab8e1e3c8dda230d47f07a098dfe958559fcb86b3aeb64cdcb0640e0,integer,auto,balanced,100000,151400,149100,173700,5,1.815347721822542
target/balance-work/scaling,44a2def2ab8e1e3c8dda230d47f07a098dfe958559fcb86b3aeb64cdcb0640e0,integer,auto,baseline,0,83400,79900,88000,5,1.0
target/balance-work/scaling,5144522c73300df93df350dd83bf12ece006a3955ed0758cdae482b433583fe9,integer,auto,baseline,0,104300,100800,121200,5,1.0
target/balance-work/scaling,5144522c73300df93df350dd83bf12ece006a3955ed0758cdae482b433583fe9,integer,auto,repair,100000,174100,170600,245700,5,1.6692233940556087
target/balance-work/scaling,5144522c73300df93df350dd83bf12ece006a3955ed0758cdae482b433583fe9,integer,auto,balanced,100000,200200,192700,204700,5,1.919463087248322
target/balance-work/scaling,63c388c2ef2446617f806aa1ad74e85ddcbc9ac2412b172c4395438394164eee,integer,auto,balanced,100000,154800,150000,165100,5,1.8254716981132075
target/balance-work/scaling,63c388c2ef2446617f806aa1ad74e85ddcbc9ac2412b172c4395438394164eee,integer,auto,baseline,0,84800,80800,94800,5,1.0
target/balance-work/scaling,63c388c2ef2446617f806aa1ad74e85ddcbc9ac2412b172c4395438394164eee,integer,auto,repair,100000,133300,130100,136900,5,1.571933962264151
target/balance-work/scaling,6a2b7d80d6d86e8ae008036a38130dcb8d7fcd43b1545e45bc8d13a45c5b04c1,integer,auto,repair,100000,173900,167800,188500,5,1.5723327305605788
target/balance-work/scaling,6a2b7d80d6d86e8ae008036a38130dcb8d7fcd43b1545e45bc8d13a45c5b04c1,integer,auto,balanced,100000,195900,194200,200800,5,1.77124773960217
target/balance-work/scaling,6a2b7d80d6d86e8ae008036a38130dcb8d7fcd43b1545e45bc8d13a45c5b04c1,integer,auto,baseline,0,110600,101600,140700,5,1.0
target/balance-work/scaling,b820b7149b38142044725fac5396f84be71ab9703eaa05ae9b32fed91a1c6064,integer,auto,repair,100000,767400,695500,784900,5,2.0723737510126923
target/balance-work/scaling,b820b7149b38142044725fac5396f84be71ab9703eaa05ae9b32fed91a1c6064,integer,auto,balanced,100000,841000,760600,1177300,5,2.2711315149878475
target/balance-work/scaling,b820b7149b38142044725fac5396f84be71ab9703eaa05ae9b32fed91a1c6064,integer,auto,baseline,0,370300,248500,412600,5,1.0
target/balance-work/scaling,78d06a4e7aad955ae575dbe9721d3bacb463b3f93d6487619bbdea89d2f94f0b,integer,auto,repair,100000,1300200,1260700,1546300,5,1.935109391278464
target/balance-work/scaling,78d06a4e7aad955ae575dbe9721d3bacb463b3f93d6487619bbdea89d2f94f0b,integer,auto,balanced,100000,1408900,1261000,1452100,5,2.096889418068165
target/balance-work/scaling,78d06a4e7aad955ae575dbe9721d3bacb463b3f93d6487619bbdea89d2f94f0b,integer,auto,baseline,0,671900,495500,687900,5,1.0
target/balance-work/scaling,2324a8617dfff076207dfd504470b11afdde1c080dfa944a9c58ab684d26b45b,integer,auto,repair,100000,784000,738400,875800,5,1.9546247818499127
target/balance-work/scaling,2324a8617dfff076207dfd504470b11afdde1c080dfa944a9c58ab684d26b45b,integer,auto,balanced,100000,757000,657800,837200,5,1.887309897781102
target/balance-work/scaling,2324a8617dfff076207dfd504470b11afdde1c080dfa944a9c58ab684d26b45b,integer,auto,baseline,0,401100,238200,405300,5,1.0
target/balance-work/scaling,201601c65d471024a641966b9905221c9b401451b6e29063010b24272960dd53,integer,auto,repair,100000,1334100,1328200,1622400,5,2.0271995137517096
target/balance-work/scaling,201601c65d471024a641966b9905221c9b401451b6e29063010b24272960dd53,integer,auto,balanced,100000,1320900,1282500,1421500,5,2.0071417717672086
target/balance-work/scaling,201601c65d471024a641966b9905221c9b401451b6e29063010b24272960dd53,integer,auto,baseline,0,658100,574000,911200,5,1.0
target/balance-work/scaling,a074e797fd0a7fc2843726c5d149f1667696ef53adbe26615b1e04eecd8b0aea,integer,auto,balanced,100000,1137900,925400,1620400,5,2.3686511240632804
target/balance-work/scaling,a074e797fd0a7fc2843726c5d149f1667696ef53adbe26615b1e04eecd8b0aea,integer,auto,baseline,0,480400,455500,583500,5,1.0
target/balance-work/scaling,a074e797fd0a7fc2843726c5d149f1667696ef53adbe26615b1e04eecd8b0aea,integer,auto,repair,100000,832500,688900,850200,5,1.7329308909242298
target/balance-work/scaling,3cee0b54d452ca13203e9b8c7b4f7c74cba7e9e086534f0ccc672d25feb9d6b8,integer,auto,balanced,100000,1627100,1465300,1649600,5,2.442359651756229
target/balance-work/scaling,3cee0b54d452ca13203e9b8c7b4f7c74cba7e9e086534f0ccc672d25feb9d6b8,integer,auto,baseline,0,666200,640600,894900,5,1.0
target/balance-work/scaling,3cee0b54d452ca13203e9b8c7b4f7c74cba7e9e086534f0ccc672d25feb9d6b8,integer,auto,repair,100000,1393400,1302800,1427500,5,2.0915640948664063
target/balance-work/scaling,52e76b15a7da73a7fd11fe72f04464e1855763742a99ba214447be6f233cab3e,integer,auto,balanced,100000,1064800,980700,1308000,5,2.473403019744483
target/balance-work/scaling,52e76b15a7da73a7fd11fe72f04464e1855763742a99ba214447be6f233cab3e,integer,auto,baseline,0,430500,364200,457200,5,1.0
target/balance-work/scaling,52e76b15a7da73a7fd11fe72f04464e1855763742a99ba214447be6f233cab3e,integer,auto,repair,100000,827900,601900,846200,5,1.9231126596980255
target/balance-work/scaling,a6f080996bece0600f085dd12e4d4fea5540c8f36867aa86e35f67b2b1981d99,integer,auto,repair,100000,1408100,1319800,1470400,5,1.9540660560643908
target/balance-work/scaling,a6f080996bece0600f085dd12e4d4fea5540c8f36867aa86e35f67b2b1981d99,integer,auto,balanced,100000,1678500,1527800,1990100,5,2.329308909242298
target/balance-work/scaling,a6f080996bece0600f085dd12e4d4fea5540c8f36867aa86e35f67b2b1981d99,integer,auto,baseline,0,720600,633800,770700,5,1.0
target/balance-work/scaling,c3547bae2d0656f0e9c380d16a1388a3c5c69b95c23db52cf69a33b949cc1b99,integer,auto,repair,100000,3723400,3678900,4708700,5,2.075473801560758
target/balance-work/scaling,c3547bae2d0656f0e9c380d16a1388a3c5c69b95c23db52cf69a33b949cc1b99,integer,auto,balanced,100000,6319800,6170100,6635900,5,3.522742474916388
target/balance-work/scaling,c3547bae2d0656f0e9c380d16a1388a3c5c69b95c23db52cf69a33b949cc1b99,integer,auto,baseline,0,1794000,1733600,1885100,5,1.0
target/balance-work/scaling,57256338c0188919517eb6870c5566594ee2c059cb4c6448fe361fcbe2bbbb67,integer,auto,baseline,0,5153700,5016600,5570000,5,1.0
target/balance-work/scaling,57256338c0188919517eb6870c5566594ee2c059cb4c6448fe361fcbe2bbbb67,integer,auto,repair,100000,11042500,10990300,12108700,5,2.142635388167724
target/balance-work/scaling,57256338c0188919517eb6870c5566594ee2c059cb4c6448fe361fcbe2bbbb67,integer,auto,balanced,100000,13652300,13292200,16340100,5,2.649028853057027
target/balance-work/scaling,353fc1f57b0d43aa4e98675d8573f5c6f4072d4e7c01fe9cbe9f37cbc85b7563,integer,auto,balanced,100000,6347700,6046900,6420900,5,3.5192659533181794
target/balance-work/scaling,353fc1f57b0d43aa4e98675d8573f5c6f4072d4e7c01fe9cbe9f37cbc85b7563,integer,auto,baseline,0,1803700,1755600,2114000,5,1.0
target/balance-work/scaling,353fc1f57b0d43aa4e98675d8573f5c6f4072d4e7c01fe9cbe9f37cbc85b7563,integer,auto,repair,100000,3736000,3714500,4187200,5,2.071297887675334
target/balance-work/scaling,68bb9a9129f3a67840dc43cac6e860e2088c9fc450af208c2b98e24494babecf,integer,auto,baseline,0,5359800,5031400,5546700,5,1.0
target/balance-work/scaling,68bb9a9129f3a67840dc43cac6e860e2088c9fc450af208c2b98e24494babecf,integer,auto,repair,100000,11350400,10764300,11445200,5,2.117690958617859
target/balance-work/scaling,68bb9a9129f3a67840dc43cac6e860e2088c9fc450af208c2b98e24494babecf,integer,auto,balanced,100000,13673900,13468100,13784100,5,2.5511959401470206
target/balance-work/scaling,d4940bdc6c234fa1672652a4944ffa4b1007649c88de5eef7d97f29425477d50,integer,auto,balanced,100000,8698300,8588000,8852200,5,3.659976436926702
target/balance-work/scaling,d4940bdc6c234fa1672652a4944ffa4b1007649c88de5eef7d97f29425477d50,integer,auto,baseline,0,2376600,2285500,2588300,5,1.0
target/balance-work/scaling,d4940bdc6c234fa1672652a4944ffa4b1007649c88de5eef7d97f29425477d50,integer,auto,repair,100000,4961100,4645200,5058600,5,2.087477909618783
target/balance-work/scaling,f0307c955f2d6f7ea3c64544c802cd6a618614ce3c15ecc28d383186465a63e5,integer,auto,repair,100000,12186300,11719800,16665500,5,2.107007624876809
target/balance-work/scaling,f0307c955f2d6f7ea3c64544c802cd6a618614ce3c15ecc28d383186465a63e5,integer,auto,balanced,100000,16011100,15899200,16316300,5,2.7683144008160867
target/balance-work/scaling,f0307c955f2d6f7ea3c64544c802cd6a618614ce3c15ecc28d383186465a63e5,integer,auto,baseline,0,5783700,5744800,6290400,5,1.0
target/balance-work/scaling,ed7970fedb3a98a4630ef6c8fbabe0b0a30221a45668e25450a1e81299281246,integer,auto,baseline,0,2330000,2308000,2577400,5,1.0
target/balance-work/scaling,ed7970fedb3a98a4630ef6c8fbabe0b0a30221a45668e25450a1e81299281246,integer,auto,repair,100000,5020600,4691500,5462000,5,2.154763948497854
target/balance-work/scaling,ed7970fedb3a98a4630ef6c8fbabe0b0a30221a45668e25450a1e81299281246,integer,auto,balanced,100000,8656400,8449500,8868000,5,3.7151931330472103
target/balance-work/scaling,39bb9147af72c95d8cdc1c41ff912a9af79977bdd2598204df0893ae3dc913a5,integer,auto,balanced,100000,16046400,15840700,16164200,5,2.7371724890829694
target/balance-work/scaling,39bb9147af72c95d8cdc1c41ff912a9af79977bdd2598204df0893ae3dc913a5,integer,auto,baseline,0,5862400,5735800,7033500,5,1.0
target/balance-work/scaling,39bb9147af72c95d8cdc1c41ff912a9af79977bdd2598204df0893ae3dc913a5,integer,auto,repair,100000,12504100,12150600,16399400,5,2.132931905021834
