family,pattern,order,n,m,k,objective,algorithm,sample,ns,normalization_ns,preprocessing_ns,timeline_ns,solver_ns,reconstruction_ns,vertices,edges,augmentations,components,peak_allocated_bytes,allocations
disjoint,constant,sorted,1000,16,4,50526,production,0,41800,0,0,0,0,0,0,0,0,0,82920,19
disjoint,constant,sorted,1000,16,4,50526,indirect,0,4300,700,0,0,0,0,0,0,0,0,1224,3
disjoint,constant,sorted,1000,16,4,50526,csr_guarded,0,141400,1600,31300,64800,0,0,0,0,0,0,154928,22
disjoint,constant,sorted,1000,16,4,50526,scalar,0,48400,0,0,0,0,0,0,0,0,0,82152,14
disjoint,constant,sorted,1000,16,4,50526,csr,0,532000,800,24700,156200,297400,1100,2002,3001,2,1,620088,38
disjoint,constant,sorted,1000,16,4,50526,packed,0,6800,2100,0,0,0,0,0,0,0,0,1480,3
disjoint,constant,sorted,1000,16,4,50526,indirect,1,2800,800,0,0,0,0,0,0,0,0,1224,3
disjoint,constant,sorted,1000,16,4,50526,csr,1,522300,1300,20900,143500,297000,1000,2002,3001,2,1,620088,38
disjoint,constant,sorted,1000,16,4,50526,csr_guarded,1,119100,700,28700,54700,0,0,0,0,0,0,154928,22
disjoint,constant,sorted,1000,16,4,50526,production,1,45700,0,0,0,0,0,0,0,0,0,82920,19
disjoint,constant,sorted,1000,16,4,50526,packed,1,4900,1200,0,0,0,0,0,0,0,0,1480,3
disjoint,constant,sorted,1000,16,4,50526,scalar,1,55900,0,0,0,0,0,0,0,0,0,82152,14
disjoint,constant,sorted,1000,16,4,50526,indirect,2,3700,700,0,0,0,0,0,0,0,0,1224,3
disjoint,constant,sorted,1000,16,4,50526,csr_guarded,2,135000,3600,37600,62200,0,0,0,0,0,0,154928,22
disjoint,constant,sorted,1000,16,4,50526,production,2,39400,0,0,0,0,0,0,0,0,0,82920,19
disjoint,constant,sorted,1000,16,4,50526,csr,2,514000,500,18700,147600,295500,1100,2002,3001,2,1,620088,38
disjoint,constant,sorted,1000,16,4,50526,packed,2,4800,1500,0,0,0,0,0,0,0,0,1480,3
disjoint,constant,sorted,1000,16,4,50526,scalar,2,42300,0,0,0,0,0,0,0,0,0,82152,14
disjoint,bottleneck,sorted,1000,16,4,50526,csr,0,560800,400,25200,146400,337900,1100,2002,3003,3,1,620152,38
disjoint,bottleneck,sorted,1000,16,4,50526,packed,0,3000,600,0,0,0,0,0,0,0,0,1480,3
disjoint,bottleneck,sorted,1000,16,4,50526,production,0,141000,0,0,0,0,0,0,0,0,0,154960,23
disjoint,bottleneck,sorted,1000,16,4,50526,indirect,0,4800,1200,0,0,0,0,0,0,0,0,1224,3
disjoint,bottleneck,sorted,1000,16,4,50526,csr_guarded,0,127500,900,35800,61400,0,0,0,0,0,0,154960,22
disjoint,bottleneck,sorted,1000,16,4,50526,production,1,123300,0,0,0,0,0,0,0,0,0,154960,23
disjoint,bottleneck,sorted,1000,16,4,50526,indirect,1,5400,1400,0,0,0,0,0,0,0,0,1224,3
disjoint,bottleneck,sorted,1000,16,4,50526,csr_guarded,1,120000,500,29300,56800,0,0,0,0,0,0,154960,22
disjoint,bottleneck,sorted,1000,16,4,50526,csr,1,603600,1000,19200,164800,365800,1000,2002,3003,3,1,620152,38
disjoint,bottleneck,sorted,1000,16,4,50526,packed,1,5000,1200,0,0,0,0,0,0,0,0,1480,3
disjoint,bottleneck,sorted,1000,16,4,50526,packed,2,2300,800,0,0,0,0,0,0,0,0,1480,3
disjoint,bottleneck,sorted,1000,16,4,50526,csr_guarded,2,122200,800,33000,56600,0,0,0,0,0,0,154960,22
disjoint,bottleneck,sorted,1000,16,4,50526,indirect,2,4000,1100,0,0,0,0,0,0,0,0,1224,3
disjoint,bottleneck,sorted,1000,16,4,50526,csr,2,599900,1000,21000,160200,352300,1100,2002,3003,3,1,620152,38
disjoint,bottleneck,sorted,1000,16,4,50526,production,2,131700,0,0,0,0,0,0,0,0,0,154960,23
disjoint,increasing,sorted,1000,16,4,50526,csr_guarded,0,113400,300,37900,55800,0,0,0,0,0,0,154976,22
disjoint,increasing,sorted,1000,16,4,50526,indirect,0,13600,2800,0,0,0,0,0,0,0,0,1224,3
disjoint,increasing,sorted,1000,16,4,50526,production,0,161800,0,0,0,0,0,0,0,0,0,154976,23
disjoint,increasing,sorted,1000,16,4,50526,csr,0,670800,900,20100,153600,440800,1100,2002,3004,5,1,620184,38
disjoint,increasing,sorted,1000,16,4,50526,packed,0,3600,700,0,0,0,0,0,0,0,0,1480,3
disjoint,increasing,sorted,1000,16,4,50526,csr,1,686400,600,18100,167400,445600,1000,2002,3004,5,1,620184,38
disjoint,increasing,sorted,1000,16,4,50526,csr_guarded,1,138700,500,43300,74000,0,0,0,0,0,0,154976,22
disjoint,increasing,sorted,1000,16,4,50526,production,1,133400,0,0,0,0,0,0,0,0,0,154976,23
disjoint,increasing,sorted,1000,16,4,50526,packed,1,3300,800,0,0,0,0,0,0,0,0,1480,3
disjoint,increasing,sorted,1000,16,4,50526,indirect,1,2300,700,0,0,0,0,0,0,0,0,1224,3
disjoint,increasing,sorted,1000,16,4,50526,packed,2,2100,700,0,0,0,0,0,0,0,0,1480,3
disjoint,increasing,sorted,1000,16,4,50526,production,2,139800,0,0,0,0,0,0,0,0,0,154976,23
disjoint,increasing,sorted,1000,16,4,50526,csr,2,649300,500,18800,142800,435200,1100,2002,3004,5,1,620184,38
disjoint,increasing,sorted,1000,16,4,50526,csr_guarded,2,120400,700,37100,63500,0,0,0,0,0,0,154976,22
disjoint,increasing,sorted,1000,16,4,50526,indirect,2,3600,700,0,0,0,0,0,0,0,0,1224,3
disjoint,decreasing,sorted,1000,16,4,50526,production,0,123500,0,0,0,0,0,0,0,0,0,154976,23
disjoint,decreasing,sorted,1000,16,4,50526,csr,0,635300,500,18000,140700,424600,1600,2002,3004,5,1,620184,38
disjoint,decreasing,sorted,1000,16,4,50526,indirect,0,3700,700,0,0,0,0,0,0,0,0,1224,3
disjoint,decreasing,sorted,1000,16,4,50526,csr_guarded,0,115200,500,28200,59000,0,0,0,0,0,0,154976,22
disjoint,decreasing,sorted,1000,16,4,50526,packed,0,2800,600,0,0,0,0,0,0,0,0,1480,3
disjoint,decreasing,sorted,1000,16,4,50526,indirect,1,5300,1700,0,0,0,0,0,0,0,0,1224,3
disjoint,decreasing,sorted,1000,16,4,50526,production,1,126200,0,0,0,0,0,0,0,0,0,154976,23
disjoint,decreasing,sorted,1000,16,4,50526,csr_guarded,1,122000,600,28800,60800,0,0,0,0,0,0,154976,22
disjoint,decreasing,sorted,1000,16,4,50526,packed,1,3700,700,0,0,0,0,0,0,0,0,1480,3
disjoint,decreasing,sorted,1000,16,4,50526,csr,1,671800,500,18400,152600,436300,1100,2002,3004,5,1,620184,38
disjoint,decreasing,sorted,1000,16,4,50526,csr_guarded,2,130900,500,35900,62800,0,0,0,0,0,0,154976,22
disjoint,decreasing,sorted,1000,16,4,50526,csr,2,670800,500,20800,159900,432800,1200,2002,3004,5,1,620184,38
disjoint,decreasing,sorted,1000,16,4,50526,production,2,137300,0,0,0,0,0,0,0,0,0,154976,23
disjoint,decreasing,sorted,1000,16,4,50526,indirect,2,3600,700,0,0,0,0,0,0,0,0,1224,3
disjoint,decreasing,sorted,1000,16,4,50526,packed,2,1900,500,0,0,0,0,0,0,0,0,1480,3
disjoint,sawtooth,sorted,1000,16,4,50526,production,0,120000,0,0,0,0,0,0,0,0,0,155264,23
disjoint,sawtooth,sorted,1000,16,4,50526,csr,0,877100,600,17600,153000,652500,1200,2006,3020,9,1,621368,38
disjoint,sawtooth,sorted,1000,16,4,50526,csr_guarded,0,118200,600,33000,64800,0,0,0,0,0,0,155264,22
disjoint,sawtooth,sorted,1000,16,4,50526,indirect,0,4100,1000,0,0,0,0,0,0,0,0,1512,5
disjoint,sawtooth,sorted,1000,16,4,50526,packed,0,2300,1000,0,0,0,0,0,0,0,0,1768,5
disjoint,sawtooth,sorted,1000,16,4,50526,csr,1,861600,500,18000,147100,648000,1000,2006,3020,9,1,621368,38
disjoint,sawtooth,sorted,1000,16,4,50526,production,1,124100,0,0,0,0,0,0,0,0,0,155264,23
disjoint,sawtooth,sorted,1000,16,4,50526,packed,1,3900,900,0,0,0,0,0,0,0,0,1768,5
disjoint,sawtooth,sorted,1000,16,4,50526,csr_guarded,1,128400,500,30900,66200,0,0,0,0,0,0,155264,22
disjoint,sawtooth,sorted,1000,16,4,50526,indirect,1,3300,1100,0,0,0,0,0,0,0,0,1512,5
disjoint,sawtooth,sorted,1000,16,4,50526,production,2,119300,0,0,0,0,0,0,0,0,0,155264,23
disjoint,sawtooth,sorted,1000,16,4,50526,csr,2,842700,500,16200,143200,639500,1100,2006,3020,9,1,621368,38
disjoint,sawtooth,sorted,1000,16,4,50526,csr_guarded,2,114100,500,28200,58700,0,0,0,0,0,0,155264,22
disjoint,sawtooth,sorted,1000,16,4,50526,indirect,2,3300,1100,0,0,0,0,0,0,0,0,1512,5
disjoint,sawtooth,sorted,1000,16,4,50526,packed,2,2300,1000,0,0,0,0,0,0,0,0,1768,5
disjoint,small_changes,sorted,1000,16,4,50526,production,0,116500,0,0,0,0,0,0,0,0,0,155264,23
disjoint,small_changes,sorted,1000,16,4,50526,indirect,0,4000,1000,0,0,0,0,0,0,0,0,1512,5
disjoint,small_changes,sorted,1000,16,4,50526,csr_guarded,0,119400,500,34400,61400,0,0,0,0,0,0,155264,22
disjoint,small_changes,sorted,1000,16,4,50526,csr,0,898600,400,17600,145100,684200,1100,2006,3020,10,1,621368,38
disjoint,small_changes,sorted,1000,16,4,50526,packed,0,3100,1000,0,0,0,0,0,0,0,0,1768,5
disjoint,small_changes,sorted,1000,16,4,50526,csr,1,894700,400,16400,145400,684700,1000,2006,3020,10,1,621368,38
disjoint,small_changes,sorted,1000,16,4,50526,indirect,1,13200,4700,0,0,0,0,0,0,0,0,1512,5
disjoint,small_changes,sorted,1000,16,4,50526,csr_guarded,1,141200,1100,32300,64400,0,0,0,0,0,0,155264,22
disjoint,small_changes,sorted,1000,16,4,50526,production,1,131300,0,0,0,0,0,0,0,0,0,155264,23
disjoint,small_changes,sorted,1000,16,4,50526,packed,1,4900,1500,0,0,0,0,0,0,0,0,1768,5
disjoint,small_changes,sorted,1000,16,4,50526,indirect,2,3200,1600,0,0,0,0,0,0,0,0,1512,5
disjoint,small_changes,sorted,1000,16,4,50526,production,2,132600,0,0,0,0,0,0,0,0,0,155264,23
disjoint,small_changes,sorted,1000,16,4,50526,packed,2,3900,1000,0,0,0,0,0,0,0,0,1768,5
disjoint,small_changes,sorted,1000,16,4,50526,csr,2,915600,500,18300,147800,697100,1100,2006,3020,10,1,621368,38
disjoint,small_changes,sorted,1000,16,4,50526,csr_guarded,2,118800,400,28500,61000,0,0,0,0,0,0,155264,22
disjoint,zero_gaps,sorted,1000,16,4,24709,csr_guarded,0,673900,300,21800,149800,463400,1100,2006,3013,10,1,604760,38
disjoint,zero_gaps,sorted,1000,16,4,24709,production,0,113800,0,0,0,0,0,0,0,0,0,155152,23
disjoint,zero_gaps,sorted,1000,16,4,24709,csr,0,870100,600,26500,198400,592300,1400,2006,3013,10,1,604760,37
disjoint,zero_gaps,sorted,1000,16,4,24709,packed,0,2500,1100,0,0,0,0,0,0,0,0,1768,5
disjoint,zero_gaps,sorted,1000,16,4,24709,indirect,0,2300,1000,0,0,0,0,0,0,0,0,1512,5
disjoint,zero_gaps,sorted,1000,16,4,24709,production,1,115300,0,0,0,0,0,0,0,0,0,155152,23
disjoint,zero_gaps,sorted,1000,16,4,24709,csr,1,700600,500,13500,166100,478600,1100,2006,3013,10,1,604760,37
disjoint,zero_gaps,sorted,1000,16,4,24709,packed,1,2200,900,0,0,0,0,0,0,0,0,1768,5
disjoint,zero_gaps,sorted,1000,16,4,24709,csr_guarded,1,696200,500,23800,151700,478100,1100,2006,3013,10,1,604760,38
disjoint,zero_gaps,sorted,1000,16,4,24709,indirect,1,2400,1100,0,0,0,0,0,0,0,0,1512,5
disjoint,zero_gaps,sorted,1000,16,4,24709,indirect,2,2100,900,0,0,0,0,0,0,0,0,1512,5
disjoint,zero_gaps,sorted,1000,16,4,24709,production,2,131100,0,0,0,0,0,0,0,0,0,155152,23
disjoint,zero_gaps,sorted,1000,16,4,24709,packed,2,2200,900,0,0,0,0,0,0,0,0,1768,5
disjoint,zero_gaps,sorted,1000,16,4,24709,csr_guarded,2,700100,500,24700,150400,481200,1100,2006,3013,10,1,604760,38
disjoint,zero_gaps,sorted,1000,16,4,24709,csr,2,680100,500,13900,158000,466300,1000,2006,3013,10,1,604760,37
disjoint,high,sorted,1000,16,4,50526,indirect,0,1200,300,0,0,0,0,0,0,0,0,1224,3
disjoint,high,sorted,1000,16,4,50526,production,0,27900,0,0,0,0,0,0,0,0,0,82920,19
disjoint,high,sorted,1000,16,4,50526,csr,0,505400,400,11100,155400,295500,1000,2002,3001,2,1,620088,38
disjoint,high,sorted,1000,16,4,50526,packed,0,1900,600,0,0,0,0,0,0,0,0,1480,3
disjoint,high,sorted,1000,16,4,50526,csr_guarded,0,98000,500,22800,54400,0,0,0,0,0,0,154928,22
disjoint,high,sorted,1000,16,4,50526,csr_guarded,1,94800,500,22200,53500,0,0,0,0,0,0,154928,22
disjoint,high,sorted,1000,16,4,50526,indirect,1,1900,600,0,0,0,0,0,0,0,0,1224,3
disjoint,high,sorted,1000,16,4,50526,production,1,27800,0,0,0,0,0,0,0,0,0,82920,19
disjoint,high,sorted,1000,16,4,50526,packed,1,2000,700,0,0,0,0,0,0,0,0,1480,3
disjoint,high,sorted,1000,16,4,50526,csr,1,488300,500,10500,149300,287000,1000,2002,3001,2,1,620088,38
disjoint,high,sorted,1000,16,4,50526,packed,2,1900,600,0,0,0,0,0,0,0,0,1480,3
disjoint,high,sorted,1000,16,4,50526,production,2,26800,0,0,0,0,0,0,0,0,0,82920,19
disjoint,high,sorted,1000,16,4,50526,indirect,2,1900,600,0,0,0,0,0,0,0,0,1224,3
disjoint,high,sorted,1000,16,4,50526,csr_guarded,2,97600,500,22300,55600,0,0,0,0,0,0,154928,22
disjoint,high,sorted,1000,16,4,50526,csr,2,499400,400,11600,156300,288900,1100,2002,3001,2,1,620088,38
disjoint,high,shuffled_profile,10000,1,4,509053,csr_guarded,0,1097000,200,306700,615000,0,0,0,0,0,0,1836488,26
disjoint,high,shuffled_profile,10000,1,4,509053,csr,0,5805200,300,251900,1379900,3764200,43900,20002,30001,2,1,6681168,46
disjoint,high,shuffled_profile,10000,1,4,509053,packed,0,7700,600,0,0,0,0,0,0,0,0,10120,3
disjoint,high,shuffled_profile,10000,1,4,509053,production,0,377500,0,0,0,0,0,0,0,0,0,1116480,23
disjoint,high,shuffled_profile,10000,1,4,509053,indirect,0,7300,500,0,0,0,0,0,0,0,0,10104,3
disjoint,high,shuffled_profile,10000,1,4,509053,indirect,1,7000,400,0,0,0,0,0,0,0,0,10104,3
disjoint,high,shuffled_profile,10000,1,4,509053,production,1,454000,0,0,0,0,0,0,0,0,0,1116480,23
disjoint,high,shuffled_profile,10000,1,4,509053,csr,1,5699300,400,170200,1360900,3798200,35500,20002,30001,2,1,6681168,46
disjoint,high,shuffled_profile,10000,1,4,509053,csr_guarded,1,1229600,500,430000,612600,0,0,0,0,0,0,1836488,26
disjoint,high,shuffled_profile,10000,1,4,509053,packed,1,7600,500,0,0,0,0,0,0,0,0,10120,3
disjoint,high,shuffled_profile,10000,1,4,509053,csr_guarded,2,1142300,300,354200,620300,0,0,0,0,0,0,1836488,26
disjoint,high,shuffled_profile,10000,1,4,509053,indirect,2,7500,500,0,0,0,0,0,0,0,0,10104,3
disjoint,high,shuffled_profile,10000,1,4,509053,packed,2,7200,500,0,0,0,0,0,0,0,0,10120,3
disjoint,high,shuffled_profile,10000,1,4,509053,production,2,506600,0,0,0,0,0,0,0,0,0,1116480,23
disjoint,high,shuffled_profile,10000,1,4,509053,csr,2,5654400,300,335500,1379800,3603600,31200,20002,30001,2,1,6681168,46
disjoint,high,shuffled_profile,10000,4,4,509053,csr,0,5666300,400,240500,1374000,3631300,41200,20002,30001,2,1,6681312,46
disjoint,high,shuffled_profile,10000,4,4,509053,packed,0,8500,600,0,0,0,0,0,0,0,0,10192,3
disjoint,high,shuffled_profile,10000,4,4,509053,csr_guarded,0,1090300,800,319300,596400,0,0,0,0,0,0,1836632,26
disjoint,high,shuffled_profile,10000,4,4,509053,production,0,430800,0,0,0,0,0,0,0,0,0,1116624,23
disjoint,high,shuffled_profile,10000,4,4,509053,indirect,0,29200,2400,0,0,0,0,0,0,0,0,10128,3
disjoint,high,shuffled_profile,10000,4,4,509053,csr,1,6784400,1100,296000,1393800,4577800,60600,20002,30001,2,1,6681312,46
disjoint,high,shuffled_profile,10000,4,4,509053,indirect,1,8700,1000,0,0,0,0,0,0,0,0,10128,3
disjoint,high,shuffled_profile,10000,4,4,509053,packed,1,15500,1300,0,0,0,0,0,0,0,0,10192,3
disjoint,high,shuffled_profile,10000,4,4,509053,csr_guarded,1,1121400,800,315100,611600,0,0,0,0,0,0,1836632,26
disjoint,high,shuffled_profile,10000,4,4,509053,production,1,458300,0,0,0,0,0,0,0,0,0,1116624,23
disjoint,high,shuffled_profile,10000,4,4,509053,csr_guarded,2,1217700,500,402000,641900,0,0,0,0,0,0,1836632,26
disjoint,high,shuffled_profile,10000,4,4,509053,csr,2,5760900,500,250800,1389600,3724600,34500,20002,30001,2,1,6681312,46
disjoint,high,shuffled_profile,10000,4,4,509053,production,2,458400,0,0,0,0,0,0,0,0,0,1116624,23
disjoint,high,shuffled_profile,10000,4,4,509053,indirect,2,7800,700,0,0,0,0,0,0,0,0,10128,3
disjoint,high,shuffled_profile,10000,4,4,509053,packed,2,7500,600,0,0,0,0,0,0,0,0,10192,3
disjoint,high,shuffled_profile,10000,16,4,509053,production,0,468000,0,0,0,0,0,0,0,0,0,1117200,23
disjoint,high,shuffled_profile,10000,16,4,509053,indirect,0,8400,900,0,0,0,0,0,0,0,0,10224,3
disjoint,high,shuffled_profile,10000,16,4,509053,csr,0,5797700,800,259700,1359800,3727300,24500,20002,30001,2,1,6681888,46
disjoint,high,shuffled_profile,10000,16,4,509053,csr_guarded,0,1242100,1900,409100,618500,0,0,0,0,0,0,1837208,26
disjoint,high,shuffled_profile,10000,16,4,509053,packed,0,19400,1100,0,0,0,0,0,0,0,0,10480,3
disjoint,high,shuffled_profile,10000,16,4,509053,indirect,1,8200,1000,0,0,0,0,0,0,0,0,10224,3
disjoint,high,shuffled_profile,10000,16,4,509053,csr_guarded,1,1234000,1300,378100,629600,0,0,0,0,0,0,1837208,26
disjoint,high,shuffled_profile,10000,16,4,509053,packed,1,9400,1200,0,0,0,0,0,0,0,0,10480,3
disjoint,high,shuffled_profile,10000,16,4,509053,production,1,520900,0,0,0,0,0,0,0,0,0,1117200,23
disjoint,high,shuffled_profile,10000,16,4,509053,csr,1,6006600,1100,264500,1440100,3872200,48300,20002,30001,2,1,6681888,46
disjoint,high,shuffled_profile,10000,16,4,509053,csr,2,5834800,1400,299100,1364900,3763500,32000,20002,30001,2,1,6681888,46
disjoint,high,shuffled_profile,10000,16,4,509053,packed,2,9600,1700,0,0,0,0,0,0,0,0,10480,3
disjoint,high,shuffled_profile,10000,16,4,509053,csr_guarded,2,1237700,1000,391200,654700,0,0,0,0,0,0,1837208,26
disjoint,high,shuffled_profile,10000,16,4,509053,production,2,516700,0,0,0,0,0,0,0,0,0,1117200,23
disjoint,high,shuffled_profile,10000,16,4,509053,indirect,2,8800,1000,0,0,0,0,0,0,0,0,10224,3
disjoint,high,shuffled_profile,10000,100,4,509053,csr_guarded,0,1143900,2400,322000,630700,0,0,0,0,0,0,1841240,26
disjoint,high,shuffled_profile,10000,100,4,509053,csr,0,6010900,3900,262200,1399500,3895200,34900,20002,30001,2,1,6685920,46
disjoint,high,shuffled_profile,10000,100,4,509053,indirect,0,13800,6000,0,0,0,0,0,0,0,0,10896,3
disjoint,high,shuffled_profile,10000,100,4,509053,packed,0,10000,3000,0,0,0,0,0,0,0,0,12496,3
disjoint,high,shuffled_profile,10000,100,4,509053,production,0,555400,0,0,0,0,0,0,0,0,0,1121232,23
disjoint,high,shuffled_profile,10000,100,4,509053,csr_guarded,1,1224900,4000,355400,639700,0,0,0,0,0,0,1841240,26
disjoint,high,shuffled_profile,10000,100,4,509053,csr,1,5885800,3500,283000,1391900,3790900,30100,20002,30001,2,1,6685920,46
disjoint,high,shuffled_profile,10000,100,4,509053,production,1,527000,0,0,0,0,0,0,0,0,0,1121232,23
disjoint,high,shuffled_profile,10000,100,4,509053,packed,1,10100,2700,0,0,0,0,0,0,0,0,12496,3
disjoint,high,shuffled_profile,10000,100,4,509053,indirect,1,11300,4300,0,0,0,0,0,0,0,0,10896,3
disjoint,high,shuffled_profile,10000,100,4,509053,csr_guarded,2,1148100,3300,338000,602000,0,0,0,0,0,0,1841240,26
disjoint,high,shuffled_profile,10000,100,4,509053,csr,2,5820100,2800,256200,1385400,3762300,29200,20002,30001,2,1,6685920,46
disjoint,high,shuffled_profile,10000,100,4,509053,packed,2,10100,2500,0,0,0,0,0,0,0,0,12496,3
disjoint,high,shuffled_profile,10000,100,4,509053,production,2,495500,0,0,0,0,0,0,0,0,0,1121232,23
disjoint,high,shuffled_profile,10000,100,4,509053,indirect,2,11900,4600,0,0,0,0,0,0,0,0,10896,3
disjoint,high,shuffled_profile,10000,1000,4,509053,indirect,0,44800,33700,0,0,0,0,0,0,0,0,18096,3
disjoint,high,shuffled_profile,10000,1000,4,509053,csr_guarded,0,1350000,32500,413900,665100,0,0,0,0,0,0,1884440,26
disjoint,high,shuffled_profile,10000,1000,4,509053,packed,0,37400,25000,0,0,0,0,0,0,0,0,34096,3
disjoint,high,shuffled_profile,10000,1000,4,509053,csr,0,5988100,28500,257100,1412200,3858700,33700,20002,30001,2,1,6729120,46
disjoint,high,shuffled_profile,10000,1000,4,509053,production,0,536100,0,0,0,0,0,0,0,0,0,1164432,23
disjoint,high,shuffled_profile,10000,1000,4,509053,csr_guarded,1,1162000,29700,348400,605100,0,0,0,0,0,0,1884440,26
disjoint,high,shuffled_profile,10000,1000,4,509053,csr,1,6843100,35900,282200,1488800,4572700,33000,20002,30001,2,1,6729120,46
disjoint,high,shuffled_profile,10000,1000,4,509053,indirect,1,48600,36300,0,0,0,0,0,0,0,0,18096,3
disjoint,high,shuffled_profile,10000,1000,4,509053,packed,1,39100,31900,0,0,0,0,0,0,0,0,34096,3
disjoint,high,shuffled_profile,10000,1000,4,509053,production,1,620000,0,0,0,0,0,0,0,0,0,1164432,23
disjoint,high,shuffled_profile,10000,1000,4,509053,csr,2,5869100,31000,266400,1376900,3789700,32400,20002,30001,2,1,6729120,46
disjoint,high,shuffled_profile,10000,1000,4,509053,packed,2,37300,25200,0,0,0,0,0,0,0,0,34096,3
disjoint,high,shuffled_profile,10000,1000,4,509053,production,2,524000,0,0,0,0,0,0,0,0,0,1164432,23
disjoint,high,shuffled_profile,10000,1000,4,509053,indirect,2,44800,33600,0,0,0,0,0,0,0,0,18096,3
disjoint,high,shuffled_profile,10000,1000,4,509053,csr_guarded,2,1267200,31100,340900,672000,0,0,0,0,0,0,1884440,26
disjoint,high,shuffled_profile,10000,10000,4,509053,csr_guarded,0,1693000,338700,281800,678700,0,0,0,0,0,0,2316440,26
disjoint,high,shuffled_profile,10000,10000,4,509053,production,0,943100,0,0,0,0,0,0,0,0,0,1596432,23
disjoint,high,shuffled_profile,10000,10000,4,509053,indirect,0,373800,365900,0,0,0,0,0,0,0,0,90096,3
disjoint,high,shuffled_profile,10000,10000,4,509053,packed,0,342500,329300,0,0,0,0,0,0,0,0,250096,3
disjoint,high,shuffled_profile,10000,10000,4,509053,csr,0,6307300,332700,221200,1430900,3835400,76500,20002,30001,2,1,7161120,46
disjoint,high,shuffled_profile,10000,10000,4,509053,production,1,931800,0,0,0,0,0,0,0,0,0,1596432,23
disjoint,high,shuffled_profile,10000,10000,4,509053,packed,1,329500,322100,0,0,0,0,0,0,0,0,250096,3
disjoint,high,shuffled_profile,10000,10000,4,509053,csr_guarded,1,1500400,328300,258200,667500,0,0,0,0,0,0,2316440,26
disjoint,high,shuffled_profile,10000,10000,4,509053,indirect,1,375100,367700,0,0,0,0,0,0,0,0,90096,3
disjoint,high,shuffled_profile,10000,10000,4,509053,csr,1,6378400,323700,223200,1506600,3834400,71700,20002,30001,2,1,7161120,46
disjoint,high,shuffled_profile,10000,10000,4,509053,production,2,986600,0,0,0,0,0,0,0,0,0,1596432,23
disjoint,high,shuffled_profile,10000,10000,4,509053,csr,2,6149400,331900,218900,1438000,3667800,51300,20002,30001,2,1,7161120,46
disjoint,high,shuffled_profile,10000,10000,4,509053,indirect,2,399300,391300,0,0,0,0,0,0,0,0,90096,3
disjoint,high,shuffled_profile,10000,10000,4,509053,packed,2,340000,332300,0,0,0,0,0,0,0,0,250096,3
disjoint,high,shuffled_profile,10000,10000,4,509053,csr_guarded,2,1517400,340300,280000,668200,0,0,0,0,0,0,2316440,26
disjoint,high,sorted,10000,16,4,509053,packed,0,7300,600,0,0,0,0,0,0,0,0,10480,3
disjoint,high,sorted,10000,16,4,509053,production,0,448700,0,0,0,0,0,0,0,0,0,1117200,23
disjoint,high,sorted,10000,16,4,509053,indirect,0,8100,800,0,0,0,0,0,0,0,0,10224,3
disjoint,high,sorted,10000,16,4,509053,csr_guarded,0,1187900,800,319800,643000,0,0,0,0,0,0,1837208,26
disjoint,high,sorted,10000,16,4,509053,csr,0,6231400,1100,335900,1512400,4092900,46100,20002,30001,2,1,6681888,46
disjoint,high,sorted,10000,16,4,509053,csr,1,6716600,1600,270900,1446200,4521700,69300,20002,30001,2,1,6681888,46
disjoint,high,sorted,10000,16,4,509053,csr_guarded,1,1202000,1100,357900,649700,0,0,0,0,0,0,1837208,26
disjoint,high,sorted,10000,16,4,509053,production,1,336700,0,0,0,0,0,0,0,0,0,1117200,23
disjoint,high,sorted,10000,16,4,509053,indirect,1,8100,800,0,0,0,0,0,0,0,0,10224,3
disjoint,high,sorted,10000,16,4,509053,packed,1,7700,700,0,0,0,0,0,0,0,0,10480,3
disjoint,high,sorted,10000,16,4,509053,production,2,345200,0,0,0,0,0,0,0,0,0,1117200,23
disjoint,high,sorted,10000,16,4,509053,csr_guarded,2,1266900,1300,341400,647500,0,0,0,0,0,0,1837208,26
disjoint,high,sorted,10000,16,4,509053,packed,2,20100,1600,0,0,0,0,0,0,0,0,10480,3
disjoint,high,sorted,10000,16,4,509053,csr,2,5962200,1000,236000,1478700,3862800,52200,20002,30001,2,1,6681888,46
disjoint,high,sorted,10000,16,4,509053,indirect,2,9200,1100,0,0,0,0,0,0,0,0,10224,3
disjoint,constant,sorted,10000,16,4,509053,csr,0,6056300,800,248000,1386400,4058600,51800,20002,30001,2,1,6681888,46
disjoint,constant,sorted,10000,16,4,509053,csr_guarded,0,1202400,900,351700,656900,0,0,0,0,0,0,1837208,26
disjoint,constant,sorted,10000,16,4,509053,packed,0,8900,900,0,0,0,0,0,0,0,0,10480,3
disjoint,constant,sorted,10000,16,4,509053,scalar,0,456000,0,0,0,0,0,0,0,0,0,1116432,18
disjoint,constant,sorted,10000,16,4,509053,indirect,0,7900,700,0,0,0,0,0,0,0,0,10224,3
disjoint,constant,sorted,10000,16,4,509053,production,0,385300,0,0,0,0,0,0,0,0,0,1117200,23
disjoint,constant,sorted,10000,16,4,509053,indirect,1,7900,800,0,0,0,0,0,0,0,0,10224,3
disjoint,constant,sorted,10000,16,4,509053,csr,1,5954800,800,260900,1406700,3864200,52200,20002,30001,2,1,6681888,46
disjoint,constant,sorted,10000,16,4,509053,scalar,1,566200,0,0,0,0,0,0,0,0,0,1116432,18
disjoint,constant,sorted,10000,16,4,509053,csr_guarded,1,1239700,1400,361200,620000,0,0,0,0,0,0,1837208,26
disjoint,constant,sorted,10000,16,4,509053,production,1,555700,0,0,0,0,0,0,0,0,0,1117200,23
disjoint,constant,sorted,10000,16,4,509053,packed,1,13000,1000,0,0,0,0,0,0,0,0,10480,3
disjoint,constant,sorted,10000,16,4,509053,scalar,2,520700,0,0,0,0,0,0,0,0,0,1116432,18
disjoint,constant,sorted,10000,16,4,509053,csr,2,5820300,900,260100,1388800,3795000,51700,20002,30001,2,1,6681888,46
disjoint,constant,sorted,10000,16,4,509053,production,2,626300,0,0,0,0,0,0,0,0,0,1117200,23
disjoint,constant,sorted,10000,16,4,509053,packed,2,24800,2100,0,0,0,0,0,0,0,0,10480,3
disjoint,constant,sorted,10000,16,4,509053,csr_guarded,2,1176900,1100,369000,620200,0,0,0,0,0,0,1837208,26
disjoint,constant,sorted,10000,16,4,509053,indirect,2,11800,700,0,0,0,0,0,0,0,0,10224,3
disjoint,high,sorted,100000,16,4,5037066,indirect,0,130100,700,0,0,0,0,0,0,0,0,100224,3
disjoint,high,sorted,100000,16,4,5037066,production,0,3975500,0,0,0,0,0,0,0,0,0,9592224,26
disjoint,high,sorted,100000,16,4,5037066,packed,0,233100,4100,0,0,0,0,0,0,0,0,100480,3
disjoint,high,sorted,100000,16,4,5037066,indirect,1,133000,1700,0,0,0,0,0,0,0,0,100224,3
disjoint,high,sorted,100000,16,4,5037066,production,1,4487500,0,0,0,0,0,0,0,0,0,9592224,26
disjoint,high,sorted,100000,16,4,5037066,packed,1,202800,2700,0,0,0,0,0,0,0,0,100480,3
disjoint,high,sorted,100000,16,4,5037066,packed,2,130200,2200,0,0,0,0,0,0,0,0,100480,3
disjoint,high,sorted,100000,16,4,5037066,indirect,2,113900,1300,0,0,0,0,0,0,0,0,100224,3
disjoint,high,sorted,100000,16,4,5037066,production,2,4039400,0,0,0,0,0,0,0,0,0,9592224,26
disjoint,constant,sorted,100000,16,4,5037066,indirect,0,162100,1900,0,0,0,0,0,0,0,0,100224,3
disjoint,constant,sorted,100000,16,4,5037066,packed,0,159400,1400,0,0,0,0,0,0,0,0,100480,3
disjoint,constant,sorted,100000,16,4,5037066,production,0,3955900,0,0,0,0,0,0,0,0,0,9592224,26
disjoint,constant,sorted,100000,16,4,5037066,scalar,0,3866600,0,0,0,0,0,0,0,0,0,9591456,21
disjoint,constant,sorted,100000,16,4,5037066,indirect,1,181200,1900,0,0,0,0,0,0,0,0,100224,3
disjoint,constant,sorted,100000,16,4,5037066,packed,1,174000,2800,0,0,0,0,0,0,0,0,100480,3
disjoint,constant,sorted,100000,16,4,5037066,scalar,1,4083400,0,0,0,0,0,0,0,0,0,9591456,21
disjoint,constant,sorted,100000,16,4,5037066,production,1,4528900,0,0,0,0,0,0,0,0,0,9592224,26
disjoint,constant,sorted,100000,16,4,5037066,packed,2,177500,2300,0,0,0,0,0,0,0,0,100480,3
disjoint,constant,sorted,100000,16,4,5037066,scalar,2,4040900,0,0,0,0,0,0,0,0,0,9591456,21
disjoint,constant,sorted,100000,16,4,5037066,indirect,2,226700,2500,0,0,0,0,0,0,0,0,100224,3
disjoint,constant,sorted,100000,16,4,5037066,production,2,4212700,0,0,0,0,0,0,0,0,0,9592224,26
disjoint,high,sorted,1000000,16,4,50483259,production,0,46536400,0,0,0,0,0,0,0,0,0,83332416,29
disjoint,high,sorted,1000000,16,4,50483259,packed,0,2401000,7600,0,0,0,0,0,0,0,0,1000480,3
disjoint,high,sorted,1000000,16,4,50483259,indirect,0,2473200,5400,0,0,0,0,0,0,0,0,1000224,3
disjoint,high,sorted,1000000,16,4,50483259,packed,1,2412800,6400,0,0,0,0,0,0,0,0,1000480,3
disjoint,high,sorted,1000000,16,4,50483259,production,1,52601900,0,0,0,0,0,0,0,0,0,83332416,29
disjoint,high,sorted,1000000,16,4,50483259,indirect,1,2102000,4800,0,0,0,0,0,0,0,0,1000224,3
disjoint,high,sorted,1000000,16,4,50483259,production,2,55977100,0,0,0,0,0,0,0,0,0,83332416,29
disjoint,high,sorted,1000000,16,4,50483259,packed,2,1959200,4800,0,0,0,0,0,0,0,0,1000480,3
disjoint,high,sorted,1000000,16,4,50483259,indirect,2,1814400,4000,0,0,0,0,0,0,0,0,1000224,3
disjoint,constant,sorted,1000000,16,4,50483259,indirect,0,2076800,4800,0,0,0,0,0,0,0,0,1000224,3
disjoint,constant,sorted,1000000,16,4,50483259,scalar,0,48004100,0,0,0,0,0,0,0,0,0,83331648,24
disjoint,constant,sorted,1000000,16,4,50483259,production,0,47482300,0,0,0,0,0,0,0,0,0,83332416,29
disjoint,constant,sorted,1000000,16,4,50483259,packed,0,2060000,4300,0,0,0,0,0,0,0,0,1000480,3
disjoint,constant,sorted,1000000,16,4,50483259,production,1,46034800,0,0,0,0,0,0,0,0,0,83332416,29
disjoint,constant,sorted,1000000,16,4,50483259,packed,1,1865100,5300,0,0,0,0,0,0,0,0,1000480,3
disjoint,constant,sorted,1000000,16,4,50483259,scalar,1,45392100,0,0,0,0,0,0,0,0,0,83331648,24
disjoint,constant,sorted,1000000,16,4,50483259,indirect,1,1805600,3300,0,0,0,0,0,0,0,0,1000224,3
disjoint,constant,sorted,1000000,16,4,50483259,scalar,2,45993300,0,0,0,0,0,0,0,0,0,83331648,24
disjoint,constant,sorted,1000000,16,4,50483259,production,2,57160500,0,0,0,0,0,0,0,0,0,83332416,29
disjoint,constant,sorted,1000000,16,4,50483259,packed,2,2455200,5500,0,0,0,0,0,0,0,0,1000480,3
disjoint,constant,sorted,1000000,16,4,50483259,indirect,2,2334800,4700,0,0,0,0,0,0,0,0,1000224,3
