scenario,n,candidate,sample,total_ms,compression_ms,sort_ms,sweep_ms,vec_capacity_bytes,pairs
disjoint,1000,packed_fenwick,0,0.041600,0.013900,0.001500,0.012400,48008,0
disjoint,1000,indirect_fenwick,0,0.031300,0.015400,0.001700,0.009900,32008,0
disjoint,1000,packed_segment,0,0.079600,0.016500,0.001600,0.047500,56000,0
disjoint,1000,indirect_fenwick,1,0.030800,0.015400,0.001700,0.009900,32008,0
disjoint,1000,packed_segment,1,0.077000,0.016500,0.001500,0.044800,56000,0
disjoint,1000,packed_fenwick,1,0.041100,0.014000,0.001600,0.012700,48008,0
disjoint,1000,packed_segment,2,0.093400,0.015100,0.002300,0.052600,56000,0
disjoint,1000,packed_fenwick,2,0.040900,0.014000,0.001600,0.011800,48008,0
disjoint,1000,indirect_fenwick,2,0.030800,0.015300,0.001700,0.009700,32008,0
disjoint,1000,packed_fenwick,3,0.041600,0.016400,0.001500,0.011100,48008,0
disjoint,1000,indirect_fenwick,3,0.029300,0.015300,0.001600,0.008600,32008,0
disjoint,1000,packed_segment,3,0.075400,0.016700,0.001500,0.044300,56000,0
disjoint,1000,indirect_fenwick,4,0.030200,0.015300,0.001700,0.009300,32008,0
disjoint,1000,packed_segment,4,0.074300,0.016400,0.001500,0.042600,56000,0
disjoint,1000,packed_fenwick,4,0.040100,0.013800,0.001500,0.012000,48008,0
disjoint,10000,packed_fenwick,0,0.401800,0.196700,0.014600,0.130500,480008,0
disjoint,10000,indirect_fenwick,0,0.379800,0.190000,0.016000,0.124900,320008,0
disjoint,10000,packed_segment,0,0.848500,0.193500,0.014600,0.572900,560000,0
disjoint,10000,indirect_fenwick,1,0.383700,0.194500,0.016000,0.123900,320008,0
disjoint,10000,packed_segment,1,0.829900,0.199700,0.014600,0.549100,560000,0
disjoint,10000,packed_fenwick,1,0.404500,0.195500,0.017800,0.130400,480008,0
disjoint,10000,packed_segment,2,0.845400,0.194000,0.014600,0.568800,560000,0
disjoint,10000,packed_fenwick,2,0.407100,0.198500,0.014900,0.132100,480008,0
disjoint,10000,indirect_fenwick,2,0.388200,0.195100,0.016300,0.128100,320008,0
disjoint,10000,packed_fenwick,3,0.396100,0.196800,0.014600,0.125900,480008,0
disjoint,10000,indirect_fenwick,3,0.379200,0.189900,0.016000,0.124800,320008,0
disjoint,10000,packed_segment,3,0.823200,0.192500,0.014400,0.547400,560000,0
disjoint,10000,indirect_fenwick,4,0.383100,0.189100,0.018700,0.127800,320008,0
disjoint,10000,packed_segment,4,0.848900,0.198700,0.014500,0.566700,560000,0
disjoint,10000,packed_fenwick,4,0.408300,0.201200,0.014900,0.132100,480008,0
disjoint,100000,packed_fenwick,0,4.542700,2.401000,0.147000,1.368600,4800008,0
disjoint,100000,indirect_fenwick,0,4.337100,2.376500,0.158500,1.365600,3200008,0
disjoint,100000,packed_segment,0,9.961900,2.407400,0.167200,6.779300,5600000,0
disjoint,100000,indirect_fenwick,1,4.232000,2.387300,0.165000,1.340900,3200008,0
disjoint,100000,packed_segment,1,10.039900,2.456700,0.172700,6.798800,5600000,0
disjoint,100000,packed_fenwick,1,4.629000,2.422600,0.148800,1.347800,4800008,0
disjoint,100000,packed_segment,2,10.040400,2.467500,0.156100,6.801600,5600000,0
disjoint,100000,packed_fenwick,2,4.631700,2.418900,0.183400,1.355600,4800008,0
disjoint,100000,indirect_fenwick,2,4.327300,2.392300,0.175500,1.353400,3200008,0
disjoint,100000,packed_fenwick,3,4.506100,2.383400,0.168100,1.369800,4800008,0
disjoint,100000,indirect_fenwick,3,4.226300,2.399100,0.167000,1.325100,3200008,0
disjoint,100000,packed_segment,3,10.140800,2.446300,0.165700,6.888600,5600000,0
disjoint,100000,indirect_fenwick,4,4.280700,2.367600,0.160300,1.322000,3200008,0
disjoint,100000,packed_segment,4,10.054900,2.409000,0.179800,6.869200,5600000,0
disjoint,100000,packed_fenwick,4,4.666200,2.453400,0.170100,1.399600,4800008,0
disjoint,1000000,packed_fenwick,0,68.286700,29.565700,3.044900,28.230000,48000008,0
disjoint,1000000,indirect_fenwick,0,63.269600,29.700100,1.943400,28.068600,32000008,0
disjoint,1000000,packed_segment,0,115.572900,29.858400,3.110900,74.821900,56000000,0
disjoint,1000000,indirect_fenwick,1,65.104600,30.181300,2.019200,29.063800,32000008,0
disjoint,1000000,packed_segment,1,121.185100,31.936400,3.531800,76.894300,56000000,0
disjoint,1000000,packed_fenwick,1,71.857300,30.836700,3.289200,29.319000,48000008,0
disjoint,1000000,packed_segment,2,120.827500,31.439000,3.578100,77.236800,56000000,0
disjoint,1000000,packed_fenwick,2,71.254700,31.058500,3.302300,29.126400,48000008,0
disjoint,1000000,indirect_fenwick,2,65.768200,31.051800,2.085700,28.867300,32000008,0
disjoint,1000000,packed_fenwick,3,71.894900,31.558100,3.232100,29.133900,48000008,0
disjoint,1000000,indirect_fenwick,3,65.261300,30.130800,2.481900,28.848500,32000008,0
disjoint,1000000,packed_segment,3,118.612400,30.642300,3.142100,76.900500,56000000,0
disjoint,1000000,indirect_fenwick,4,63.072200,29.329800,1.968300,28.187600,32000008,0
disjoint,1000000,packed_segment,4,116.589700,29.380900,3.259500,75.788800,56000000,0
disjoint,1000000,packed_fenwick,4,68.724300,29.835200,3.042500,28.504500,48000008,0
disjoint,3000000,packed_fenwick,0,277.638300,101.161100,10.800000,143.180700,144000008,0
disjoint,3000000,indirect_fenwick,0,260.081400,113.094500,6.990900,129.713700,96000008,0
disjoint,3000000,packed_segment,0,375.766800,104.523800,11.705300,233.843200,168000000,0
disjoint,3000000,indirect_fenwick,1,260.715500,105.062500,6.621000,138.946600,96000008,0
disjoint,3000000,packed_segment,1,382.966900,101.273300,12.064600,246.844900,168000000,0
disjoint,3000000,packed_fenwick,1,274.741900,99.834800,10.379500,142.312100,144000008,0
disjoint,3000000,packed_segment,2,360.456000,100.181500,10.185900,226.721500,168000000,0
disjoint,3000000,packed_fenwick,2,260.479500,102.770100,10.920400,123.363800,144000008,0
disjoint,3000000,indirect_fenwick,2,255.107200,100.621900,8.048600,136.330700,96000008,0
disjoint,3000000,packed_fenwick,3,273.551100,99.824300,10.437800,140.896500,144000008,0
disjoint,3000000,indirect_fenwick,3,252.619800,99.833500,6.693900,135.832300,96000008,0
disjoint,3000000,packed_segment,3,371.632500,103.981200,10.882200,233.675400,168000000,0
disjoint,3000000,indirect_fenwick,4,255.372500,99.558500,6.449200,139.458700,96000008,0
disjoint,3000000,packed_segment,4,361.144100,100.078900,10.228000,227.800900,168000000,0
disjoint,3000000,packed_fenwick,4,279.778200,106.771300,10.646400,139.136100,144000008,0
nested,1000,packed_fenwick,0,0.044200,0.014300,0.001500,0.011800,48008,499500
nested,1000,indirect_fenwick,0,0.031000,0.016000,0.001700,0.009000,32008,499500
nested,1000,packed_segment,0,0.084500,0.017900,0.001500,0.048000,56000,499500
nested,1000,indirect_fenwick,1,0.031500,0.016500,0.001700,0.008700,32008,499500
nested,1000,packed_segment,1,0.083200,0.017800,0.001500,0.046300,56000,499500
nested,1000,packed_fenwick,1,0.064200,0.021100,0.002500,0.017800,48008,499500
nested,1000,packed_segment,2,0.104600,0.020200,0.002700,0.058500,56000,499500
nested,1000,packed_fenwick,2,0.063200,0.020400,0.002000,0.016600,48008,499500
nested,1000,indirect_fenwick,2,0.044900,0.023100,0.002800,0.013000,32008,499500
nested,1000,packed_fenwick,3,0.068700,0.024200,0.002600,0.017800,48008,499500
nested,1000,indirect_fenwick,3,0.043200,0.022100,0.002800,0.013000,32008,499500
nested,1000,packed_segment,3,0.111200,0.024400,0.003100,0.059800,56000,499500
nested,1000,indirect_fenwick,4,0.043100,0.021900,0.002500,0.012900,32008,499500
nested,1000,packed_segment,4,0.115000,0.024900,0.002700,0.060500,56000,499500
nested,1000,packed_fenwick,4,0.063600,0.019900,0.002800,0.018300,48008,499500
nested,10000,packed_fenwick,0,0.591700,0.279300,0.026100,0.195600,480008,49995000
nested,10000,indirect_fenwick,0,0.570000,0.270800,0.024000,0.197700,320008,49995000
nested,10000,packed_segment,0,1.185700,0.285300,0.023000,0.759200,560000,49995000
nested,10000,indirect_fenwick,1,0.544300,0.269200,0.023200,0.174900,320008,49995000
nested,10000,packed_segment,1,1.225800,0.313000,0.026000,0.738800,560000,49995000
nested,10000,packed_fenwick,1,0.606400,0.281900,0.025100,0.199000,480008,49995000
nested,10000,packed_segment,2,1.211100,0.306300,0.024600,0.762300,560000,49995000
nested,10000,packed_fenwick,2,0.596000,0.282300,0.023700,0.200400,480008,49995000
nested,10000,indirect_fenwick,2,0.566900,0.287600,0.026600,0.177000,320008,49995000
nested,10000,packed_fenwick,3,0.584200,0.278400,0.025100,0.197700,480008,49995000
nested,10000,indirect_fenwick,3,0.557600,0.278600,0.027100,0.175700,320008,49995000
nested,10000,packed_segment,3,1.174100,0.285800,0.024600,0.758800,560000,49995000
nested,10000,indirect_fenwick,4,0.544500,0.272600,0.027400,0.171600,320008,49995000
nested,10000,packed_segment,4,1.138300,0.282200,0.026100,0.728300,560000,49995000
nested,10000,packed_fenwick,4,0.586400,0.277900,0.025000,0.197800,480008,49995000
nested,100000,packed_fenwick,0,6.689300,3.166500,0.261300,2.389900,4800008,4999950000
nested,100000,indirect_fenwick,0,6.054100,3.063600,0.258700,2.259700,3200008,4999950000
nested,100000,packed_segment,0,13.094900,3.101000,0.279900,8.892900,5600000,4999950000
nested,100000,indirect_fenwick,1,4.698000,2.561500,0.165600,1.588000,3200008,4999950000
nested,100000,packed_segment,1,10.390800,2.595700,0.179200,7.024400,5600000,4999950000
nested,100000,packed_fenwick,1,4.920300,2.558900,0.150700,1.562700,4800008,4999950000
nested,100000,packed_segment,2,10.490000,2.594200,0.151800,7.099100,5600000,4999950000
nested,100000,packed_fenwick,2,4.889400,2.561800,0.150800,1.538200,4800008,4999950000
nested,100000,indirect_fenwick,2,4.669800,2.543600,0.174800,1.596600,3200008,4999950000
nested,100000,packed_fenwick,3,4.893600,2.592400,0.169700,1.507900,4800008,4999950000
nested,100000,indirect_fenwick,3,4.653100,2.542300,0.165500,1.599100,3200008,4999950000
nested,100000,packed_segment,3,10.301500,2.537100,0.153500,6.994900,5600000,4999950000
nested,100000,indirect_fenwick,4,4.491800,2.460300,0.165700,1.522300,3200008,4999950000
nested,100000,packed_segment,4,10.246600,2.507100,0.152600,6.997700,5600000,4999950000
nested,100000,packed_fenwick,4,4.754200,2.485600,0.155400,1.490300,4800008,4999950000
nested,1000000,packed_fenwick,0,70.724300,30.776500,3.158600,29.677700,48000008,499999500000
nested,1000000,indirect_fenwick,0,65.218800,30.237700,2.023200,29.529400,32000008,499999500000
nested,1000000,packed_segment,0,117.604800,30.770200,3.173600,76.641100,56000000,499999500000
nested,1000000,indirect_fenwick,1,65.400600,29.866700,2.072900,29.680800,32000008,499999500000
nested,1000000,packed_segment,1,121.382800,35.207400,3.138800,75.043300,56000000,499999500000
nested,1000000,packed_fenwick,1,72.133700,31.811500,3.086200,29.943700,48000008,499999500000
nested,1000000,packed_segment,2,120.205800,32.138500,3.775900,76.887200,56000000,499999500000
nested,1000000,packed_fenwick,2,75.422400,34.857800,3.185400,29.820400,48000008,499999500000
nested,1000000,indirect_fenwick,2,67.011100,30.435800,2.016100,30.880900,32000008,499999500000
nested,1000000,packed_fenwick,3,70.679000,30.912600,3.111000,29.540400,48000008,499999500000
nested,1000000,indirect_fenwick,3,65.738500,30.379600,2.031900,29.748300,32000008,499999500000
nested,1000000,packed_segment,3,116.763000,30.763000,3.097800,75.906100,56000000,499999500000
nested,1000000,indirect_fenwick,4,65.587400,30.461400,2.017700,29.591500,32000008,499999500000
nested,1000000,packed_segment,4,118.029600,31.715900,3.190700,76.065400,56000000,499999500000
nested,1000000,packed_fenwick,4,76.295400,35.619000,3.120400,29.994100,48000008,499999500000
nested,3000000,packed_fenwick,0,274.457300,100.913400,10.358400,141.791000,144000008,4499998500000
nested,3000000,indirect_fenwick,0,261.962500,99.991200,6.429500,144.255800,96000008,4499998500000
nested,3000000,packed_segment,0,383.582100,101.654900,10.934800,249.642500,168000000,4499998500000
nested,3000000,indirect_fenwick,1,250.276300,101.676900,9.320100,128.793800,96000008,4499998500000
nested,3000000,packed_segment,1,358.534700,101.686900,10.737900,224.810800,168000000,4499998500000
nested,3000000,packed_fenwick,1,270.043500,100.125100,10.286600,137.755500,144000008,4499998500000
nested,3000000,packed_segment,2,359.622900,104.993000,10.290600,223.316700,168000000,4499998500000
nested,3000000,packed_fenwick,2,279.527400,100.642500,10.263300,147.288800,144000008,4499998500000
nested,3000000,indirect_fenwick,2,259.108600,100.223400,6.293100,142.677600,96000008,4499998500000
nested,3000000,packed_fenwick,3,274.734200,101.699100,10.425700,141.582700,144000008,4499998500000
nested,3000000,indirect_fenwick,3,265.252700,104.995500,6.485800,143.906400,96000008,4499998500000
nested,3000000,packed_segment,3,358.465000,101.182100,10.736800,225.651800,168000000,4499998500000
nested,3000000,indirect_fenwick,4,266.741200,105.653600,6.441000,144.149100,96000008,4499998500000
nested,3000000,packed_segment,4,356.847200,100.422900,10.320100,225.178100,168000000,4499998500000
nested,3000000,packed_fenwick,4,279.673600,100.355600,10.414100,147.390400,144000008,4499998500000
duplicates,1000,packed_fenwick,0,0.024200,0.004500,0.001100,0.003200,40016,999000
duplicates,1000,indirect_fenwick,0,0.016300,0.006900,0.001500,0.003700,24016,999000
duplicates,1000,packed_segment,0,0.028300,0.008100,0.001100,0.003700,40016,999000
duplicates,1000,indirect_fenwick,1,0.016100,0.006800,0.001500,0.003700,24016,999000
duplicates,1000,packed_segment,1,0.028000,0.007800,0.001000,0.003600,40016,999000
duplicates,1000,packed_fenwick,1,0.024100,0.004600,0.001100,0.003200,40016,999000
duplicates,1000,packed_segment,2,0.024900,0.004600,0.001100,0.003600,40016,999000
duplicates,1000,packed_fenwick,2,0.024400,0.004500,0.001100,0.003200,40016,999000
duplicates,1000,indirect_fenwick,2,0.015900,0.006600,0.001500,0.003600,24016,999000
duplicates,1000,packed_fenwick,3,0.027700,0.007700,0.001100,0.003200,40016,999000
duplicates,1000,indirect_fenwick,3,0.015700,0.006600,0.001600,0.003700,24016,999000
duplicates,1000,packed_segment,3,0.027900,0.008100,0.001000,0.003600,40016,999000
duplicates,1000,indirect_fenwick,4,0.016100,0.006900,0.001500,0.003600,24016,999000
duplicates,1000,packed_segment,4,0.028400,0.007700,0.001100,0.003600,40016,999000
duplicates,1000,packed_fenwick,4,0.026500,0.005300,0.001400,0.003300,40016,999000
duplicates,10000,packed_fenwick,0,0.163300,0.063700,0.009700,0.031400,400016,99990000
duplicates,10000,indirect_fenwick,0,0.154800,0.054900,0.014900,0.035800,240016,99990000
duplicates,10000,packed_segment,0,0.158400,0.054300,0.009700,0.035200,400016,99990000
duplicates,10000,indirect_fenwick,1,0.153300,0.054000,0.014900,0.035800,240016,99990000
duplicates,10000,packed_segment,1,0.162600,0.054600,0.009700,0.035300,400016,99990000
duplicates,10000,packed_fenwick,1,0.163500,0.055200,0.010600,0.036200,400016,99990000
duplicates,10000,packed_segment,2,0.158800,0.055300,0.009800,0.035400,400016,99990000
duplicates,10000,packed_fenwick,2,0.156700,0.056100,0.009800,0.031600,400016,99990000
duplicates,10000,indirect_fenwick,2,0.158800,0.056700,0.015000,0.036100,240016,99990000
duplicates,10000,packed_fenwick,3,0.156200,0.054600,0.009900,0.031600,400016,99990000
duplicates,10000,indirect_fenwick,3,0.157000,0.056500,0.014900,0.036100,240016,99990000
duplicates,10000,packed_segment,3,0.167800,0.055500,0.009700,0.035300,400016,99990000
duplicates,10000,indirect_fenwick,4,0.156900,0.055300,0.014800,0.037700,240016,99990000
duplicates,10000,packed_segment,4,0.160700,0.054700,0.009700,0.035400,400016,99990000
duplicates,10000,packed_fenwick,4,0.155700,0.055600,0.009700,0.031400,400016,99990000
duplicates,100000,packed_fenwick,0,1.419800,0.380500,0.108900,0.321600,4000016,9999900000
duplicates,100000,indirect_fenwick,0,1.234700,0.383800,0.150300,0.370100,2400016,9999900000
duplicates,100000,packed_segment,0,1.488200,0.380700,0.121700,0.355900,4000016,9999900000
duplicates,100000,indirect_fenwick,1,1.197500,0.365800,0.149700,0.360400,2400016,9999900000
duplicates,100000,packed_segment,1,1.515700,0.448500,0.123800,0.356000,4000016,9999900000
duplicates,100000,packed_fenwick,1,1.244900,0.305700,0.109400,0.314700,4000016,9999900000
duplicates,100000,packed_segment,2,1.349000,0.315600,0.097400,0.356200,4000016,9999900000
duplicates,100000,packed_fenwick,2,1.260800,0.335200,0.098300,0.325800,4000016,9999900000
duplicates,100000,indirect_fenwick,2,1.152800,0.341800,0.148800,0.358500,2400016,9999900000
duplicates,100000,packed_fenwick,3,1.237100,0.305800,0.104300,0.319900,4000016,9999900000
duplicates,100000,indirect_fenwick,3,1.169800,0.347600,0.150800,0.371200,2400016,9999900000
duplicates,100000,packed_segment,3,1.272400,0.307800,0.097800,0.358200,4000016,9999900000
duplicates,100000,indirect_fenwick,4,1.157800,0.343700,0.149500,0.366000,2400016,9999900000
duplicates,100000,packed_segment,4,1.268500,0.310200,0.096800,0.361400,4000016,9999900000
duplicates,100000,packed_fenwick,4,1.245500,0.309100,0.097100,0.319200,4000016,9999900000
duplicates,1000000,packed_fenwick,0,18.806800,3.781800,2.407300,6.331800,40000016,999999000000
duplicates,1000000,indirect_fenwick,0,12.829300,3.842900,1.756300,4.144400,24000016,999999000000
duplicates,1000000,packed_segment,0,18.008700,4.061100,1.938000,5.580100,40000016,999999000000
duplicates,1000000,indirect_fenwick,1,12.131700,3.672600,1.719300,4.000200,24000016,999999000000
duplicates,1000000,packed_segment,1,17.397200,3.777100,1.935600,5.325000,40000016,999999000000
duplicates,1000000,packed_fenwick,1,17.304900,3.789500,1.900700,5.284800,40000016,999999000000
duplicates,1000000,packed_segment,2,21.051100,4.573000,2.185400,7.164100,40000016,999999000000
duplicates,1000000,packed_fenwick,2,19.129100,4.415400,1.870800,5.280700,40000016,999999000000
duplicates,1000000,indirect_fenwick,2,12.088200,3.764100,1.735700,3.933700,24000016,999999000000
duplicates,1000000,packed_fenwick,3,17.463600,3.861000,1.877600,5.274800,40000016,999999000000
duplicates,1000000,indirect_fenwick,3,12.143400,3.738400,1.720500,3.904700,24000016,999999000000
duplicates,1000000,packed_segment,3,17.368600,3.740400,1.866800,5.342800,40000016,999999000000
duplicates,1000000,indirect_fenwick,4,12.145000,3.787000,1.742900,3.896200,24000016,999999000000
duplicates,1000000,packed_segment,4,17.547000,3.831400,1.867900,5.414700,40000016,999999000000
duplicates,1000000,packed_fenwick,4,17.250200,3.730900,1.877700,5.355300,40000016,999999000000
duplicates,3000000,packed_fenwick,0,53.367400,12.345500,5.792300,16.249500,120000016,8999997000000
duplicates,3000000,indirect_fenwick,0,37.533000,12.230200,5.183100,12.445500,72000016,8999997000000
duplicates,3000000,packed_segment,0,53.616700,11.988500,5.660100,16.449000,120000016,8999997000000
duplicates,3000000,indirect_fenwick,1,38.235300,12.353100,5.229800,12.469700,72000016,8999997000000
duplicates,3000000,packed_segment,1,54.329800,12.681600,5.729600,16.741000,120000016,8999997000000
duplicates,3000000,packed_fenwick,1,52.962200,11.978600,5.539800,16.166300,120000016,8999997000000
duplicates,3000000,packed_segment,2,53.116900,11.990600,5.522000,16.463700,120000016,8999997000000
duplicates,3000000,packed_fenwick,2,52.873000,12.034900,5.502600,16.149900,120000016,8999997000000
duplicates,3000000,indirect_fenwick,2,38.600500,12.411300,5.322900,12.840200,72000016,8999997000000
duplicates,3000000,packed_fenwick,3,58.184200,12.435400,6.096800,19.553400,120000016,8999997000000
duplicates,3000000,indirect_fenwick,3,38.947900,12.530200,5.215100,12.715600,72000016,8999997000000
duplicates,3000000,packed_segment,3,63.773400,13.461200,6.744600,22.483400,120000016,8999997000000
duplicates,3000000,indirect_fenwick,4,39.509100,12.282400,5.317300,12.717900,72000016,8999997000000
duplicates,3000000,packed_segment,4,53.804000,12.434300,5.588100,16.608200,120000016,8999997000000
duplicates,3000000,packed_fenwick,4,53.179700,11.954400,5.528200,16.301000,120000016,8999997000000
equal_starts,1000,packed_fenwick,0,0.060100,0.019000,0.001600,0.017900,48008,499500
equal_starts,1000,indirect_fenwick,0,0.042800,0.022600,0.002600,0.013200,32008,499500
equal_starts,1000,packed_segment,0,0.106300,0.023800,0.001500,0.058400,56000,499500
equal_starts,1000,indirect_fenwick,1,0.039600,0.021700,0.002200,0.011400,32008,499500
equal_starts,1000,packed_segment,1,0.107800,0.023700,0.001700,0.058600,56000,499500
equal_starts,1000,packed_fenwick,1,0.060200,0.019600,0.002400,0.017300,48008,499500
equal_starts,1000,packed_segment,2,0.101200,0.019800,0.001600,0.058100,56000,499500
equal_starts,1000,packed_fenwick,2,0.057800,0.018800,0.001600,0.016800,48008,499500
equal_starts,1000,indirect_fenwick,2,0.044600,0.023500,0.003200,0.013700,32008,499500
equal_starts,1000,packed_fenwick,3,0.061300,0.023700,0.001600,0.016200,48008,499500
equal_starts,1000,indirect_fenwick,3,0.042300,0.022600,0.002600,0.012600,32008,499500
equal_starts,1000,packed_segment,3,0.104300,0.023100,0.001500,0.057600,56000,499500
equal_starts,1000,indirect_fenwick,4,0.041400,0.021800,0.002700,0.012400,32008,499500
equal_starts,1000,packed_segment,4,0.104000,0.023300,0.001500,0.056700,56000,499500
equal_starts,1000,packed_fenwick,4,0.058600,0.019100,0.001600,0.016800,48008,499500
equal_starts,10000,packed_fenwick,0,0.544900,0.277100,0.015300,0.169100,480008,49995000
equal_starts,10000,indirect_fenwick,0,0.507300,0.260400,0.022800,0.152000,320008,49995000
equal_starts,10000,packed_segment,0,1.066900,0.283900,0.015300,0.665500,560000,49995000
equal_starts,10000,indirect_fenwick,1,0.514800,0.263400,0.025700,0.150400,320008,49995000
equal_starts,10000,packed_segment,1,1.184700,0.281400,0.014800,0.722800,560000,49995000
equal_starts,10000,packed_fenwick,1,0.564100,0.283900,0.016500,0.177800,480008,49995000
equal_starts,10000,packed_segment,2,1.085500,0.282800,0.015100,0.690700,560000,49995000
equal_starts,10000,packed_fenwick,2,0.550100,0.277300,0.015200,0.172700,480008,49995000
equal_starts,10000,indirect_fenwick,2,0.511100,0.262100,0.024900,0.154700,320008,49995000
equal_starts,10000,packed_fenwick,3,0.558300,0.278700,0.013600,0.186100,480008,49995000
equal_starts,10000,indirect_fenwick,3,0.493400,0.252300,0.021400,0.147600,320008,49995000
equal_starts,10000,packed_segment,3,1.104900,0.280600,0.015600,0.686400,560000,49995000
equal_starts,10000,indirect_fenwick,4,0.518000,0.268900,0.021200,0.149400,320008,49995000
equal_starts,10000,packed_segment,4,1.089500,0.274700,0.015200,0.698400,560000,49995000
equal_starts,10000,packed_fenwick,4,0.563900,0.277700,0.015600,0.186300,480008,49995000
equal_starts,100000,packed_fenwick,0,4.661500,2.452000,0.140100,1.380700,4800008,4999950000
equal_starts,100000,indirect_fenwick,0,4.330700,2.466000,0.154300,1.338400,3200008,4999950000
equal_starts,100000,packed_segment,0,9.710300,2.455100,0.100300,6.514300,5600000,4999950000
equal_starts,100000,indirect_fenwick,1,4.249700,2.449200,0.150500,1.320800,3200008,4999950000
equal_starts,100000,packed_segment,1,9.564300,2.469900,0.077400,6.422000,5600000,4999950000
equal_starts,100000,packed_fenwick,1,4.554400,2.457500,0.074900,1.369300,4800008,4999950000
equal_starts,100000,packed_segment,2,9.627000,2.467500,0.074900,6.463100,5600000,4999950000
equal_starts,100000,packed_fenwick,2,4.542700,2.470300,0.074900,1.366800,4800008,4999950000
equal_starts,100000,indirect_fenwick,2,4.232200,2.425600,0.151100,1.320700,3200008,4999950000
equal_starts,100000,packed_fenwick,3,4.556000,2.485400,0.087300,1.381600,4800008,4999950000
equal_starts,100000,indirect_fenwick,3,4.347000,2.527100,0.151500,1.323100,3200008,4999950000
equal_starts,100000,packed_segment,3,9.610700,2.432800,0.081000,6.493300,5600000,4999950000
equal_starts,100000,indirect_fenwick,4,4.826400,2.564600,0.218000,1.648300,3200008,4999950000
equal_starts,100000,packed_segment,4,12.178700,3.058900,0.157200,8.119700,5600000,4999950000
equal_starts,100000,packed_fenwick,4,6.091600,3.111400,0.147900,2.010900,4800008,4999950000
equal_starts,1000000,packed_fenwick,0,58.469500,30.692700,1.751400,18.846800,48000008,499999500000
equal_starts,1000000,indirect_fenwick,0,52.070400,29.758100,1.701500,17.100300,32000008,499999500000
equal_starts,1000000,packed_segment,0,112.016400,30.037700,1.758300,73.222600,56000000,499999500000
equal_starts,1000000,indirect_fenwick,1,53.117500,29.400800,2.376500,17.923300,32000008,499999500000
equal_starts,1000000,packed_segment,1,114.364900,30.087300,1.821900,75.164600,56000000,499999500000
equal_starts,1000000,packed_fenwick,1,57.557500,29.774000,1.753100,18.729200,48000008,499999500000
equal_starts,1000000,packed_segment,2,111.780200,29.966200,1.777500,72.696800,56000000,499999500000
equal_starts,1000000,packed_fenwick,2,58.202000,30.089200,1.732400,18.817700,48000008,499999500000
equal_starts,1000000,indirect_fenwick,2,52.982900,30.624400,1.722200,17.053400,32000008,499999500000
equal_starts,1000000,packed_fenwick,3,57.937100,30.049500,1.735700,18.873100,48000008,499999500000
equal_starts,1000000,indirect_fenwick,3,55.749500,33.189000,1.738300,16.927300,32000008,499999500000
equal_starts,1000000,packed_segment,3,113.058200,30.027600,1.830400,74.174900,56000000,499999500000
equal_starts,1000000,indirect_fenwick,4,52.403200,29.617400,1.725700,17.350600,32000008,499999500000
equal_starts,1000000,packed_segment,4,113.126100,30.374800,1.779100,73.659800,56000000,499999500000
equal_starts,1000000,packed_fenwick,4,58.819600,30.175200,1.928100,19.155900,48000008,499999500000
equal_starts,3000000,packed_fenwick,0,193.762900,99.894700,5.282900,67.162300,144000008,4499998500000
equal_starts,3000000,indirect_fenwick,0,175.534400,99.820300,5.129800,60.477200,96000008,4499998500000
equal_starts,3000000,packed_segment,0,358.366100,99.907900,5.076500,232.412100,168000000,4499998500000
equal_starts,3000000,indirect_fenwick,1,174.771300,99.448500,5.234100,59.696100,96000008,4499998500000
equal_starts,3000000,packed_segment,1,373.554900,99.807000,5.085900,247.331800,168000000,4499998500000
equal_starts,3000000,packed_fenwick,1,192.176400,100.038400,5.358400,65.030600,144000008,4499998500000
equal_starts,3000000,packed_segment,2,358.582000,100.703900,5.388900,230.295800,168000000,4499998500000
equal_starts,3000000,packed_fenwick,2,192.529300,99.869900,5.087600,66.012900,144000008,4499998500000
equal_starts,3000000,indirect_fenwick,2,197.485300,104.631700,7.461700,74.390400,96000008,4499998500000
equal_starts,3000000,packed_fenwick,3,199.889200,102.221100,5.421700,68.629300,144000008,4499998500000
equal_starts,3000000,indirect_fenwick,3,186.179300,103.600900,5.221600,65.726200,96000008,4499998500000
equal_starts,3000000,packed_segment,3,428.570100,135.098100,5.876700,262.838900,168000000,4499998500000
equal_starts,3000000,indirect_fenwick,4,187.011700,109.907000,5.373700,60.209500,96000008,4499998500000
equal_starts,3000000,packed_segment,4,352.506500,101.035900,5.078700,225.568700,168000000,4499998500000
equal_starts,3000000,packed_fenwick,4,198.576800,104.631200,5.533200,66.243100,144000008,4499998500000
equal_ends,1000,packed_fenwick,0,0.025200,0.004300,0.001500,0.004000,40016,499500
equal_ends,1000,indirect_fenwick,0,0.016600,0.006600,0.001700,0.004000,24016,499500
equal_ends,1000,packed_segment,0,0.029600,0.008400,0.001600,0.004400,40016,499500
equal_ends,1000,indirect_fenwick,1,0.016800,0.007100,0.001700,0.004000,24016,499500
equal_ends,1000,packed_segment,1,0.028600,0.007800,0.001600,0.004300,40016,499500
equal_ends,1000,packed_fenwick,1,0.025900,0.004500,0.001600,0.003900,40016,499500
equal_ends,1000,packed_segment,2,0.025300,0.004600,0.001500,0.004300,40016,499500
equal_ends,1000,packed_fenwick,2,0.025600,0.004700,0.001600,0.004000,40016,499500
equal_ends,1000,indirect_fenwick,2,0.016000,0.006300,0.001700,0.004000,24016,499500
equal_ends,1000,packed_fenwick,3,0.028600,0.008400,0.001600,0.003900,40016,499500
equal_ends,1000,indirect_fenwick,3,0.016900,0.007200,0.001700,0.004000,24016,499500
equal_ends,1000,packed_segment,3,0.030600,0.008800,0.001500,0.004200,40016,499500
equal_ends,1000,indirect_fenwick,4,0.016200,0.006700,0.001700,0.003900,24016,499500
equal_ends,1000,packed_segment,4,0.029200,0.008300,0.001600,0.004300,40016,499500
equal_ends,1000,packed_fenwick,4,0.024900,0.004400,0.001600,0.003900,40016,499500
equal_ends,10000,packed_fenwick,0,0.179300,0.055300,0.016200,0.043800,400016,49995000
equal_ends,10000,indirect_fenwick,0,0.155000,0.055000,0.016500,0.038100,240016,49995000
equal_ends,10000,packed_segment,0,0.172900,0.053500,0.015100,0.041400,400016,49995000
equal_ends,10000,indirect_fenwick,1,0.162500,0.061600,0.016500,0.038100,240016,49995000
equal_ends,10000,packed_segment,1,0.172500,0.053800,0.015100,0.041500,400016,49995000
equal_ends,10000,packed_fenwick,1,0.169500,0.053700,0.015100,0.037300,400016,49995000
equal_ends,10000,packed_segment,2,0.172200,0.053100,0.015000,0.041100,400016,49995000
equal_ends,10000,packed_fenwick,2,0.168200,0.055100,0.014900,0.037100,400016,49995000
equal_ends,10000,indirect_fenwick,2,0.152600,0.054300,0.016600,0.037800,240016,49995000
equal_ends,10000,packed_fenwick,3,0.168600,0.054300,0.015000,0.037100,400016,49995000
equal_ends,10000,indirect_fenwick,3,0.151800,0.053100,0.016500,0.037800,240016,49995000
equal_ends,10000,packed_segment,3,0.176500,0.056000,0.015100,0.041100,400016,49995000
equal_ends,10000,indirect_fenwick,4,0.153800,0.054000,0.016300,0.037800,240016,49995000
equal_ends,10000,packed_segment,4,0.171800,0.054600,0.015000,0.041200,400016,49995000
equal_ends,10000,packed_fenwick,4,0.172100,0.056400,0.015000,0.037100,400016,49995000
equal_ends,100000,packed_fenwick,0,1.404700,0.323900,0.181600,0.373300,4000016,4999950000
equal_ends,100000,indirect_fenwick,0,1.269900,0.397200,0.165300,0.380800,2400016,4999950000
equal_ends,100000,packed_segment,0,1.398800,0.318300,0.152300,0.419600,4000016,4999950000
equal_ends,100000,indirect_fenwick,1,1.206300,0.343400,0.165700,0.387000,2400016,4999950000
equal_ends,100000,packed_segment,1,1.383800,0.313100,0.151500,0.414400,4000016,4999950000
equal_ends,100000,packed_fenwick,1,1.413000,0.316100,0.152800,0.389800,4000016,4999950000
equal_ends,100000,packed_segment,2,1.389500,0.311600,0.161900,0.417300,4000016,4999950000
equal_ends,100000,packed_fenwick,2,1.405800,0.332800,0.151500,0.379300,4000016,4999950000
equal_ends,100000,indirect_fenwick,2,1.201600,0.331400,0.165800,0.381100,2400016,4999950000
equal_ends,100000,packed_fenwick,3,1.431700,0.353800,0.163800,0.377900,4000016,4999950000
equal_ends,100000,indirect_fenwick,3,1.190600,0.324900,0.166200,0.404300,2400016,4999950000
equal_ends,100000,packed_segment,3,1.443900,0.319700,0.151600,0.420400,4000016,4999950000
equal_ends,100000,indirect_fenwick,4,1.171200,0.319800,0.165500,0.387000,2400016,4999950000
equal_ends,100000,packed_segment,4,1.387500,0.320400,0.151900,0.403100,4000016,4999950000
equal_ends,100000,packed_fenwick,4,1.315300,0.310000,0.158100,0.360500,4000016,4999950000
equal_ends,1000000,packed_fenwick,0,16.994000,3.759700,3.080500,3.789100,40000016,499999500000
equal_ends,1000000,indirect_fenwick,0,12.133100,3.668200,2.025600,3.697100,24000016,499999500000
equal_ends,1000000,packed_segment,0,17.553700,3.741400,3.114800,4.300100,40000016,499999500000
equal_ends,1000000,indirect_fenwick,1,12.171400,3.681200,2.066500,3.702500,24000016,499999500000
equal_ends,1000000,packed_segment,1,17.399800,3.743200,3.076500,4.253200,40000016,499999500000
equal_ends,1000000,packed_fenwick,1,17.167000,3.812000,3.107500,3.767700,40000016,499999500000
equal_ends,1000000,packed_segment,2,17.466900,3.785000,3.058100,4.284200,40000016,499999500000
equal_ends,1000000,packed_fenwick,2,17.198700,3.764100,3.062200,3.813800,40000016,499999500000
equal_ends,1000000,indirect_fenwick,2,12.285100,3.834500,2.014600,3.657900,24000016,499999500000
equal_ends,1000000,packed_fenwick,3,17.242500,3.753300,3.081100,3.813200,40000016,499999500000
equal_ends,1000000,indirect_fenwick,3,14.675700,3.894800,2.236800,5.508300,24000016,499999500000
equal_ends,1000000,packed_segment,3,17.949500,3.747800,3.127100,4.507200,40000016,499999500000
equal_ends,1000000,indirect_fenwick,4,12.264700,3.697500,2.068000,3.782400,24000016,499999500000
equal_ends,1000000,packed_segment,4,17.882600,3.909800,3.232800,4.297400,40000016,499999500000
equal_ends,1000000,packed_fenwick,4,17.174400,3.744100,3.135700,3.800300,40000016,499999500000
equal_ends,3000000,packed_fenwick,0,52.565500,11.985000,10.272600,11.337900,120000016,4499998500000
equal_ends,3000000,indirect_fenwick,0,38.184700,12.303600,6.549700,11.245100,72000016,4499998500000
equal_ends,3000000,packed_segment,0,54.166300,11.955300,10.250500,12.758500,120000016,4499998500000
equal_ends,3000000,indirect_fenwick,1,38.164100,12.401500,6.453000,11.344700,72000016,4499998500000
equal_ends,3000000,packed_segment,1,54.364600,12.151600,10.323900,12.749700,120000016,4499998500000
equal_ends,3000000,packed_fenwick,1,54.839400,12.434600,10.824800,11.479600,120000016,4499998500000
equal_ends,3000000,packed_segment,2,54.217600,11.972900,10.249600,12.979800,120000016,4499998500000
equal_ends,3000000,packed_fenwick,2,53.012000,11.955700,10.353800,11.375000,120000016,4499998500000
equal_ends,3000000,indirect_fenwick,2,38.067600,12.078400,6.557200,11.286900,72000016,4499998500000
equal_ends,3000000,packed_fenwick,3,52.698300,11.936300,10.310200,11.198300,120000016,4499998500000
equal_ends,3000000,indirect_fenwick,3,38.114600,12.247600,6.588000,11.302800,72000016,4499998500000
equal_ends,3000000,packed_segment,3,54.211200,11.847900,10.452700,12.740900,120000016,4499998500000
equal_ends,3000000,indirect_fenwick,4,38.003700,12.204000,6.485500,11.332900,72000016,4499998500000
equal_ends,3000000,packed_segment,4,56.625000,11.910400,10.579600,12.774300,120000016,4499998500000
equal_ends,3000000,packed_fenwick,4,53.958100,11.896000,10.867500,11.438700,120000016,4499998500000
sparse,1000,packed_fenwick,0,0.080700,0.022400,0.021600,0.021800,47016,507
sparse,1000,indirect_fenwick,0,0.080900,0.025100,0.028500,0.024300,31016,507
sparse,1000,packed_segment,0,0.116400,0.025300,0.021800,0.048800,54016,507
sparse,1000,indirect_fenwick,1,0.083900,0.030700,0.026100,0.021500,31016,507
sparse,1000,packed_segment,1,0.116400,0.025800,0.021800,0.049000,54016,507
sparse,1000,packed_fenwick,1,0.081100,0.022000,0.021600,0.021600,47016,507
sparse,1000,packed_segment,2,0.106300,0.021900,0.020400,0.047900,54016,507
sparse,1000,packed_fenwick,2,0.078800,0.021900,0.020700,0.021300,47016,507
sparse,1000,indirect_fenwick,2,0.075700,0.025200,0.026100,0.021200,31016,507
sparse,1000,packed_fenwick,3,0.081300,0.025100,0.020900,0.020500,47016,507
sparse,1000,indirect_fenwick,3,0.073500,0.024900,0.025800,0.019700,31016,507
sparse,1000,packed_segment,3,0.108700,0.024800,0.020900,0.047200,54016,507
sparse,1000,indirect_fenwick,4,0.073900,0.024900,0.025800,0.020100,31016,507
sparse,1000,packed_segment,4,0.110300,0.025200,0.020900,0.048000,54016,507
sparse,1000,packed_fenwick,4,0.087200,0.021700,0.029200,0.021000,47016,507
sparse,10000,packed_fenwick,0,1.321400,0.512700,0.392600,0.334900,470864,5071
sparse,10000,indirect_fenwick,0,1.386900,0.502300,0.496700,0.320600,310864,5071
sparse,10000,packed_segment,0,1.751900,0.504000,0.387700,0.761300,541712,5071
sparse,10000,indirect_fenwick,1,1.447500,0.544300,0.517200,0.316900,310864,5071
sparse,10000,packed_segment,1,1.723600,0.492400,0.384900,0.739300,541712,5071
sparse,10000,packed_fenwick,1,1.312800,0.518200,0.382600,0.333100,470864,5071
sparse,10000,packed_segment,2,1.760100,0.505300,0.407500,0.750800,541712,5071
sparse,10000,packed_fenwick,2,1.363000,0.524200,0.411300,0.347500,470864,5071
sparse,10000,indirect_fenwick,2,1.398100,0.499900,0.513200,0.319400,310864,5071
sparse,10000,packed_fenwick,3,1.351200,0.525400,0.412100,0.330500,470864,5071
sparse,10000,indirect_fenwick,3,1.407100,0.503900,0.514300,0.320000,310864,5071
sparse,10000,packed_segment,3,1.766000,0.512700,0.390100,0.764800,541712,5071
sparse,10000,indirect_fenwick,4,1.390200,0.498800,0.500400,0.322600,310864,5071
sparse,10000,packed_segment,4,1.771300,0.534100,0.400000,0.738200,541712,5071
sparse,10000,packed_fenwick,4,1.340700,0.533200,0.392900,0.334300,470864,5071
sparse,100000,packed_fenwick,0,17.676900,8.177900,4.616400,4.032600,4707736,50764
sparse,100000,indirect_fenwick,0,14.733200,6.732400,4.481400,3.122500,3107736,50764
sparse,100000,packed_segment,0,16.660300,5.315300,3.263200,7.433200,5415456,50764
sparse,100000,indirect_fenwick,1,13.078600,5.225700,4.382200,3.091800,3107736,50764
sparse,100000,packed_segment,1,16.688300,5.403900,3.259200,7.402000,5415456,50764
sparse,100000,packed_fenwick,1,11.974600,5.162400,3.211900,2.972800,4707736,50764
sparse,100000,packed_segment,2,16.339200,5.099400,3.209100,7.380100,5415456,50764
sparse,100000,packed_fenwick,2,11.956200,5.131700,3.227300,2.986400,4707736,50764
sparse,100000,indirect_fenwick,2,13.467100,5.118600,4.878600,3.139400,3107736,50764
sparse,100000,packed_fenwick,3,12.052000,5.135500,3.303600,2.975100,4707736,50764
sparse,100000,indirect_fenwick,3,13.658000,5.655900,4.443300,3.220100,3107736,50764
sparse,100000,packed_segment,3,16.420900,5.118800,3.240500,7.418500,5415456,50764
sparse,100000,indirect_fenwick,4,12.674800,4.995200,4.273500,3.069000,3107736,50764
sparse,100000,packed_segment,4,16.264400,5.090000,3.202500,7.357600,5415456,50764
sparse,100000,packed_fenwick,4,11.925000,5.105200,3.197400,2.986300,4707736,50764
sparse,1000000,packed_fenwick,0,183.890700,84.423600,41.367500,50.660500,47079528,509419
sparse,1000000,indirect_fenwick,0,219.032700,81.760200,67.973700,65.768200,31079528,509419
sparse,1000000,packed_segment,0,281.905400,84.193000,42.471000,146.756000,54159040,509419
sparse,1000000,indirect_fenwick,1,276.687300,110.600300,94.103100,67.971800,31079528,509419
sparse,1000000,packed_segment,1,217.761700,81.872300,39.088500,88.858900,54159040,509419
sparse,1000000,packed_fenwick,1,174.355500,82.375800,39.337700,45.223200,47079528,509419
sparse,1000000,packed_segment,2,218.111300,81.844400,39.194400,89.368700,54159040,509419
sparse,1000000,packed_fenwick,2,190.499400,81.158900,38.885500,63.006400,47079528,509419
sparse,1000000,indirect_fenwick,2,233.039300,94.674300,67.767800,67.100200,31079528,509419
sparse,1000000,packed_fenwick,3,175.120900,81.913100,39.445900,46.110800,47079528,509419
sparse,1000000,indirect_fenwick,3,218.235200,81.735600,67.110800,65.780300,31079528,509419
sparse,1000000,packed_segment,3,216.448500,82.242100,38.899300,87.673200,54159040,509419
sparse,1000000,indirect_fenwick,4,237.716900,81.274400,71.477600,81.431800,31079528,509419
sparse,1000000,packed_segment,4,221.765600,81.509900,38.869600,93.677100,54159040,509419
sparse,1000000,packed_fenwick,4,173.258200,81.684500,38.769300,45.272400,47079528,509419
sparse,3000000,packed_fenwick,0,1006.313700,540.643400,151.111300,293.267000,141233808,1528879
sparse,3000000,indirect_fenwick,0,1340.725400,531.094300,390.169000,409.767300,93233808,1528879
sparse,3000000,packed_segment,0,1174.375500,610.716200,131.600400,409.369700,162467600,1528879
sparse,3000000,indirect_fenwick,1,1375.284300,557.467300,379.376900,428.507000,93233808,1528879
sparse,3000000,packed_segment,1,1108.837200,527.469200,131.588600,425.305000,162467600,1528879
sparse,3000000,packed_fenwick,1,971.216500,528.254700,135.586000,285.339900,141233808,1528879
sparse,3000000,packed_segment,2,1102.125400,527.443800,134.718300,416.205000,162467600,1528879
sparse,3000000,packed_fenwick,2,1189.447600,738.282200,133.755100,295.835000,141233808,1528879
sparse,3000000,indirect_fenwick,2,1343.970000,549.534800,376.764400,407.028200,93233808,1528879
sparse,3000000,packed_fenwick,3,976.098900,536.108800,132.146400,284.206500,141233808,1528879
sparse,3000000,indirect_fenwick,3,1354.786000,533.866800,381.182800,427.680200,93233808,1528879
sparse,3000000,packed_segment,3,1117.075500,528.796800,138.273900,427.504400,162467600,1528879
sparse,3000000,indirect_fenwick,4,1337.531900,528.390600,394.648100,404.770200,93233808,1528879
sparse,3000000,packed_segment,4,1158.477600,581.856000,131.243400,420.334700,162467600,1528879
sparse,3000000,packed_fenwick,4,1012.047800,573.762400,131.423600,282.463600,141233808,1528879
dense,1000,packed_fenwick,0,0.115000,0.035900,0.030000,0.028700,45648,133313
dense,1000,indirect_fenwick,0,0.107500,0.032000,0.037400,0.033200,29648,133313
dense,1000,packed_segment,0,0.155100,0.038600,0.028700,0.062100,51280,133313
dense,1000,indirect_fenwick,1,0.112300,0.035700,0.037400,0.032500,29648,133313
dense,1000,packed_segment,1,0.160600,0.039700,0.032300,0.062400,51280,133313
dense,1000,packed_fenwick,1,0.127100,0.035200,0.034200,0.032900,45648,133313
dense,1000,packed_segment,2,0.150400,0.034400,0.029300,0.061100,51280,133313
dense,1000,packed_fenwick,2,0.115900,0.033600,0.027800,0.031800,45648,133313
dense,1000,indirect_fenwick,2,0.115300,0.037100,0.039100,0.032600,29648,133313
dense,1000,packed_fenwick,3,0.126900,0.039400,0.030500,0.032600,45648,133313
dense,1000,indirect_fenwick,3,0.112000,0.036600,0.037800,0.031100,29648,133313
dense,1000,packed_segment,3,0.155500,0.037700,0.030300,0.061900,51280,133313
dense,1000,indirect_fenwick,4,0.111800,0.036800,0.037300,0.031000,29648,133313
dense,1000,packed_segment,4,0.153000,0.039100,0.029600,0.059400,51280,133313
dense,1000,packed_fenwick,4,0.120700,0.034500,0.030000,0.032000,45648,133313
dense,10000,packed_fenwick,0,1.285300,0.400400,0.507900,0.285500,412240,12571692
dense,10000,indirect_fenwick,0,1.410600,0.406400,0.644200,0.285400,252240,12571692
dense,10000,packed_segment,0,1.572400,0.395600,0.500500,0.582800,424464,12571692
dense,10000,indirect_fenwick,1,1.320700,0.384600,0.598300,0.275300,252240,12571692
dense,10000,packed_segment,1,1.551800,0.379300,0.491000,0.602700,424464,12571692
dense,10000,packed_fenwick,1,1.266000,0.401600,0.499400,0.283200,412240,12571692
dense,10000,packed_segment,2,1.575800,0.406900,0.489800,0.595200,424464,12571692
dense,10000,packed_fenwick,2,1.282500,0.398200,0.521200,0.285400,412240,12571692
dense,10000,indirect_fenwick,2,1.455400,0.392500,0.641500,0.355700,252240,12571692
dense,10000,packed_fenwick,3,1.288700,0.411500,0.509300,0.285900,412240,12571692
dense,10000,indirect_fenwick,3,1.433600,0.405000,0.680100,0.280900,252240,12571692
dense,10000,packed_segment,3,1.367900,0.390600,0.429600,0.467800,424464,12571692
dense,10000,indirect_fenwick,4,1.005100,0.278300,0.448000,0.233000,252240,12571692
dense,10000,packed_segment,4,1.150700,0.275400,0.366800,0.449600,424464,12571692
dense,10000,packed_fenwick,4,0.942300,0.291100,0.360300,0.234000,412240,12571692
dense,100000,packed_fenwick,0,9.629400,2.168200,4.779200,2.087200,4012752,1253472086
dense,100000,indirect_fenwick,0,10.925700,2.670600,5.814400,2.131700,2412752,1253472086
dense,100000,packed_segment,0,12.147900,2.178900,4.856000,4.463100,4025488,1253472086
dense,100000,indirect_fenwick,1,12.541800,2.204500,6.937200,2.932900,2412752,1253472086
dense,100000,packed_segment,1,12.363500,2.847600,4.771000,3.993100,4025488,1253472086
dense,100000,packed_fenwick,1,9.574000,2.211700,4.729500,2.045400,4012752,1253472086
dense,100000,packed_segment,2,11.442400,2.171600,4.722200,3.966100,4025488,1253472086
dense,100000,packed_fenwick,2,9.546600,2.154500,4.717300,2.072700,4012752,1253472086
dense,100000,indirect_fenwick,2,10.463400,2.198700,5.816700,2.144300,2412752,1253472086
dense,100000,packed_fenwick,3,9.583000,2.186900,4.729100,2.066000,4012752,1253472086
dense,100000,indirect_fenwick,3,10.473900,2.169400,5.839900,2.163100,2412752,1253472086
dense,100000,packed_segment,3,11.410500,2.133700,4.683100,3.988600,4025488,1253472086
dense,100000,indirect_fenwick,4,10.351000,2.144300,5.785000,2.124500,2412752,1253472086
dense,100000,packed_segment,4,12.087400,2.200000,4.672800,4.568200,4025488,1253472086
dense,100000,packed_fenwick,4,12.786000,3.133000,6.207600,2.702600,4012752,1253472086
dense,1000000,packed_fenwick,0,107.989800,20.840900,62.453100,18.370500,40012776,125415093086
dense,1000000,indirect_fenwick,0,149.392500,20.866400,98.973800,26.785800,24012776,125415093086
dense,1000000,packed_segment,0,131.849200,21.033000,61.686400,42.807800,40025536,125415093086
dense,1000000,indirect_fenwick,1,159.413200,21.180000,93.555800,41.549600,24012776,125415093086
dense,1000000,packed_segment,1,131.766100,21.108300,60.711600,43.726800,40025536,125415093086
dense,1000000,packed_fenwick,1,107.993700,21.358400,61.081400,18.823300,40012776,125415093086
dense,1000000,packed_segment,2,136.847400,21.016900,62.888900,46.303100,40025536,125415093086
dense,1000000,packed_fenwick,2,106.777600,21.109900,60.683600,18.437200,40012776,125415093086
dense,1000000,indirect_fenwick,2,137.936200,20.885300,87.965900,26.305600,24012776,125415093086
dense,1000000,packed_fenwick,3,114.316900,25.166500,61.390900,21.202400,40012776,125415093086
dense,1000000,indirect_fenwick,3,149.505000,25.077000,95.145900,26.060100,24012776,125415093086
dense,1000000,packed_segment,3,130.072200,20.791400,60.753000,42.232400,40025536,125415093086
dense,1000000,indirect_fenwick,4,139.544000,20.934300,88.598900,27.021100,24012776,125415093086
dense,1000000,packed_segment,4,131.791900,21.185600,61.106800,42.960300,40025536,125415093086
dense,1000000,packed_fenwick,4,109.181100,20.948100,60.659200,20.649000,40012776,125415093086
dense,3000000,packed_fenwick,0,435.669200,64.670600,233.538500,118.444800,120012776,1129395470323
dense,3000000,indirect_fenwick,0,760.013600,65.211900,515.703800,171.540000,72012776,1129395470323
dense,3000000,packed_segment,0,487.699900,65.045000,211.476600,191.981200,120025536,1129395470323
dense,3000000,indirect_fenwick,1,797.166100,64.715200,559.305800,165.099400,72012776,1129395470323
dense,3000000,packed_segment,1,482.790100,65.766000,205.801900,192.055400,120025536,1129395470323
dense,3000000,packed_fenwick,1,414.246300,64.506300,213.050600,117.421400,120012776,1129395470323
dense,3000000,packed_segment,2,481.432900,65.442800,206.052400,189.686000,120025536,1129395470323
dense,3000000,packed_fenwick,2,418.397300,64.444400,207.813300,126.832300,120012776,1129395470323
dense,3000000,indirect_fenwick,2,757.081600,65.953500,519.132600,164.216400,72012776,1129395470323
dense,3000000,packed_fenwick,3,427.335400,69.750500,211.908200,125.947800,120012776,1129395470323
dense,3000000,indirect_fenwick,3,779.189500,66.968500,536.979000,167.432200,72012776,1129395470323
dense,3000000,packed_segment,3,562.647500,64.955300,237.273800,240.178700,120025536,1129395470323
dense,3000000,indirect_fenwick,4,880.434600,94.691200,606.793800,169.751700,72012776,1129395470323
dense,3000000,packed_segment,4,498.808700,64.478100,205.991400,209.220700,120025536,1129395470323
dense,3000000,packed_fenwick,4,408.841000,64.568300,206.931800,118.246800,120012776,1129395470323
broad,1000,packed_fenwick,0,0.095800,0.028700,0.028800,0.017800,48008,94950
broad,1000,indirect_fenwick,0,0.082200,0.030800,0.034200,0.013300,32008,94950
broad,1000,packed_segment,0,0.135400,0.033300,0.024400,0.056300,56000,94950
broad,1000,indirect_fenwick,1,0.088200,0.031900,0.038700,0.013500,32008,94950
broad,1000,packed_segment,1,0.132100,0.033000,0.025200,0.053600,56000,94950
broad,1000,packed_fenwick,1,0.097900,0.027900,0.024700,0.017200,48008,94950
broad,1000,packed_segment,2,0.129200,0.027600,0.024000,0.053300,56000,94950
broad,1000,packed_fenwick,2,0.091900,0.028600,0.024300,0.016200,48008,94950
broad,1000,indirect_fenwick,2,0.083400,0.031700,0.034800,0.012900,32008,94950
broad,1000,packed_fenwick,3,0.098100,0.031400,0.025100,0.017500,48008,94950
broad,1000,indirect_fenwick,3,0.080100,0.030500,0.033400,0.011700,32008,94950
broad,1000,packed_segment,3,0.127600,0.031200,0.023500,0.052500,56000,94950
broad,1000,indirect_fenwick,4,0.082500,0.031900,0.033500,0.013000,32008,94950
broad,1000,packed_segment,4,0.131800,0.033400,0.025500,0.052700,56000,94950
broad,1000,packed_fenwick,4,0.085600,0.027400,0.022500,0.016300,48008,94950
broad,10000,packed_fenwick,0,1.059400,0.405300,0.369800,0.188300,480008,9499500
broad,10000,indirect_fenwick,0,1.154500,0.404900,0.509700,0.167900,320008,9499500
broad,10000,packed_segment,0,1.610200,0.410000,0.372800,0.736500,560000,9499500
broad,10000,indirect_fenwick,1,0.945900,0.433800,0.321600,0.125300,320008,9499500
broad,10000,packed_segment,1,1.165000,0.289000,0.240200,0.563400,560000,9499500
broad,10000,packed_fenwick,1,0.721600,0.291000,0.238500,0.128200,480008,9499500
broad,10000,packed_segment,2,1.162600,0.289200,0.237200,0.564500,560000,9499500
broad,10000,packed_fenwick,2,0.723300,0.289300,0.238000,0.127700,480008,9499500
broad,10000,indirect_fenwick,2,0.756400,0.281100,0.303100,0.123100,320008,9499500
broad,10000,packed_fenwick,3,0.730100,0.286100,0.254700,0.127300,480008,9499500
broad,10000,indirect_fenwick,3,0.759300,0.277300,0.306400,0.126100,320008,9499500
broad,10000,packed_segment,3,1.192300,0.296700,0.239200,0.584700,560000,9499500
broad,10000,indirect_fenwick,4,0.855000,0.310300,0.350100,0.126600,320008,9499500
broad,10000,packed_segment,4,1.242300,0.292400,0.238900,0.586500,560000,9499500
broad,10000,packed_fenwick,4,0.714000,0.287500,0.237600,0.128200,480008,9499500
broad,100000,packed_fenwick,0,8.597300,3.618900,2.903400,1.402100,4800008,949995000
broad,100000,indirect_fenwick,0,9.059600,3.575400,3.718600,1.409100,3200008,949995000
broad,100000,packed_segment,0,14.351900,3.614500,2.993500,7.106000,5600000,949995000
broad,100000,indirect_fenwick,1,9.041700,3.559900,3.708800,1.421600,3200008,949995000
broad,100000,packed_segment,1,14.399700,3.581000,2.954500,7.245500,5600000,949995000
broad,100000,packed_fenwick,1,8.693900,3.609200,2.925600,1.451300,4800008,949995000
broad,100000,packed_segment,2,14.383300,3.638800,2.927800,7.144000,5600000,949995000
broad,100000,packed_fenwick,2,8.756700,3.683300,2.915000,1.437000,4800008,949995000
broad,100000,indirect_fenwick,2,9.147700,3.654800,3.721500,1.410200,3200008,949995000
broad,100000,packed_fenwick,3,8.645900,3.605400,2.940800,1.437500,4800008,949995000
broad,100000,indirect_fenwick,3,9.078800,3.572000,3.738900,1.415100,3200008,949995000
broad,100000,packed_segment,3,14.317000,3.595800,2.974500,7.100800,5600000,949995000
broad,100000,indirect_fenwick,4,8.973600,3.544200,3.709800,1.388800,3200008,949995000
broad,100000,packed_segment,4,14.199900,3.550000,2.937900,7.096500,5600000,949995000
broad,100000,packed_fenwick,4,8.551000,3.561400,2.908400,1.451200,4800008,949995000
broad,1000000,packed_fenwick,0,117.786300,44.564800,36.754200,29.065900,48000008,94999950000
broad,1000000,indirect_fenwick,0,125.557800,47.128900,45.865400,29.036500,32000008,94999950000
broad,1000000,packed_segment,0,165.580700,45.146500,36.659000,75.693600,56000000,94999950000
broad,1000000,indirect_fenwick,1,124.876000,45.785900,46.411800,29.107100,32000008,94999950000
broad,1000000,packed_segment,1,171.298300,45.287100,37.330500,80.552900,56000000,94999950000
broad,1000000,packed_fenwick,1,120.098800,46.422100,36.826300,29.377500,48000008,94999950000
broad,1000000,packed_segment,2,168.405700,44.965500,37.054100,78.582400,56000000,94999950000
broad,1000000,packed_fenwick,2,117.855300,44.589600,36.633200,29.113600,48000008,94999950000
broad,1000000,indirect_fenwick,2,122.368700,44.088300,45.842400,28.928300,32000008,94999950000
broad,1000000,packed_fenwick,3,117.885300,45.077500,36.622100,29.057000,48000008,94999950000
broad,1000000,indirect_fenwick,3,123.815000,44.282500,46.338700,29.538300,32000008,94999950000
broad,1000000,packed_segment,3,167.835100,45.168700,37.276300,76.581700,56000000,94999950000
broad,1000000,indirect_fenwick,4,125.417600,46.318000,46.177200,29.097300,32000008,94999950000
broad,1000000,packed_segment,4,164.866800,44.891900,36.491300,75.646700,56000000,94999950000
broad,1000000,packed_fenwick,4,118.771900,44.846300,37.211200,29.068300,48000008,94999950000
broad,3000000,packed_fenwick,0,436.397200,154.645000,125.310800,134.850700,144000008,854999850000
broad,3000000,indirect_fenwick,0,533.546600,159.833500,224.022700,139.132000,96000008,854999850000
broad,3000000,packed_segment,0,554.461500,157.547400,129.019300,240.709700,168000000,854999850000
broad,3000000,indirect_fenwick,1,472.154800,155.597900,166.417700,139.145700,96000008,854999850000
broad,3000000,packed_segment,1,541.899600,155.540300,132.034200,228.759800,168000000,854999850000
broad,3000000,packed_fenwick,1,447.547300,157.652200,125.804100,142.753500,144000008,854999850000
broad,3000000,packed_segment,2,524.600800,149.348500,124.904500,226.381000,168000000,854999850000
broad,3000000,packed_fenwick,2,450.273000,158.063500,127.652100,140.150100,144000008,854999850000
broad,3000000,indirect_fenwick,2,457.451200,152.412100,154.919100,139.215400,96000008,854999850000
broad,3000000,packed_fenwick,3,512.020800,195.611800,166.981500,127.651400,144000008,854999850000
broad,3000000,indirect_fenwick,3,453.156400,150.099000,153.303600,139.664800,96000008,854999850000
broad,3000000,packed_segment,3,531.276200,150.576700,131.856900,226.062500,168000000,854999850000
broad,3000000,indirect_fenwick,4,454.648700,150.026000,153.967600,140.400400,96000008,854999850000
broad,3000000,packed_segment,4,533.543100,154.565100,128.538200,226.509400,168000000,854999850000
broad,3000000,packed_fenwick,4,437.831500,150.203900,124.913500,140.834100,144000008,854999850000
crossing,1000,packed_fenwick,0,0.057100,0.019700,0.002300,0.015900,48008,0
crossing,1000,indirect_fenwick,0,0.040900,0.021200,0.002400,0.012500,32008,0
crossing,1000,packed_segment,0,0.100800,0.023200,0.002300,0.055100,56000,0
crossing,1000,indirect_fenwick,1,0.040400,0.021200,0.002300,0.011900,32008,0
crossing,1000,packed_segment,1,0.099400,0.023300,0.002300,0.053600,56000,0
crossing,1000,packed_fenwick,1,0.057300,0.019400,0.002200,0.015900,48008,0
crossing,1000,packed_segment,2,0.094600,0.019300,0.002300,0.052900,56000,0
crossing,1000,packed_fenwick,2,0.056100,0.019000,0.002300,0.015600,48008,0
crossing,1000,indirect_fenwick,2,0.040400,0.021200,0.002300,0.012000,32008,0
crossing,1000,packed_fenwick,3,0.059800,0.023100,0.002300,0.015000,48008,0
crossing,1000,indirect_fenwick,3,0.039500,0.021300,0.002300,0.011000,32008,0
crossing,1000,packed_segment,3,0.099300,0.023100,0.002300,0.052800,56000,0
crossing,1000,indirect_fenwick,4,0.040000,0.021300,0.002300,0.011700,32008,0
crossing,1000,packed_segment,4,0.097200,0.023200,0.002300,0.052100,56000,0
crossing,1000,packed_fenwick,4,0.057000,0.019500,0.002300,0.015800,48008,0
crossing,10000,packed_fenwick,0,0.524500,0.260400,0.022000,0.171300,480008,0
crossing,10000,indirect_fenwick,0,0.494000,0.253900,0.022500,0.162500,320008,0
crossing,10000,packed_segment,0,1.041600,0.259500,0.022800,0.673200,560000,0
crossing,10000,indirect_fenwick,1,0.503300,0.259400,0.022700,0.164900,320008,0
crossing,10000,packed_segment,1,0.998200,0.264000,0.022300,0.619100,560000,0
crossing,10000,packed_fenwick,1,0.457500,0.175600,0.014500,0.183900,480008,0
crossing,10000,packed_segment,2,1.323200,0.428100,0.030300,0.700100,560000,0
crossing,10000,packed_fenwick,2,0.530800,0.251900,0.039200,0.180000,480008,0
crossing,10000,indirect_fenwick,2,0.517900,0.242900,0.021000,0.133600,320008,0
crossing,10000,packed_fenwick,3,0.630600,0.278800,0.050800,0.178900,480008,0
crossing,10000,indirect_fenwick,3,0.506200,0.236800,0.021100,0.126600,320008,0
crossing,10000,packed_segment,3,1.157900,0.299500,0.028700,0.682700,560000,0
crossing,10000,indirect_fenwick,4,0.596800,0.273600,0.021300,0.167100,320008,0
crossing,10000,packed_segment,4,1.127700,0.284400,0.030000,0.694900,560000,0
crossing,10000,packed_fenwick,4,0.400000,0.176000,0.014700,0.163000,480008,0
crossing,100000,packed_fenwick,0,4.633900,2.430700,0.170900,1.423500,4800008,0
crossing,100000,indirect_fenwick,0,4.319200,2.417400,0.163800,1.384700,3200008,0
crossing,100000,packed_segment,0,10.310900,2.439300,0.151400,7.044600,5600000,0
crossing,100000,indirect_fenwick,1,4.425700,2.502700,0.211200,1.368600,3200008,0
crossing,100000,packed_segment,1,10.287400,2.446700,0.156900,7.015200,5600000,0
crossing,100000,packed_fenwick,1,4.675400,2.457800,0.149900,1.432500,4800008,0
crossing,100000,packed_segment,2,10.308300,2.458900,0.150000,7.060500,5600000,0
crossing,100000,packed_fenwick,2,4.626100,2.440500,0.169700,1.399900,4800008,0
crossing,100000,indirect_fenwick,2,4.357200,2.446200,0.164700,1.384700,3200008,0
crossing,100000,packed_fenwick,3,4.572700,2.431900,0.151400,1.387200,4800008,0
crossing,100000,indirect_fenwick,3,4.303700,2.430700,0.165800,1.361700,3200008,0
crossing,100000,packed_segment,3,10.432200,2.453500,0.151100,7.153500,5600000,0
crossing,100000,indirect_fenwick,4,4.287400,2.421300,0.163800,1.352500,3200008,0
crossing,100000,packed_segment,4,10.426000,2.444400,0.151700,7.151600,5600000,0
crossing,100000,packed_fenwick,4,4.637000,2.448500,0.149900,1.395600,4800008,0
crossing,1000000,packed_fenwick,0,69.164000,30.047200,3.049900,28.768000,48000008,0
crossing,1000000,indirect_fenwick,0,63.688700,29.629100,1.980700,28.650600,32000008,0
crossing,1000000,packed_segment,0,117.318700,30.037600,3.017800,76.725700,56000000,0
crossing,1000000,indirect_fenwick,1,63.612300,29.541100,2.039000,28.555100,32000008,0
crossing,1000000,packed_segment,1,117.091300,29.919800,3.035700,76.568000,56000000,0
crossing,1000000,packed_fenwick,1,68.956400,29.907600,3.071600,28.749000,48000008,0
crossing,1000000,packed_segment,2,118.166900,29.907600,3.001000,77.407900,56000000,0
crossing,1000000,packed_fenwick,2,71.536300,30.586300,3.426500,29.635400,48000008,0
crossing,1000000,indirect_fenwick,2,67.063200,30.064000,2.073300,30.935300,32000008,0
crossing,1000000,packed_fenwick,3,85.748800,39.780800,3.680800,33.185300,48000008,0
crossing,1000000,indirect_fenwick,3,70.610300,36.870800,2.713600,27.065600,32000008,0
crossing,1000000,packed_segment,3,118.394600,30.735900,3.087800,76.919200,56000000,0
crossing,1000000,indirect_fenwick,4,64.273000,29.944200,2.045300,28.806200,32000008,0
crossing,1000000,packed_segment,4,117.307400,29.750600,3.008500,76.946900,56000000,0
crossing,1000000,packed_fenwick,4,69.015300,29.918100,3.057400,28.837200,48000008,0
crossing,3000000,packed_fenwick,0,272.663900,99.199100,10.304700,141.500300,144000008,0
crossing,3000000,indirect_fenwick,0,266.596500,116.150400,6.968700,133.596900,96000008,0
crossing,3000000,packed_segment,0,362.532200,101.615600,10.321600,227.294900,168000000,0
crossing,3000000,indirect_fenwick,1,255.541300,99.672000,6.515900,138.917000,96000008,0
crossing,3000000,packed_segment,1,367.005100,100.064700,11.413900,232.793700,168000000,0
crossing,3000000,packed_fenwick,1,272.928400,99.351400,11.174800,139.985900,144000008,0
crossing,3000000,packed_segment,2,362.669300,100.891300,10.213600,228.538600,168000000,0
crossing,3000000,packed_fenwick,2,244.825100,104.469700,10.955200,106.781000,144000008,0
crossing,3000000,indirect_fenwick,2,258.275200,100.561500,6.584400,140.994100,96000008,0
crossing,3000000,packed_fenwick,3,274.280700,100.144900,10.198400,142.318100,144000008,0
crossing,3000000,indirect_fenwick,3,254.327000,98.797100,6.465500,138.559900,96000008,0
crossing,3000000,packed_segment,3,422.017700,134.790100,11.670200,250.245100,168000000,0
crossing,3000000,indirect_fenwick,4,249.180300,99.834100,6.635600,132.333900,96000008,0
crossing,3000000,packed_segment,4,359.451300,99.735700,10.311100,226.524500,168000000,0
crossing,3000000,packed_fenwick,4,284.913600,108.416400,10.380300,142.384200,144000008,0
empty,1000,packed_fenwick,0,0.067200,0.016600,0.028000,0.007300,40520,14640
empty,1000,indirect_fenwick,0,0.066500,0.018700,0.036700,0.006900,24520,14640
empty,1000,packed_segment,0,0.078600,0.019500,0.028200,0.015000,41024,14640
empty,1000,indirect_fenwick,1,0.063900,0.018500,0.034600,0.006700,24520,14640
empty,1000,packed_segment,1,0.078200,0.019700,0.028200,0.014700,41024,14640
empty,1000,packed_fenwick,1,0.064500,0.016400,0.025700,0.007100,40520,14640
empty,1000,packed_segment,2,0.070600,0.016100,0.023300,0.015400,41024,14640
empty,1000,packed_fenwick,2,0.061400,0.016100,0.022600,0.006800,40520,14640
empty,1000,indirect_fenwick,2,0.062500,0.018000,0.033700,0.006800,24520,14640
empty,1000,packed_fenwick,3,0.065200,0.019300,0.023900,0.006700,40520,14640
empty,1000,indirect_fenwick,3,0.061300,0.018100,0.032500,0.006600,24520,14640
empty,1000,packed_segment,3,0.073700,0.019200,0.024100,0.014500,41024,14640
empty,1000,indirect_fenwick,4,0.067700,0.018400,0.038300,0.006600,24520,14640
empty,1000,packed_segment,4,0.074600,0.019500,0.024900,0.014400,41024,14640
empty,1000,packed_fenwick,4,0.061400,0.016200,0.022900,0.006800,40520,14640
empty,10000,packed_fenwick,0,0.602600,0.127200,0.394500,0.057300,400520,1552512
empty,10000,indirect_fenwick,0,0.710800,0.145500,0.447600,0.071900,240520,1552512
empty,10000,packed_segment,0,0.694000,0.144900,0.394000,0.095700,401024,1552512
empty,10000,indirect_fenwick,1,0.685800,0.123500,0.439300,0.058900,240520,1552512
empty,10000,packed_segment,1,0.738000,0.167000,0.396700,0.097300,401024,1552512
empty,10000,packed_fenwick,1,0.600500,0.126300,0.394500,0.057700,400520,1552512
empty,10000,packed_segment,2,0.639600,0.126500,0.394100,0.096300,401024,1552512
empty,10000,packed_fenwick,2,0.680800,0.172800,0.392100,0.058300,400520,1552512
empty,10000,indirect_fenwick,2,0.764000,0.166200,0.471600,0.059600,240520,1552512
empty,10000,packed_fenwick,3,0.645200,0.140700,0.394500,0.056100,400520,1552512
empty,10000,indirect_fenwick,3,0.688700,0.141700,0.438600,0.059000,240520,1552512
empty,10000,packed_segment,3,0.684300,0.141500,0.393900,0.095900,401024,1552512
empty,10000,indirect_fenwick,4,0.683500,0.121500,0.437900,0.063500,240520,1552512
empty,10000,packed_segment,4,0.720700,0.150200,0.417700,0.096400,401024,1552512
empty,10000,packed_fenwick,4,0.612300,0.126900,0.405900,0.057600,400520,1552512
empty,100000,packed_fenwick,0,6.775200,1.171000,4.443800,0.606600,4000520,156150016
empty,100000,indirect_fenwick,0,7.837200,1.227700,5.554600,0.725600,2400520,156150016
empty,100000,packed_segment,0,7.088900,1.169900,4.412500,0.945400,4001024,156150016
empty,100000,indirect_fenwick,1,7.810800,1.185900,5.523600,0.769200,2400520,156150016
empty,100000,packed_segment,1,7.622800,1.176700,4.687000,1.183500,4001024,156150016
empty,100000,packed_fenwick,1,6.822600,1.184000,4.411600,0.614000,4000520,156150016
empty,100000,packed_segment,2,7.254300,1.183300,4.462800,0.965400,4001024,156150016
empty,100000,packed_fenwick,2,6.845400,1.176600,4.419600,0.637000,4000520,156150016
empty,100000,indirect_fenwick,2,7.760900,1.184400,5.540100,0.740900,2400520,156150016
empty,100000,packed_fenwick,3,6.809800,1.188600,4.418300,0.620500,4000520,156150016
empty,100000,indirect_fenwick,3,7.772600,1.201200,5.540500,0.730000,2400520,156150016
empty,100000,packed_segment,3,7.166200,1.192400,4.397700,0.973000,4001024,156150016
empty,100000,indirect_fenwick,4,7.804300,1.185000,5.546700,0.769100,2400520,156150016
empty,100000,packed_segment,4,7.170600,1.192200,4.410000,0.947200,4001024,156150016
empty,100000,packed_fenwick,4,6.826400,1.202900,4.432600,0.616500,4000520,156150016
empty,1000000,packed_fenwick,0,78.669100,12.683800,51.477800,8.169000,40000520,15624000000
empty,1000000,indirect_fenwick,0,136.589800,12.780400,109.050800,11.875500,24000520,15624000000
empty,1000000,packed_segment,0,89.792000,12.584000,59.055200,11.783600,40001024,15624000000
empty,1000000,indirect_fenwick,1,128.931200,11.995000,102.512800,11.631200,24000520,15624000000
empty,1000000,packed_segment,1,81.775200,12.339000,51.568200,11.611600,40001024,15624000000
empty,1000000,packed_fenwick,1,78.681100,12.497200,51.590700,8.164600,40000520,15624000000
empty,1000000,packed_segment,2,84.177900,12.713500,52.703000,12.411200,40001024,15624000000
empty,1000000,packed_fenwick,2,82.671400,13.163400,54.199900,8.302000,40000520,15624000000
empty,1000000,indirect_fenwick,2,129.826600,12.361000,103.258200,11.425400,24000520,15624000000
empty,1000000,packed_fenwick,3,78.438000,12.520300,51.475800,8.138500,40000520,15624000000
empty,1000000,indirect_fenwick,3,134.521400,12.253300,107.622800,11.875100,24000520,15624000000
empty,1000000,packed_segment,3,85.180300,12.351100,53.780900,12.391400,40001024,15624000000
empty,1000000,indirect_fenwick,4,153.077900,12.569800,126.074600,11.610000,24000520,15624000000
empty,1000000,packed_segment,4,82.371900,12.505600,51.771700,11.736000,40001024,15624000000
empty,1000000,packed_fenwick,4,78.962000,12.624300,51.811900,8.117200,40000520,15624000000
empty,3000000,packed_fenwick,0,305.782800,51.959200,173.067200,59.497500,120000520,140622000000
empty,3000000,indirect_fenwick,0,750.321000,38.267600,619.571100,84.487400,72000520,140622000000
empty,3000000,packed_segment,0,308.420600,51.701300,170.272100,64.823500,120001024,140622000000
empty,3000000,indirect_fenwick,1,797.051400,38.298600,666.873200,83.663500,72000520,140622000000
empty,3000000,packed_segment,1,295.524300,39.111800,169.487800,67.553100,120001024,140622000000
empty,3000000,packed_fenwick,1,304.169800,53.411000,170.845300,58.960000,120000520,140622000000
empty,3000000,packed_segment,2,302.688000,39.309900,175.192900,68.870400,120001024,140622000000
empty,3000000,packed_fenwick,2,295.127100,40.578200,172.101000,62.074000,120000520,140622000000
empty,3000000,indirect_fenwick,2,750.228200,39.348100,627.514900,75.355600,72000520,140622000000
empty,3000000,packed_fenwick,3,288.199600,38.928100,169.976100,59.963300,120000520,140622000000
empty,3000000,indirect_fenwick,3,753.314900,38.389700,631.590800,75.265400,72000520,140622000000
empty,3000000,packed_segment,3,306.843800,44.158600,173.277500,70.084500,120001024,140622000000
empty,3000000,indirect_fenwick,4,784.593800,39.803900,659.278100,77.020200,72000520,140622000000
empty,3000000,packed_segment,4,293.451400,39.391500,170.272000,64.815900,120001024,140622000000
empty,3000000,packed_fenwick,4,285.738500,38.859400,169.092800,58.578800,120000520,140622000000
mixed,1000,packed_fenwick,0,0.075800,0.017100,0.032700,0.011600,40552,20547
mixed,1000,indirect_fenwick,0,0.071900,0.019900,0.037700,0.011300,24552,20547
mixed,1000,packed_segment,0,0.086600,0.019900,0.033200,0.019200,41088,20547
mixed,1000,indirect_fenwick,1,0.070000,0.019600,0.036900,0.010500,24552,20547
mixed,1000,packed_segment,1,0.087500,0.019900,0.033300,0.018400,41088,20547
mixed,1000,packed_fenwick,1,0.073900,0.016500,0.031200,0.011100,40552,20547
mixed,1000,packed_segment,2,0.075800,0.016500,0.028100,0.016800,41088,20547
mixed,1000,packed_fenwick,2,0.068400,0.016400,0.026900,0.010200,40552,20547
mixed,1000,indirect_fenwick,2,0.069700,0.019600,0.036400,0.010500,24552,20547
mixed,1000,packed_fenwick,3,0.073000,0.019500,0.029100,0.010100,40552,20547
mixed,1000,indirect_fenwick,3,0.068700,0.019600,0.035600,0.010400,24552,20547
mixed,1000,packed_segment,3,0.089200,0.027800,0.029500,0.017100,41088,20547
mixed,1000,indirect_fenwick,4,0.067600,0.019300,0.034800,0.010300,24552,20547
mixed,1000,packed_segment,4,0.079800,0.019800,0.029400,0.016500,41088,20547
mixed,1000,packed_fenwick,4,0.068200,0.016400,0.027000,0.010500,40552,20547
mixed,10000,packed_fenwick,0,0.785100,0.151500,0.520800,0.061800,400552,2143051
mixed,10000,indirect_fenwick,0,0.761900,0.130600,0.459700,0.064000,240552,2143051
mixed,10000,packed_segment,0,0.830600,0.152900,0.517000,0.109200,401088,2143051
mixed,10000,indirect_fenwick,1,0.707100,0.143600,0.458400,0.063900,240552,2143051
mixed,10000,packed_segment,1,0.828900,0.152500,0.516500,0.107700,401088,2143051
mixed,10000,packed_fenwick,1,0.739500,0.135200,0.521100,0.062300,400552,2143051
mixed,10000,packed_segment,2,0.838400,0.161700,0.516900,0.101200,401088,2143051
mixed,10000,packed_fenwick,2,0.735900,0.134000,0.519200,0.061200,400552,2143051
mixed,10000,indirect_fenwick,2,0.725500,0.130300,0.466400,0.064800,240552,2143051
mixed,10000,packed_fenwick,3,0.786400,0.152300,0.518200,0.062100,400552,2143051
mixed,10000,indirect_fenwick,3,0.711800,0.120600,0.468500,0.064200,240552,2143051
mixed,10000,packed_segment,3,0.822500,0.151500,0.516100,0.102200,401088,2143051
mixed,10000,indirect_fenwick,4,0.712600,0.142500,0.465300,0.063800,240552,2143051
mixed,10000,packed_segment,4,0.834000,0.152500,0.523400,0.106000,401088,2143051
mixed,10000,packed_fenwick,4,0.732800,0.135100,0.514700,0.062100,400552,2143051
mixed,100000,packed_fenwick,0,8.102600,1.290000,5.597400,0.645100,4000552,215232065
mixed,100000,indirect_fenwick,0,8.136400,1.346900,5.706400,0.786500,2400552,215232065
mixed,100000,packed_segment,0,8.341000,1.254500,5.542000,0.976300,4001088,215232065
mixed,100000,indirect_fenwick,1,11.725400,1.680700,8.587600,1.129200,2400552,215232065
mixed,100000,packed_segment,1,10.247300,1.824800,6.541900,1.151100,4001088,215232065
mixed,100000,packed_fenwick,1,8.083200,1.275600,5.544300,0.636100,4000552,215232065
mixed,100000,packed_segment,2,8.549400,1.302800,5.694900,0.979000,4001088,215232065
mixed,100000,packed_fenwick,2,8.041500,1.265400,5.554000,0.626400,4000552,215232065
mixed,100000,indirect_fenwick,2,8.017300,1.256100,5.711500,0.750500,2400552,215232065
mixed,100000,packed_fenwick,3,8.039500,1.270100,5.546100,0.638700,4000552,215232065
mixed,100000,indirect_fenwick,3,8.050400,1.304000,5.700300,0.767000,2400552,215232065
mixed,100000,packed_segment,3,8.444200,1.273300,5.611500,0.966900,4001088,215232065
mixed,100000,indirect_fenwick,4,7.994100,1.288000,5.674300,0.750500,2400552,215232065
mixed,100000,packed_segment,4,8.568600,1.249500,5.601400,1.113900,4001088,215232065
mixed,100000,packed_fenwick,4,8.078900,1.269900,5.582500,0.642800,4000552,215232065
mixed,1000000,packed_fenwick,0,92.221800,13.694200,62.692900,9.359600,40000552,21532203125
mixed,1000000,indirect_fenwick,0,141.007800,13.217200,111.937500,12.957600,24000552,21532203125
mixed,1000000,packed_segment,0,93.926000,13.241500,61.392700,12.404900,40001088,21532203125
mixed,1000000,indirect_fenwick,1,139.281900,13.245000,109.980800,13.179400,24000552,21532203125
mixed,1000000,packed_segment,1,111.211400,13.958800,74.892800,15.055300,40001088,21532203125
mixed,1000000,packed_fenwick,1,94.249200,16.874300,61.736700,9.021700,40000552,21532203125
mixed,1000000,packed_segment,2,93.468700,13.170800,61.404400,12.540200,40001088,21532203125
mixed,1000000,packed_fenwick,2,90.652700,13.334300,61.801100,9.083800,40000552,21532203125
mixed,1000000,indirect_fenwick,2,137.609800,13.206400,107.853800,13.799900,24000552,21532203125
mixed,1000000,packed_fenwick,3,90.281200,13.242400,61.563600,9.213900,40000552,21532203125
mixed,1000000,indirect_fenwick,3,141.224000,13.354500,110.954500,14.090400,24000552,21532203125
mixed,1000000,packed_segment,3,93.545900,13.489900,61.332900,12.430000,40001088,21532203125
mixed,1000000,indirect_fenwick,4,137.438800,13.474500,107.687500,13.361800,24000552,21532203125
mixed,1000000,packed_segment,4,98.367000,16.289700,61.764200,12.818000,40001088,21532203125
mixed,1000000,packed_fenwick,4,92.701300,13.843700,63.139900,9.080600,40000552,21532203125
mixed,3000000,packed_fenwick,0,377.148700,42.682600,201.487400,113.504700,120000552,193795828125
mixed,3000000,indirect_fenwick,0,913.220100,44.065800,748.703600,111.103900,72000552,193795828125
mixed,3000000,packed_segment,0,369.076100,42.657700,201.631100,105.411000,120001088,193795828125
mixed,3000000,indirect_fenwick,1,862.893800,48.635400,694.446500,111.637700,72000552,193795828125
mixed,3000000,packed_segment,1,411.396800,45.401400,208.773000,136.259600,120001088,193795828125
mixed,3000000,packed_fenwick,1,362.876100,53.968300,200.512800,85.028200,120000552,193795828125
mixed,3000000,packed_segment,2,365.902300,41.832500,198.758500,104.824900,120001088,193795828125
mixed,3000000,packed_fenwick,2,346.376900,42.380800,199.344000,85.236100,120000552,193795828125
mixed,3000000,indirect_fenwick,2,846.782800,41.250500,673.907800,123.541200,72000552,193795828125
mixed,3000000,packed_fenwick,3,366.360400,49.361300,201.569500,94.185700,120000552,193795828125
mixed,3000000,indirect_fenwick,3,986.319600,60.107200,808.808900,108.519700,72000552,193795828125
mixed,3000000,packed_segment,3,361.143400,42.018700,197.068000,102.899500,120001088,193795828125
mixed,3000000,indirect_fenwick,4,826.935800,41.450800,668.455400,109.039700,72000552,193795828125
mixed,3000000,packed_segment,4,364.265900,42.856200,198.870700,102.614100,120001088,193795828125
mixed,3000000,packed_fenwick,4,350.889600,42.344300,200.311900,86.360200,120000552,193795828125
sorted,1000,packed_fenwick,0,0.042600,0.014100,0.001000,0.011900,48008,499500
sorted,1000,indirect_fenwick,0,0.030300,0.015500,0.001500,0.008900,32008,499500
sorted,1000,packed_segment,0,0.084100,0.017700,0.001000,0.047200,56000,499500
sorted,1000,indirect_fenwick,1,0.030700,0.016100,0.001500,0.008700,32008,499500
sorted,1000,packed_segment,1,0.079600,0.017300,0.001100,0.045400,56000,499500
sorted,1000,packed_fenwick,1,0.050600,0.022500,0.001000,0.011600,48008,499500
sorted,1000,packed_segment,2,0.076300,0.014200,0.001000,0.044500,56000,499500
sorted,1000,packed_fenwick,2,0.041500,0.014300,0.001100,0.011100,48008,499500
sorted,1000,indirect_fenwick,2,0.030500,0.016000,0.001500,0.008700,32008,499500
sorted,1000,packed_fenwick,3,0.044900,0.017500,0.001000,0.011000,48008,499500
sorted,1000,indirect_fenwick,3,0.030000,0.015900,0.001500,0.008100,32008,499500
sorted,1000,packed_segment,3,0.080900,0.017300,0.001100,0.044900,56000,499500
sorted,1000,indirect_fenwick,4,0.030000,0.015900,0.001600,0.008400,32008,499500
sorted,1000,packed_segment,4,0.079500,0.017700,0.001000,0.044300,56000,499500
sorted,1000,packed_fenwick,4,0.042100,0.014300,0.001000,0.011400,48008,499500
sorted,10000,packed_fenwick,0,0.525300,0.255700,0.020200,0.204600,480008,49995000
sorted,10000,indirect_fenwick,0,0.529400,0.244200,0.022500,0.142800,320008,49995000
sorted,10000,packed_segment,0,1.134100,0.278500,0.020300,0.727600,560000,49995000
sorted,10000,indirect_fenwick,1,0.518400,0.240700,0.023800,0.162600,320008,49995000
sorted,10000,packed_segment,1,1.108800,0.268600,0.019800,0.716100,560000,49995000
sorted,10000,packed_fenwick,1,0.586200,0.283600,0.020500,0.199700,480008,49995000
sorted,10000,packed_segment,2,1.058600,0.264900,0.017400,0.716900,560000,49995000
sorted,10000,packed_fenwick,2,0.516500,0.253300,0.020500,0.201600,480008,49995000
sorted,10000,indirect_fenwick,2,0.594900,0.311100,0.021600,0.189600,320008,49995000
sorted,10000,packed_fenwick,3,0.573800,0.272800,0.020500,0.199000,480008,49995000
sorted,10000,indirect_fenwick,3,0.494300,0.242300,0.023100,0.145700,320008,49995000
sorted,10000,packed_segment,3,1.110000,0.269700,0.019600,0.719000,560000,49995000
sorted,10000,indirect_fenwick,4,0.504100,0.248200,0.023100,0.145800,320008,49995000
sorted,10000,packed_segment,4,1.149100,0.280400,0.019500,0.731200,560000,49995000
sorted,10000,packed_fenwick,4,0.581700,0.283100,0.019600,0.197000,480008,49995000
sorted,100000,packed_fenwick,0,6.588700,3.096700,0.212600,2.362300,4800008,4999950000
sorted,100000,indirect_fenwick,0,6.025400,3.057300,0.226700,2.278800,3200008,4999950000
sorted,100000,packed_segment,0,13.181700,3.114800,0.216600,9.021700,5600000,4999950000
sorted,100000,indirect_fenwick,1,5.991800,2.992000,0.230000,2.277200,3200008,4999950000
sorted,100000,packed_segment,1,13.148400,3.127400,0.214800,8.989200,5600000,4999950000
sorted,100000,packed_fenwick,1,6.568200,3.109400,0.204900,2.432100,4800008,4999950000
sorted,100000,packed_segment,2,13.228700,3.100300,0.194200,9.047600,5600000,4999950000
sorted,100000,packed_fenwick,2,6.550600,3.131700,0.199200,2.371700,4800008,4999950000
sorted,100000,indirect_fenwick,2,6.017800,3.026600,0.235500,2.288000,3200008,4999950000
sorted,100000,packed_fenwick,3,6.709900,3.306100,0.211200,2.373500,4800008,4999950000
sorted,100000,indirect_fenwick,3,6.009000,3.028200,0.232500,2.255900,3200008,4999950000
sorted,100000,packed_segment,3,13.150300,3.109100,0.214200,8.966800,5600000,4999950000
sorted,100000,indirect_fenwick,4,5.167800,3.017500,0.156900,1.562800,3200008,4999950000
sorted,100000,packed_segment,4,10.328400,2.607300,0.122700,6.984500,5600000,4999950000
sorted,100000,packed_fenwick,4,4.863100,2.555700,0.098900,1.571200,4800008,4999950000
sorted,1000000,packed_fenwick,0,68.397000,29.994100,1.753000,29.655600,48000008,499999500000
sorted,1000000,indirect_fenwick,0,64.607700,29.458700,1.712900,29.649400,32000008,499999500000
sorted,1000000,packed_segment,0,117.382300,32.528800,1.771800,74.988400,56000000,499999500000
sorted,1000000,indirect_fenwick,1,64.589300,29.981600,1.728000,29.372000,32000008,499999500000
sorted,1000000,packed_segment,1,114.116400,29.854200,1.818800,75.480400,56000000,499999500000
sorted,1000000,packed_fenwick,1,68.043300,29.951500,1.759700,28.994300,48000008,499999500000
sorted,1000000,packed_segment,2,114.528800,29.963200,1.818800,75.793600,56000000,499999500000
sorted,1000000,packed_fenwick,2,67.981300,29.943200,1.854300,29.200400,48000008,499999500000
sorted,1000000,indirect_fenwick,2,64.096500,29.446500,1.707500,29.464500,32000008,499999500000
sorted,1000000,packed_fenwick,3,68.308300,29.845500,1.898400,29.603800,48000008,499999500000
sorted,1000000,indirect_fenwick,3,63.911600,29.311800,1.742200,29.418500,32000008,499999500000
sorted,1000000,packed_segment,3,114.650700,29.920000,1.843000,75.890200,56000000,499999500000
sorted,1000000,indirect_fenwick,4,65.294500,30.323900,1.787500,29.655000,32000008,499999500000
sorted,1000000,packed_segment,4,116.300200,30.317500,2.056100,76.847200,56000000,499999500000
sorted,1000000,packed_fenwick,4,73.731000,30.729100,2.208900,32.687700,48000008,499999500000
sorted,3000000,packed_fenwick,0,271.787400,100.019000,5.134600,145.544000,144000008,4499998500000
sorted,3000000,indirect_fenwick,0,262.393700,103.302000,5.251400,144.029600,96000008,4499998500000
sorted,3000000,packed_segment,0,369.504600,100.543500,5.164200,242.500100,168000000,4499998500000
sorted,3000000,indirect_fenwick,1,257.564700,99.385300,5.112700,142.569100,96000008,4499998500000
sorted,3000000,packed_segment,1,348.294400,99.392300,5.158000,222.934700,168000000,4499998500000
sorted,3000000,packed_fenwick,1,272.063000,104.074100,5.087500,141.482500,144000008,4499998500000
sorted,3000000,packed_segment,2,349.284800,99.255900,5.069900,224.003200,168000000,4499998500000
sorted,3000000,packed_fenwick,2,272.956900,99.616600,5.187800,146.600300,144000008,4499998500000
sorted,3000000,indirect_fenwick,2,256.831600,98.876100,5.341400,142.502100,96000008,4499998500000
sorted,3000000,packed_fenwick,3,273.324000,99.972000,5.125500,146.672700,144000008,4499998500000
sorted,3000000,indirect_fenwick,3,260.834400,100.691200,5.380900,143.924800,96000008,4499998500000
sorted,3000000,packed_segment,3,362.442800,100.249200,5.137700,235.424600,168000000,4499998500000
sorted,3000000,indirect_fenwick,4,260.401000,133.196000,7.348600,107.766700,96000008,4499998500000
sorted,3000000,packed_segment,4,356.742100,100.922600,5.359900,228.549500,168000000,4499998500000
sorted,3000000,packed_fenwick,4,266.636100,99.268200,5.118400,140.995300,144000008,4499998500000
reverse,1000,packed_fenwick,0,0.043800,0.014400,0.001500,0.011800,48008,499500
reverse,1000,indirect_fenwick,0,0.030800,0.015900,0.001700,0.009000,32008,499500
reverse,1000,packed_segment,0,0.083900,0.017700,0.001500,0.047600,56000,499500
reverse,1000,indirect_fenwick,1,0.030700,0.016000,0.001700,0.008600,32008,499500
reverse,1000,packed_segment,1,0.081700,0.018000,0.001500,0.045900,56000,499500
reverse,1000,packed_fenwick,1,0.043200,0.014200,0.001500,0.011900,48008,499500
reverse,1000,packed_segment,2,0.084100,0.014300,0.001500,0.050800,56000,499500
reverse,1000,packed_fenwick,2,0.043100,0.014300,0.001500,0.011500,48008,499500
reverse,1000,indirect_fenwick,2,0.031000,0.016300,0.001700,0.008600,32008,499500
reverse,1000,packed_fenwick,3,0.046300,0.018000,0.001600,0.011200,48008,499500
reverse,1000,indirect_fenwick,3,0.030100,0.016000,0.001600,0.008100,32008,499500
reverse,1000,packed_segment,3,0.080500,0.017800,0.001500,0.044800,56000,499500
reverse,1000,indirect_fenwick,4,0.030300,0.015900,0.001700,0.008400,32008,499500
reverse,1000,packed_segment,4,0.079500,0.017900,0.001600,0.043600,56000,499500
reverse,1000,packed_fenwick,4,0.043100,0.014600,0.001500,0.011600,48008,499500
reverse,10000,packed_fenwick,0,0.454200,0.230100,0.015000,0.132300,480008,49995000
reverse,10000,indirect_fenwick,0,0.385600,0.180000,0.016400,0.105500,320008,49995000
reverse,10000,packed_segment,0,0.905900,0.208000,0.014900,0.600900,560000,49995000
reverse,10000,indirect_fenwick,1,0.412000,0.205800,0.016300,0.130300,320008,49995000
reverse,10000,packed_segment,1,0.897200,0.208400,0.014900,0.589300,560000,49995000
reverse,10000,packed_fenwick,1,0.393700,0.202400,0.014900,0.145100,480008,49995000
reverse,10000,packed_segment,2,0.879500,0.207500,0.014900,0.574900,560000,49995000
reverse,10000,packed_fenwick,2,0.368200,0.190800,0.015000,0.131900,480008,49995000
reverse,10000,indirect_fenwick,2,0.379500,0.179600,0.016500,0.105400,320008,49995000
reverse,10000,packed_fenwick,3,0.425500,0.208300,0.014900,0.127700,480008,49995000
reverse,10000,indirect_fenwick,3,0.377900,0.179700,0.016200,0.102700,320008,49995000
reverse,10000,packed_segment,3,0.881400,0.207700,0.014900,0.577200,560000,49995000
reverse,10000,indirect_fenwick,4,0.416400,0.205000,0.016300,0.135400,320008,49995000
reverse,10000,packed_segment,4,0.878100,0.207200,0.014900,0.573500,560000,49995000
reverse,10000,packed_fenwick,4,0.372300,0.185900,0.014900,0.127500,480008,49995000
reverse,100000,packed_fenwick,0,4.765400,2.468200,0.149700,1.507300,4800008,4999950000
reverse,100000,indirect_fenwick,0,4.510500,2.446400,0.164700,1.525300,3200008,4999950000
reverse,100000,packed_segment,0,10.256100,2.460500,0.153600,6.999400,5600000,4999950000
reverse,100000,indirect_fenwick,1,4.488500,2.454300,0.165100,1.522400,3200008,4999950000
reverse,100000,packed_segment,1,10.243700,2.468700,0.154100,6.960900,5600000,4999950000
reverse,100000,packed_fenwick,1,4.759700,2.463300,0.149700,1.483900,4800008,4999950000
reverse,100000,packed_segment,2,10.272300,2.463500,0.149500,7.038400,5600000,4999950000
reverse,100000,packed_fenwick,2,4.772500,2.469200,0.154400,1.510400,4800008,4999950000
reverse,100000,indirect_fenwick,2,4.500300,2.423600,0.164000,1.554300,3200008,4999950000
reverse,100000,packed_fenwick,3,4.835700,2.550900,0.191300,1.478500,4800008,4999950000
reverse,100000,indirect_fenwick,3,4.521200,2.470300,0.165000,1.530400,3200008,4999950000
reverse,100000,packed_segment,3,10.284100,2.467000,0.155900,6.993100,5600000,4999950000
reverse,100000,indirect_fenwick,4,4.516400,2.450500,0.164800,1.551400,3200008,4999950000
reverse,100000,packed_segment,4,10.383600,2.523000,0.174400,7.001200,5600000,4999950000
reverse,100000,packed_fenwick,4,4.792900,2.467000,0.149700,1.525000,4800008,4999950000
reverse,1000000,packed_fenwick,0,70.217600,30.456200,3.076400,29.581500,48000008,499999500000
reverse,1000000,indirect_fenwick,0,65.312500,30.295300,2.029900,29.502500,32000008,499999500000
reverse,1000000,packed_segment,0,118.992000,30.548800,3.523000,77.556300,56000000,499999500000
reverse,1000000,indirect_fenwick,1,69.211000,33.134400,2.454500,29.929800,32000008,499999500000
reverse,1000000,packed_segment,1,118.224600,31.326400,3.103500,76.512000,56000000,499999500000
reverse,1000000,packed_fenwick,1,70.977600,30.435700,3.204300,29.845300,48000008,499999500000
reverse,1000000,packed_segment,2,117.075600,30.922500,3.266200,75.671700,56000000,499999500000
reverse,1000000,packed_fenwick,2,72.697500,31.606300,3.583400,30.291300,48000008,499999500000
reverse,1000000,indirect_fenwick,2,67.310900,30.483900,2.058900,31.238200,32000008,499999500000
reverse,1000000,packed_fenwick,3,73.648500,33.402200,3.066000,29.796200,48000008,499999500000
reverse,1000000,indirect_fenwick,3,65.326500,30.360800,2.054300,29.154500,32000008,499999500000
reverse,1000000,packed_segment,3,118.143200,31.015800,3.427100,76.524400,56000000,499999500000
reverse,1000000,indirect_fenwick,4,64.938500,29.879100,2.024800,29.467000,32000008,499999500000
reverse,1000000,packed_segment,4,115.351800,30.593000,3.107800,74.611600,56000000,499999500000
reverse,1000000,packed_fenwick,4,70.520700,30.569900,3.158800,29.565700,48000008,499999500000
reverse,3000000,packed_fenwick,0,267.979300,129.309300,11.688100,104.697300,144000008,4499998500000
reverse,3000000,indirect_fenwick,0,283.690500,128.865100,6.575600,135.956700,96000008,4499998500000
reverse,3000000,packed_segment,0,354.115700,99.794800,10.250900,223.092700,168000000,4499998500000
reverse,3000000,indirect_fenwick,1,259.595200,99.686300,6.553200,142.727000,96000008,4499998500000
reverse,3000000,packed_segment,1,362.069500,101.679500,10.366600,226.160300,168000000,4499998500000
reverse,3000000,packed_fenwick,1,278.149600,99.646400,10.262500,146.781700,144000008,4499998500000
reverse,3000000,packed_segment,2,356.900700,101.226300,10.291100,223.712000,168000000,4499998500000
reverse,3000000,packed_fenwick,2,288.379400,108.045800,10.283500,147.082000,144000008,4499998500000
reverse,3000000,indirect_fenwick,2,260.923600,99.999300,6.369200,144.007900,96000008,4499998500000
reverse,3000000,packed_fenwick,3,276.749600,100.208100,10.470100,144.861000,144000008,4499998500000
reverse,3000000,indirect_fenwick,3,253.000000,100.742700,6.397400,134.478600,96000008,4499998500000
reverse,3000000,packed_segment,3,359.200900,99.624700,10.271500,225.721400,168000000,4499998500000
reverse,3000000,indirect_fenwick,4,262.802100,101.582300,6.451000,143.805900,96000008,4499998500000
reverse,3000000,packed_segment,4,357.198500,100.050400,10.391500,225.723200,168000000,4499998500000
reverse,3000000,packed_fenwick,4,285.146800,106.105800,10.757600,145.843500,144000008,4499998500000
shuffled,1000,packed_fenwick,0,0.067900,0.021500,0.019000,0.011700,48008,499500
shuffled,1000,indirect_fenwick,0,0.060800,0.023400,0.024400,0.008800,32008,499500
shuffled,1000,packed_segment,0,0.104400,0.024200,0.017700,0.046600,56000,499500
shuffled,1000,indirect_fenwick,1,0.059900,0.023100,0.024000,0.008700,32008,499500
shuffled,1000,packed_segment,1,0.106500,0.024100,0.018400,0.046100,56000,499500
shuffled,1000,packed_fenwick,1,0.067300,0.021500,0.018600,0.011700,48008,499500
shuffled,1000,packed_segment,2,0.099200,0.020700,0.016900,0.045400,56000,499500
shuffled,1000,packed_fenwick,2,0.066400,0.021700,0.018000,0.011200,48008,499500
shuffled,1000,indirect_fenwick,2,0.059700,0.022800,0.024100,0.008700,32008,499500
shuffled,1000,packed_fenwick,3,0.068200,0.024500,0.017100,0.011300,48008,499500
shuffled,1000,indirect_fenwick,3,0.065400,0.022700,0.030000,0.008600,32008,499500
shuffled,1000,packed_segment,3,0.104100,0.024500,0.016800,0.046600,56000,499500
shuffled,1000,indirect_fenwick,4,0.059300,0.022900,0.023600,0.008600,32008,499500
shuffled,1000,packed_segment,4,0.104600,0.024500,0.017900,0.044800,56000,499500
shuffled,1000,packed_fenwick,4,0.066500,0.021300,0.017900,0.011300,48008,499500
shuffled,10000,packed_fenwick,0,0.753700,0.324800,0.258000,0.141500,480008,49995000
shuffled,10000,indirect_fenwick,0,0.872000,0.342000,0.318800,0.156500,320008,49995000
shuffled,10000,packed_segment,0,1.265400,0.342400,0.259000,0.587600,560000,49995000
shuffled,10000,indirect_fenwick,1,0.823100,0.316200,0.314000,0.119600,320008,49995000
shuffled,10000,packed_segment,1,1.263700,0.342800,0.258400,0.582000,560000,49995000
shuffled,10000,packed_fenwick,1,0.757900,0.321900,0.262600,0.145100,480008,49995000
shuffled,10000,packed_segment,2,1.247100,0.347800,0.258500,0.598800,560000,49995000
shuffled,10000,packed_fenwick,2,0.802600,0.336200,0.266300,0.141700,480008,49995000
shuffled,10000,indirect_fenwick,2,0.806300,0.311400,0.313700,0.119100,320008,49995000
shuffled,10000,packed_fenwick,3,0.799500,0.334500,0.262800,0.140700,480008,49995000
shuffled,10000,indirect_fenwick,3,0.836600,0.339600,0.308600,0.139100,320008,49995000
shuffled,10000,packed_segment,3,1.246300,0.334800,0.258100,0.584600,560000,49995000
shuffled,10000,indirect_fenwick,4,0.833800,0.310900,0.308100,0.155100,320008,49995000
shuffled,10000,packed_segment,4,1.258300,0.334500,0.258400,0.597200,560000,49995000
shuffled,10000,packed_fenwick,4,0.738400,0.313600,0.257700,0.140000,480008,49995000
shuffled,100000,packed_fenwick,0,10.999500,5.166200,3.166100,2.027100,4800008,4999950000
shuffled,100000,indirect_fenwick,0,11.849900,5.184300,4.121800,2.191400,3200008,4999950000
shuffled,100000,packed_segment,0,16.619200,5.208600,3.156600,7.637400,5600000,4999950000
shuffled,100000,indirect_fenwick,1,11.693000,5.034900,4.119900,2.188100,3200008,4999950000
shuffled,100000,packed_segment,1,16.566600,5.178700,3.116600,7.678700,5600000,4999950000
shuffled,100000,packed_fenwick,1,10.933500,5.194800,3.062600,2.022800,4800008,4999950000
shuffled,100000,packed_segment,2,16.422000,5.124200,3.077600,7.608200,5600000,4999950000
shuffled,100000,packed_fenwick,2,10.881100,5.097300,3.093900,2.030400,4800008,4999950000
shuffled,100000,indirect_fenwick,2,11.735800,5.124700,4.094000,2.163400,3200008,4999950000
shuffled,100000,packed_fenwick,3,10.888300,5.159400,3.127300,1.991900,4800008,4999950000
shuffled,100000,indirect_fenwick,3,11.758000,5.063400,4.126700,2.219000,3200008,4999950000
shuffled,100000,packed_segment,3,16.507700,5.147200,3.109000,7.643900,5600000,4999950000
shuffled,100000,indirect_fenwick,4,11.765300,5.129500,4.105500,2.180600,3200008,4999950000
shuffled,100000,packed_segment,4,16.611900,5.214300,3.110700,7.688500,5600000,4999950000
shuffled,100000,packed_fenwick,4,10.936400,5.193100,3.086900,2.022800,4800008,4999950000
shuffled,1000000,packed_fenwick,0,165.697600,81.392800,37.895800,39.210000,48000008,499999500000
shuffled,1000000,indirect_fenwick,0,205.205000,80.945300,60.311700,60.341700,32000008,499999500000
shuffled,1000000,packed_segment,0,235.908600,81.445300,38.029000,109.450400,56000000,499999500000
shuffled,1000000,indirect_fenwick,1,217.699300,91.956700,60.942300,61.237800,32000008,499999500000
shuffled,1000000,packed_segment,1,317.488300,101.156400,53.596600,154.710000,56000000,499999500000
shuffled,1000000,packed_fenwick,1,207.022800,122.029600,38.059800,38.956900,48000008,499999500000
shuffled,1000000,packed_segment,2,239.177100,81.857000,37.847800,112.205600,56000000,499999500000
shuffled,1000000,packed_fenwick,2,166.647200,82.432300,38.008600,38.864800,48000008,499999500000
shuffled,1000000,indirect_fenwick,2,209.030700,81.343100,62.254100,61.827000,32000008,499999500000
shuffled,1000000,packed_fenwick,3,167.688700,81.887500,38.332700,39.562800,48000008,499999500000
shuffled,1000000,indirect_fenwick,3,205.389800,81.329700,60.202900,59.484900,32000008,499999500000
shuffled,1000000,packed_segment,3,312.792100,92.035800,52.721700,160.743900,56000000,499999500000
shuffled,1000000,indirect_fenwick,4,241.401800,118.008000,61.564000,58.082900,32000008,499999500000
shuffled,1000000,packed_segment,4,222.113400,81.385200,37.840200,95.648100,56000000,499999500000
shuffled,1000000,packed_fenwick,4,166.920700,81.609000,38.351900,39.518400,48000008,499999500000
shuffled,3000000,packed_fenwick,0,1048.237700,618.040300,133.423700,275.143300,144000008,4499998500000
shuffled,3000000,indirect_fenwick,0,1335.909300,591.852100,345.703200,388.464100,96000008,4499998500000
shuffled,3000000,packed_segment,0,1425.009700,776.750300,130.750300,495.159200,168000000,4499998500000
shuffled,3000000,indirect_fenwick,1,1385.753600,609.114100,373.931600,392.397500,96000008,4499998500000
shuffled,3000000,packed_segment,1,1216.156000,639.603900,128.153500,426.899000,168000000,4499998500000
shuffled,3000000,packed_fenwick,1,1138.476700,709.249900,128.811800,277.430800,144000008,4499998500000
shuffled,3000000,packed_segment,2,1248.116000,662.920000,130.539500,432.996600,168000000,4499998500000
shuffled,3000000,packed_fenwick,2,1012.388100,587.713800,135.368500,267.699600,144000008,4499998500000
shuffled,3000000,indirect_fenwick,2,1452.374800,598.663800,437.161200,405.496100,96000008,4499998500000
shuffled,3000000,packed_fenwick,3,1049.449900,617.408900,130.804500,280.078500,144000008,4499998500000
shuffled,3000000,indirect_fenwick,3,1570.654100,633.622000,419.676700,506.145800,96000008,4499998500000
shuffled,3000000,packed_segment,3,1416.138000,836.350600,128.874100,426.000500,168000000,4499998500000
shuffled,3000000,indirect_fenwick,4,1368.118900,627.786600,333.388100,396.658600,96000008,4499998500000
shuffled,3000000,packed_segment,4,1199.622500,615.853400,132.855200,430.187000,168000000,4499998500000
shuffled,3000000,packed_fenwick,4,1086.810600,612.919500,176.485200,275.897700,144000008,4499998500000
