case,family,order,dtype,groups,chunks,weights,domain,include_zero,seed,n,m,u,z,omega,method,sample,ns,observed_groups,column_chunks
1,sequencing,shuffled,i64,0,1,units,inferred,False,7,1000000,1000000,1000008,15,8,production,0,50909300,1,24|24|24|24
1,sequencing,shuffled,i64,0,1,units,inferred,False,7,1000000,1000000,1000008,15,8,native,0,282340500,1,24|24|24|24
1,sequencing,shuffled,i64,0,1,units,inferred,False,7,1000000,1000000,1000008,15,8,native_count,0,383584800,1,24|24|24|24
1,sequencing,shuffled,i64,0,1,units,inferred,False,7,1000000,1000000,1000008,15,8,native,1,236655800,1,24|24|24|24
1,sequencing,shuffled,i64,0,1,units,inferred,False,7,1000000,1000000,1000008,15,8,native_count,1,364343600,1,24|24|24|24
1,sequencing,shuffled,i64,0,1,units,inferred,False,7,1000000,1000000,1000008,15,8,production,1,51549200,1,24|24|24|24
1,sequencing,shuffled,i64,0,1,units,inferred,False,7,1000000,1000000,1000008,15,8,native_count,2,333863400,1,24|24|24|24
1,sequencing,shuffled,i64,0,1,units,inferred,False,7,1000000,1000000,1000008,15,8,production,2,50774400,1,24|24|24|24
1,sequencing,shuffled,i64,0,1,units,inferred,False,7,1000000,1000000,1000008,15,8,native,2,236750700,1,24|24|24|24
1,sequencing,shuffled,i64,0,1,units,inferred,False,7,1000000,1000000,1000008,15,8,production,3,53745900,1,24|24|24|24
1,sequencing,shuffled,i64,0,1,units,inferred,False,7,1000000,1000000,1000008,15,8,native,3,299126300,1,24|24|24|24
1,sequencing,shuffled,i64,0,1,units,inferred,False,7,1000000,1000000,1000008,15,8,native_count,3,330165700,1,24|24|24|24
1,sequencing,shuffled,i64,0,1,units,inferred,False,7,1000000,1000000,1000008,15,8,native,4,206188000,1,24|24|24|24
1,sequencing,shuffled,i64,0,1,units,inferred,False,7,1000000,1000000,1000008,15,8,native_count,4,352855000,1,24|24|24|24
1,sequencing,shuffled,i64,0,1,units,inferred,False,7,1000000,1000000,1000008,15,8,production,4,49116900,1,24|24|24|24
1,sequencing,shuffled,i64,0,1,units,inferred,False,41,1000000,1000000,1000008,15,8,production,0,52370800,1,24|24|24|24
1,sequencing,shuffled,i64,0,1,units,inferred,False,41,1000000,1000000,1000008,15,8,native,0,234252200,1,24|24|24|24
1,sequencing,shuffled,i64,0,1,units,inferred,False,41,1000000,1000000,1000008,15,8,native_count,0,318589800,1,24|24|24|24
1,sequencing,shuffled,i64,0,1,units,inferred,False,41,1000000,1000000,1000008,15,8,native,1,212637400,1,24|24|24|24
1,sequencing,shuffled,i64,0,1,units,inferred,False,41,1000000,1000000,1000008,15,8,native_count,1,321313000,1,24|24|24|24
1,sequencing,shuffled,i64,0,1,units,inferred,False,41,1000000,1000000,1000008,15,8,production,1,51344400,1,24|24|24|24
1,sequencing,shuffled,i64,0,1,units,inferred,False,41,1000000,1000000,1000008,15,8,native_count,2,346296100,1,24|24|24|24
1,sequencing,shuffled,i64,0,1,units,inferred,False,41,1000000,1000000,1000008,15,8,production,2,51590400,1,24|24|24|24
1,sequencing,shuffled,i64,0,1,units,inferred,False,41,1000000,1000000,1000008,15,8,native,2,227243500,1,24|24|24|24
1,sequencing,shuffled,i64,0,1,units,inferred,False,41,1000000,1000000,1000008,15,8,production,3,50768100,1,24|24|24|24
1,sequencing,shuffled,i64,0,1,units,inferred,False,41,1000000,1000000,1000008,15,8,native,3,315051800,1,24|24|24|24
1,sequencing,shuffled,i64,0,1,units,inferred,False,41,1000000,1000000,1000008,15,8,native_count,3,380021900,1,24|24|24|24
1,sequencing,shuffled,i64,0,1,units,inferred,False,41,1000000,1000000,1000008,15,8,native,4,294775100,1,24|24|24|24
1,sequencing,shuffled,i64,0,1,units,inferred,False,41,1000000,1000000,1000008,15,8,native_count,4,347671800,1,24|24|24|24
1,sequencing,shuffled,i64,0,1,units,inferred,False,41,1000000,1000000,1000008,15,8,production,4,51219600,1,24|24|24|24
3,booking,start,i64,0,1,mixed,inferred,False,7,1000000,956521,998362,957190,246,production,0,100383200,1,1|1|1|1
3,booking,start,i64,0,1,mixed,inferred,False,7,1000000,956521,998362,957190,246,native,0,351381100,1,1|1|1|1
3,booking,start,i64,0,1,mixed,inferred,False,7,1000000,956521,998362,957190,246,native,1,311891600,1,1|1|1|1
3,booking,start,i64,0,1,mixed,inferred,False,7,1000000,956521,998362,957190,246,production,1,86090400,1,1|1|1|1
3,booking,start,i64,0,1,mixed,inferred,False,7,1000000,956521,998362,957190,246,production,2,84298600,1,1|1|1|1
3,booking,start,i64,0,1,mixed,inferred,False,7,1000000,956521,998362,957190,246,native,2,327331500,1,1|1|1|1
3,booking,start,i64,0,1,mixed,inferred,False,7,1000000,956521,998362,957190,246,native,3,339883000,1,1|1|1|1
3,booking,start,i64,0,1,mixed,inferred,False,7,1000000,956521,998362,957190,246,production,3,101005900,1,1|1|1|1
3,booking,start,i64,0,1,mixed,inferred,False,7,1000000,956521,998362,957190,246,production,4,99653900,1,1|1|1|1
3,booking,start,i64,0,1,mixed,inferred,False,7,1000000,956521,998362,957190,246,native,4,368030700,1,1|1|1|1
3,booking,start,i64,0,1,mixed,inferred,False,41,1000000,956521,998362,957192,246,production,0,99557400,1,1|1|1|1
3,booking,start,i64,0,1,mixed,inferred,False,41,1000000,956521,998362,957192,246,native,0,339878200,1,1|1|1|1
3,booking,start,i64,0,1,mixed,inferred,False,41,1000000,956521,998362,957192,246,native,1,339020700,1,1|1|1|1
3,booking,start,i64,0,1,mixed,inferred,False,41,1000000,956521,998362,957192,246,production,1,84137900,1,1|1|1|1
3,booking,start,i64,0,1,mixed,inferred,False,41,1000000,956521,998362,957192,246,production,2,80449200,1,1|1|1|1
3,booking,start,i64,0,1,mixed,inferred,False,41,1000000,956521,998362,957192,246,native,2,301350400,1,1|1|1|1
3,booking,start,i64,0,1,mixed,inferred,False,41,1000000,956521,998362,957192,246,native,3,310552100,1,1|1|1|1
3,booking,start,i64,0,1,mixed,inferred,False,41,1000000,956521,998362,957192,246,production,3,83438100,1,1|1|1|1
3,booking,start,i64,0,1,mixed,inferred,False,41,1000000,956521,998362,957192,246,production,4,83617800,1,1|1|1|1
3,booking,start,i64,0,1,mixed,inferred,False,41,1000000,956521,998362,957192,246,native,4,305222000,1,1|1|1|1
9,clique,shuffled,i64,0,1,mixed,inferred,False,7,1000000,956521,2,1,956521,production,0,29828800,1,24|24|24|24
9,clique,shuffled,i64,0,1,mixed,inferred,False,7,1000000,956521,2,1,956521,native,0,87602900,1,24|24|24|24
9,clique,shuffled,i64,0,1,mixed,inferred,False,7,1000000,956521,2,1,956521,native,1,65492300,1,24|24|24|24
9,clique,shuffled,i64,0,1,mixed,inferred,False,7,1000000,956521,2,1,956521,production,1,31474300,1,24|24|24|24
9,clique,shuffled,i64,0,1,mixed,inferred,False,7,1000000,956521,2,1,956521,production,2,30006300,1,24|24|24|24
9,clique,shuffled,i64,0,1,mixed,inferred,False,7,1000000,956521,2,1,956521,native,2,66093800,1,24|24|24|24
9,clique,shuffled,i64,0,1,mixed,inferred,False,7,1000000,956521,2,1,956521,native,3,81795600,1,24|24|24|24
9,clique,shuffled,i64,0,1,mixed,inferred,False,7,1000000,956521,2,1,956521,production,3,29417000,1,24|24|24|24
9,clique,shuffled,i64,0,1,mixed,inferred,False,7,1000000,956521,2,1,956521,production,4,30446100,1,24|24|24|24
9,clique,shuffled,i64,0,1,mixed,inferred,False,7,1000000,956521,2,1,956521,native,4,66160800,1,24|24|24|24
9,clique,shuffled,i64,0,1,mixed,inferred,False,41,1000000,956521,2,1,956521,production,0,28990300,1,24|24|24|24
9,clique,shuffled,i64,0,1,mixed,inferred,False,41,1000000,956521,2,1,956521,native,0,63960700,1,24|24|24|24
9,clique,shuffled,i64,0,1,mixed,inferred,False,41,1000000,956521,2,1,956521,native,1,63334200,1,24|24|24|24
9,clique,shuffled,i64,0,1,mixed,inferred,False,41,1000000,956521,2,1,956521,production,1,29473500,1,24|24|24|24
9,clique,shuffled,i64,0,1,mixed,inferred,False,41,1000000,956521,2,1,956521,production,2,30948400,1,24|24|24|24
9,clique,shuffled,i64,0,1,mixed,inferred,False,41,1000000,956521,2,1,956521,native,2,91476400,1,24|24|24|24
9,clique,shuffled,i64,0,1,mixed,inferred,False,41,1000000,956521,2,1,956521,native,3,65041700,1,24|24|24|24
9,clique,shuffled,i64,0,1,mixed,inferred,False,41,1000000,956521,2,1,956521,production,3,29870100,1,24|24|24|24
9,clique,shuffled,i64,0,1,mixed,inferred,False,41,1000000,956521,2,1,956521,production,4,30074600,1,24|24|24|24
9,clique,shuffled,i64,0,1,mixed,inferred,False,41,1000000,956521,2,1,956521,native,4,75300900,1,24|24|24|24
10,repeated,shuffled,date,0,1,units,inferred,True,7,1000000,1000000,31250,31249,64,production,0,29666600,1,24|24|24|24
10,repeated,shuffled,date,0,1,units,inferred,True,7,1000000,1000000,31250,31249,64,native,0,68536300,1,24|24|24|24
10,repeated,shuffled,date,0,1,units,inferred,True,7,1000000,1000000,31250,31249,64,native_count,0,54353700,1,24|24|24|24
10,repeated,shuffled,date,0,1,units,inferred,True,7,1000000,1000000,31250,31249,64,native,1,73940900,1,24|24|24|24
10,repeated,shuffled,date,0,1,units,inferred,True,7,1000000,1000000,31250,31249,64,native_count,1,54479200,1,24|24|24|24
10,repeated,shuffled,date,0,1,units,inferred,True,7,1000000,1000000,31250,31249,64,production,1,29331500,1,24|24|24|24
10,repeated,shuffled,date,0,1,units,inferred,True,7,1000000,1000000,31250,31249,64,native_count,2,61314600,1,24|24|24|24
10,repeated,shuffled,date,0,1,units,inferred,True,7,1000000,1000000,31250,31249,64,production,2,29937600,1,24|24|24|24
10,repeated,shuffled,date,0,1,units,inferred,True,7,1000000,1000000,31250,31249,64,native,2,75290800,1,24|24|24|24
10,repeated,shuffled,date,0,1,units,inferred,True,7,1000000,1000000,31250,31249,64,production,3,29197800,1,24|24|24|24
10,repeated,shuffled,date,0,1,units,inferred,True,7,1000000,1000000,31250,31249,64,native,3,65905500,1,24|24|24|24
10,repeated,shuffled,date,0,1,units,inferred,True,7,1000000,1000000,31250,31249,64,native_count,3,58574900,1,24|24|24|24
10,repeated,shuffled,date,0,1,units,inferred,True,7,1000000,1000000,31250,31249,64,native,4,67198500,1,24|24|24|24
10,repeated,shuffled,date,0,1,units,inferred,True,7,1000000,1000000,31250,31249,64,native_count,4,60864500,1,24|24|24|24
10,repeated,shuffled,date,0,1,units,inferred,True,7,1000000,1000000,31250,31249,64,production,4,30088900,1,24|24|24|24
10,repeated,shuffled,date,0,1,units,inferred,True,41,1000000,1000000,31250,31249,64,production,0,29475700,1,24|24|24|24
10,repeated,shuffled,date,0,1,units,inferred,True,41,1000000,1000000,31250,31249,64,native,0,67203200,1,24|24|24|24
10,repeated,shuffled,date,0,1,units,inferred,True,41,1000000,1000000,31250,31249,64,native_count,0,65867900,1,24|24|24|24
10,repeated,shuffled,date,0,1,units,inferred,True,41,1000000,1000000,31250,31249,64,native,1,71690900,1,24|24|24|24
10,repeated,shuffled,date,0,1,units,inferred,True,41,1000000,1000000,31250,31249,64,native_count,1,49776000,1,24|24|24|24
10,repeated,shuffled,date,0,1,units,inferred,True,41,1000000,1000000,31250,31249,64,production,1,29634100,1,24|24|24|24
10,repeated,shuffled,date,0,1,units,inferred,True,41,1000000,1000000,31250,31249,64,native_count,2,64769100,1,24|24|24|24
10,repeated,shuffled,date,0,1,units,inferred,True,41,1000000,1000000,31250,31249,64,production,2,28959700,1,24|24|24|24
10,repeated,shuffled,date,0,1,units,inferred,True,41,1000000,1000000,31250,31249,64,native,2,59243600,1,24|24|24|24
10,repeated,shuffled,date,0,1,units,inferred,True,41,1000000,1000000,31250,31249,64,production,3,29852800,1,24|24|24|24
10,repeated,shuffled,date,0,1,units,inferred,True,41,1000000,1000000,31250,31249,64,native,3,59941400,1,24|24|24|24
10,repeated,shuffled,date,0,1,units,inferred,True,41,1000000,1000000,31250,31249,64,native_count,3,48285300,1,24|24|24|24
10,repeated,shuffled,date,0,1,units,inferred,True,41,1000000,1000000,31250,31249,64,native,4,65278600,1,24|24|24|24
10,repeated,shuffled,date,0,1,units,inferred,True,41,1000000,1000000,31250,31249,64,native_count,4,51515400,1,24|24|24|24
10,repeated,shuffled,date,0,1,units,inferred,True,41,1000000,1000000,31250,31249,64,production,4,30066900,1,24|24|24|24
15,booking,shuffled,i64,32,7,mixed,partial,True,7,1000000,246944,249568,239328,246,production,0,97734700,32,31|30|30|30
15,booking,shuffled,i64,32,7,mixed,partial,True,7,1000000,246944,249568,239328,246,native,0,120354400,32,31|30|30|30
15,booking,shuffled,i64,32,7,mixed,partial,True,7,1000000,246944,249568,239328,246,native,1,126565600,32,31|30|30|30
15,booking,shuffled,i64,32,7,mixed,partial,True,7,1000000,246944,249568,239328,246,production,1,95608100,32,31|30|30|30
15,booking,shuffled,i64,32,7,mixed,partial,True,7,1000000,246944,249568,239328,246,production,2,96154500,32,31|30|30|30
15,booking,shuffled,i64,32,7,mixed,partial,True,7,1000000,246944,249568,239328,246,native,2,131319800,32,31|30|30|30
15,booking,shuffled,i64,32,7,mixed,partial,True,7,1000000,246944,249568,239328,246,native,3,117904200,32,31|30|30|30
15,booking,shuffled,i64,32,7,mixed,partial,True,7,1000000,246944,249568,239328,246,production,3,95602700,32,31|30|30|30
15,booking,shuffled,i64,32,7,mixed,partial,True,7,1000000,246944,249568,239328,246,production,4,93916500,32,31|30|30|30
15,booking,shuffled,i64,32,7,mixed,partial,True,7,1000000,246944,249568,239328,246,native,4,119227700,32,31|30|30|30
15,booking,shuffled,i64,32,7,mixed,partial,True,41,1000000,246944,249632,239200,246,production,0,96767100,32,31|30|30|30
15,booking,shuffled,i64,32,7,mixed,partial,True,41,1000000,246944,249632,239200,246,native,0,119982700,32,31|30|30|30
15,booking,shuffled,i64,32,7,mixed,partial,True,41,1000000,246944,249632,239200,246,native,1,125171900,32,31|30|30|30
15,booking,shuffled,i64,32,7,mixed,partial,True,41,1000000,246944,249632,239200,246,production,1,94216900,32,31|30|30|30
15,booking,shuffled,i64,32,7,mixed,partial,True,41,1000000,246944,249632,239200,246,production,2,93935500,32,31|30|30|30
15,booking,shuffled,i64,32,7,mixed,partial,True,41,1000000,246944,249632,239200,246,native,2,118839500,32,31|30|30|30
15,booking,shuffled,i64,32,7,mixed,partial,True,41,1000000,246944,249632,239200,246,native,3,123932000,32,31|30|30|30
15,booking,shuffled,i64,32,7,mixed,partial,True,41,1000000,246944,249632,239200,246,production,3,95206700,32,31|30|30|30
15,booking,shuffled,i64,32,7,mixed,partial,True,41,1000000,246944,249632,239200,246,production,4,94035800,32,31|30|30|30
15,booking,shuffled,i64,32,7,mixed,partial,True,41,1000000,246944,249632,239200,246,native,4,115355700,32,31|30|30|30
16,sequencing,shuffled,datetime_ns,1000,7,units,inferred,False,7,1000000,1000000,1008000,15000,8,production,0,75548800,1000,31|30|30|30
16,sequencing,shuffled,datetime_ns,1000,7,units,inferred,False,7,1000000,1000000,1008000,15000,8,native,0,267475900,1000,31|30|30|30
16,sequencing,shuffled,datetime_ns,1000,7,units,inferred,False,7,1000000,1000000,1008000,15000,8,native_count,0,352503700,1000,31|30|30|30
16,sequencing,shuffled,datetime_ns,1000,7,units,inferred,False,7,1000000,1000000,1008000,15000,8,native,1,237995300,1000,31|30|30|30
16,sequencing,shuffled,datetime_ns,1000,7,units,inferred,False,7,1000000,1000000,1008000,15000,8,native_count,1,336718400,1000,31|30|30|30
16,sequencing,shuffled,datetime_ns,1000,7,units,inferred,False,7,1000000,1000000,1008000,15000,8,production,1,69067300,1000,31|30|30|30
16,sequencing,shuffled,datetime_ns,1000,7,units,inferred,False,7,1000000,1000000,1008000,15000,8,native_count,2,343795600,1000,31|30|30|30
16,sequencing,shuffled,datetime_ns,1000,7,units,inferred,False,7,1000000,1000000,1008000,15000,8,production,2,78627400,1000,31|30|30|30
16,sequencing,shuffled,datetime_ns,1000,7,units,inferred,False,7,1000000,1000000,1008000,15000,8,native,2,253233800,1000,31|30|30|30
16,sequencing,shuffled,datetime_ns,1000,7,units,inferred,False,7,1000000,1000000,1008000,15000,8,production,3,75760000,1000,31|30|30|30
16,sequencing,shuffled,datetime_ns,1000,7,units,inferred,False,7,1000000,1000000,1008000,15000,8,native,3,294840100,1000,31|30|30|30
16,sequencing,shuffled,datetime_ns,1000,7,units,inferred,False,7,1000000,1000000,1008000,15000,8,native_count,3,360085300,1000,31|30|30|30
16,sequencing,shuffled,datetime_ns,1000,7,units,inferred,False,7,1000000,1000000,1008000,15000,8,native,4,252917600,1000,31|30|30|30
16,sequencing,shuffled,datetime_ns,1000,7,units,inferred,False,7,1000000,1000000,1008000,15000,8,native_count,4,365431600,1000,31|30|30|30
16,sequencing,shuffled,datetime_ns,1000,7,units,inferred,False,7,1000000,1000000,1008000,15000,8,production,4,72126100,1000,31|30|30|30
16,sequencing,shuffled,datetime_ns,1000,7,units,inferred,False,41,1000000,1000000,1008000,15000,8,production,0,71286000,1000,31|30|30|30
16,sequencing,shuffled,datetime_ns,1000,7,units,inferred,False,41,1000000,1000000,1008000,15000,8,native,0,266514600,1000,31|30|30|30
16,sequencing,shuffled,datetime_ns,1000,7,units,inferred,False,41,1000000,1000000,1008000,15000,8,native_count,0,385812600,1000,31|30|30|30
16,sequencing,shuffled,datetime_ns,1000,7,units,inferred,False,41,1000000,1000000,1008000,15000,8,native,1,223331600,1000,31|30|30|30
16,sequencing,shuffled,datetime_ns,1000,7,units,inferred,False,41,1000000,1000000,1008000,15000,8,native_count,1,352040000,1000,31|30|30|30
16,sequencing,shuffled,datetime_ns,1000,7,units,inferred,False,41,1000000,1000000,1008000,15000,8,production,1,68746300,1000,31|30|30|30
16,sequencing,shuffled,datetime_ns,1000,7,units,inferred,False,41,1000000,1000000,1008000,15000,8,native_count,2,326624900,1000,31|30|30|30
16,sequencing,shuffled,datetime_ns,1000,7,units,inferred,False,41,1000000,1000000,1008000,15000,8,production,2,69647900,1000,31|30|30|30
16,sequencing,shuffled,datetime_ns,1000,7,units,inferred,False,41,1000000,1000000,1008000,15000,8,native,2,221808200,1000,31|30|30|30
16,sequencing,shuffled,datetime_ns,1000,7,units,inferred,False,41,1000000,1000000,1008000,15000,8,production,3,70920000,1000,31|30|30|30
16,sequencing,shuffled,datetime_ns,1000,7,units,inferred,False,41,1000000,1000000,1008000,15000,8,native,3,235400400,1000,31|30|30|30
16,sequencing,shuffled,datetime_ns,1000,7,units,inferred,False,41,1000000,1000000,1008000,15000,8,native_count,3,350976600,1000,31|30|30|30
16,sequencing,shuffled,datetime_ns,1000,7,units,inferred,False,41,1000000,1000000,1008000,15000,8,native,4,236261300,1000,31|30|30|30
16,sequencing,shuffled,datetime_ns,1000,7,units,inferred,False,41,1000000,1000000,1008000,15000,8,native_count,4,318581300,1000,31|30|30|30
16,sequencing,shuffled,datetime_ns,1000,7,units,inferred,False,41,1000000,1000000,1008000,15000,8,production,4,74563500,1000,31|30|30|30
