dtype,family,order,costs,seed,n,m,candidates,method,sample,total_ns,peak_bytes,allocations,optimum_cost,optimum_count,evidence
i64,disjoint,shuffled,positive,7,1000000,1000000,1000000,production,0,196865200,65943040,42,12011148,1000000,analytic
i64,disjoint,shuffled,positive,7,1000000,1000000,1000000,reduction,0,318088400,161943168,64,12011148,1000000,analytic
i64,disjoint,shuffled,positive,7,1000000,1000000,1000000,fused,0,251121700,121777344,43,12011148,1000000,analytic
i64,disjoint,shuffled,positive,7,1000000,1000000,1000000,reduction,1,314358700,161943168,64,12011148,1000000,analytic
i64,disjoint,shuffled,positive,7,1000000,1000000,1000000,fused,1,255398200,121777344,43,12011148,1000000,analytic
i64,disjoint,shuffled,positive,7,1000000,1000000,1000000,production,1,193220600,65943040,42,12011148,1000000,analytic
i64,disjoint,shuffled,positive,7,1000000,1000000,1000000,fused,2,271061400,121777344,43,12011148,1000000,analytic
i64,disjoint,shuffled,positive,7,1000000,1000000,1000000,production,2,203740100,65943040,42,12011148,1000000,analytic
i64,disjoint,shuffled,positive,7,1000000,1000000,1000000,reduction,2,312962500,161943168,64,12011148,1000000,analytic
i64,disjoint,shuffled,positive,7,1000000,1000000,1000000,production,3,190458000,65943040,42,12011148,1000000,analytic
i64,disjoint,shuffled,positive,7,1000000,1000000,1000000,reduction,3,317545100,161943168,64,12011148,1000000,analytic
i64,disjoint,shuffled,positive,7,1000000,1000000,1000000,fused,3,254891600,121777344,43,12011148,1000000,analytic
i64,disjoint,shuffled,positive,7,1000000,1000000,1000000,reduction,4,318001300,161943168,64,12011148,1000000,analytic
i64,disjoint,shuffled,positive,7,1000000,1000000,1000000,fused,4,256445300,121777344,43,12011148,1000000,analytic
i64,disjoint,shuffled,positive,7,1000000,1000000,1000000,production,4,193469700,65943040,42,12011148,1000000,analytic
i64,disjoint,shuffled,positive,41,1000000,1000000,1000000,production,0,189997200,65943040,42,12002294,1000000,analytic
i64,disjoint,shuffled,positive,41,1000000,1000000,1000000,reduction,0,319405600,161943168,64,12002294,1000000,analytic
i64,disjoint,shuffled,positive,41,1000000,1000000,1000000,fused,0,252297200,121777344,43,12002294,1000000,analytic
i64,disjoint,shuffled,positive,41,1000000,1000000,1000000,reduction,1,316613300,161943168,64,12002294,1000000,analytic
i64,disjoint,shuffled,positive,41,1000000,1000000,1000000,fused,1,248538700,121777344,43,12002294,1000000,analytic
i64,disjoint,shuffled,positive,41,1000000,1000000,1000000,production,1,188216200,65943040,42,12002294,1000000,analytic
i64,disjoint,shuffled,positive,41,1000000,1000000,1000000,fused,2,260058700,121777344,43,12002294,1000000,analytic
i64,disjoint,shuffled,positive,41,1000000,1000000,1000000,production,2,190002900,65943040,42,12002294,1000000,analytic
i64,disjoint,shuffled,positive,41,1000000,1000000,1000000,reduction,2,325211400,161943168,64,12002294,1000000,analytic
i64,disjoint,shuffled,positive,41,1000000,1000000,1000000,production,3,196027600,65943040,42,12002294,1000000,analytic
i64,disjoint,shuffled,positive,41,1000000,1000000,1000000,reduction,3,312597200,161943168,64,12002294,1000000,analytic
i64,disjoint,shuffled,positive,41,1000000,1000000,1000000,fused,3,251148500,121777344,43,12002294,1000000,analytic
i64,disjoint,shuffled,positive,41,1000000,1000000,1000000,reduction,4,314551300,161943168,64,12002294,1000000,analytic
i64,disjoint,shuffled,positive,41,1000000,1000000,1000000,fused,4,253729000,121777344,43,12002294,1000000,analytic
i64,disjoint,shuffled,positive,41,1000000,1000000,1000000,production,4,194433600,65943040,42,12002294,1000000,analytic
i64,touching,reverse,units,7,1000000,1000000,1000000,production,0,10801800,17388608,21,1000000,1000000,analytic
i64,touching,reverse,units,7,1000000,1000000,1000000,reduction,0,115187900,82943040,61,1000000,1000000,analytic
i64,touching,reverse,units,7,1000000,1000000,1000000,fused,0,94229900,65943040,40,1000000,1000000,analytic
i64,touching,reverse,units,7,1000000,1000000,1000000,reduction,1,115051200,82943040,61,1000000,1000000,analytic
i64,touching,reverse,units,7,1000000,1000000,1000000,fused,1,93557700,65943040,40,1000000,1000000,analytic
i64,touching,reverse,units,7,1000000,1000000,1000000,production,1,11048300,17388608,21,1000000,1000000,analytic
i64,touching,reverse,units,7,1000000,1000000,1000000,fused,2,94412300,65943040,40,1000000,1000000,analytic
i64,touching,reverse,units,7,1000000,1000000,1000000,production,2,11001500,17388608,21,1000000,1000000,analytic
i64,touching,reverse,units,7,1000000,1000000,1000000,reduction,2,116918300,82943040,61,1000000,1000000,analytic
i64,touching,reverse,units,7,1000000,1000000,1000000,production,3,11470000,17388608,21,1000000,1000000,analytic
i64,touching,reverse,units,7,1000000,1000000,1000000,reduction,3,113739300,82943040,61,1000000,1000000,analytic
i64,touching,reverse,units,7,1000000,1000000,1000000,fused,3,93832000,65943040,40,1000000,1000000,analytic
i64,touching,reverse,units,7,1000000,1000000,1000000,reduction,4,114029000,82943040,61,1000000,1000000,analytic
i64,touching,reverse,units,7,1000000,1000000,1000000,fused,4,94084600,65943040,40,1000000,1000000,analytic
i64,touching,reverse,units,7,1000000,1000000,1000000,production,4,11248200,17388608,21,1000000,1000000,analytic
i64,touching,reverse,units,41,1000000,1000000,1000000,production,0,10946200,17388608,21,1000000,1000000,analytic
i64,touching,reverse,units,41,1000000,1000000,1000000,reduction,0,115631500,82943040,61,1000000,1000000,analytic
i64,touching,reverse,units,41,1000000,1000000,1000000,fused,0,95578600,65943040,40,1000000,1000000,analytic
i64,touching,reverse,units,41,1000000,1000000,1000000,reduction,1,118674700,82943040,61,1000000,1000000,analytic
i64,touching,reverse,units,41,1000000,1000000,1000000,fused,1,96089900,65943040,40,1000000,1000000,analytic
i64,touching,reverse,units,41,1000000,1000000,1000000,production,1,10536500,17388608,21,1000000,1000000,analytic
i64,touching,reverse,units,41,1000000,1000000,1000000,fused,2,95645400,65943040,40,1000000,1000000,analytic
i64,touching,reverse,units,41,1000000,1000000,1000000,production,2,10861300,17388608,21,1000000,1000000,analytic
i64,touching,reverse,units,41,1000000,1000000,1000000,reduction,2,116103400,82943040,61,1000000,1000000,analytic
i64,touching,reverse,units,41,1000000,1000000,1000000,production,3,10706800,17388608,21,1000000,1000000,analytic
i64,touching,reverse,units,41,1000000,1000000,1000000,reduction,3,117062500,82943040,61,1000000,1000000,analytic
i64,touching,reverse,units,41,1000000,1000000,1000000,fused,3,94521700,65943040,40,1000000,1000000,analytic
i64,touching,reverse,units,41,1000000,1000000,1000000,reduction,4,117422900,82943040,61,1000000,1000000,analytic
i64,touching,reverse,units,41,1000000,1000000,1000000,fused,4,94390200,65943040,40,1000000,1000000,analytic
i64,touching,reverse,units,41,1000000,1000000,1000000,production,4,10642900,17388608,21,1000000,1000000,analytic
i64,path,start,units,7,1000000,1000000,1000000,production,0,10240100,17388608,21,333334,333334,analytic
i64,path,start,units,7,1000000,1000000,1000000,reduction,0,110940600,82943040,61,333334,333334,analytic
i64,path,start,units,7,1000000,1000000,1000000,fused,0,93598600,65943040,40,333334,333334,analytic
i64,path,start,units,7,1000000,1000000,1000000,reduction,1,110270600,82943040,61,333334,333334,analytic
i64,path,start,units,7,1000000,1000000,1000000,fused,1,98001500,65943040,40,333334,333334,analytic
i64,path,start,units,7,1000000,1000000,1000000,production,1,10569000,17388608,21,333334,333334,analytic
i64,path,start,units,7,1000000,1000000,1000000,fused,2,95095100,65943040,40,333334,333334,analytic
i64,path,start,units,7,1000000,1000000,1000000,production,2,9562400,17388608,21,333334,333334,analytic
i64,path,start,units,7,1000000,1000000,1000000,reduction,2,110981200,82943040,61,333334,333334,analytic
i64,path,start,units,7,1000000,1000000,1000000,production,3,9998800,17388608,21,333334,333334,analytic
i64,path,start,units,7,1000000,1000000,1000000,reduction,3,111796300,82943040,61,333334,333334,analytic
i64,path,start,units,7,1000000,1000000,1000000,fused,3,101104900,65943040,40,333334,333334,analytic
i64,path,start,units,7,1000000,1000000,1000000,reduction,4,123351100,82943040,61,333334,333334,analytic
i64,path,start,units,7,1000000,1000000,1000000,fused,4,96303400,65943040,40,333334,333334,analytic
i64,path,start,units,7,1000000,1000000,1000000,production,4,10124700,17388608,21,333334,333334,analytic
i64,path,start,units,41,1000000,1000000,1000000,production,0,9972300,17388608,21,333334,333334,analytic
i64,path,start,units,41,1000000,1000000,1000000,reduction,0,111238100,82943040,61,333334,333334,analytic
i64,path,start,units,41,1000000,1000000,1000000,fused,0,96946500,65943040,40,333334,333334,analytic
i64,path,start,units,41,1000000,1000000,1000000,reduction,1,117386200,82943040,61,333334,333334,analytic
i64,path,start,units,41,1000000,1000000,1000000,fused,1,96520700,65943040,40,333334,333334,analytic
i64,path,start,units,41,1000000,1000000,1000000,production,1,9731000,17388608,21,333334,333334,analytic
i64,path,start,units,41,1000000,1000000,1000000,fused,2,96943000,65943040,40,333334,333334,analytic
i64,path,start,units,41,1000000,1000000,1000000,production,2,9956400,17388608,21,333334,333334,analytic
i64,path,start,units,41,1000000,1000000,1000000,reduction,2,115276500,82943040,61,333334,333334,analytic
i64,path,start,units,41,1000000,1000000,1000000,production,3,9937400,17388608,21,333334,333334,analytic
i64,path,start,units,41,1000000,1000000,1000000,reduction,3,111645100,82943040,61,333334,333334,analytic
i64,path,start,units,41,1000000,1000000,1000000,fused,3,96375200,65943040,40,333334,333334,analytic
i64,path,start,units,41,1000000,1000000,1000000,reduction,4,116439600,82943040,61,333334,333334,analytic
i64,path,start,units,41,1000000,1000000,1000000,fused,4,96506400,65943040,40,333334,333334,analytic
i64,path,start,units,41,1000000,1000000,1000000,production,4,9879900,17388608,21,333334,333334,analytic
i64,path,shuffled,mixed,7,1000000,1000000,1000000,production,0,216181700,65943040,45,629378,380077,candidate_agreement
i64,path,shuffled,mixed,7,1000000,1000000,1000000,reduction,0,332189100,161943096,64,629378,380077,candidate_agreement
i64,path,shuffled,mixed,7,1000000,1000000,1000000,fused,0,298344700,121777272,43,629378,380077,candidate_agreement
i64,path,shuffled,mixed,7,1000000,1000000,1000000,reduction,1,323628100,161943096,64,629378,380077,candidate_agreement
i64,path,shuffled,mixed,7,1000000,1000000,1000000,fused,1,307751900,121777272,43,629378,380077,candidate_agreement
i64,path,shuffled,mixed,7,1000000,1000000,1000000,production,1,209029500,65943040,45,629378,380077,candidate_agreement
i64,path,shuffled,mixed,7,1000000,1000000,1000000,fused,2,292901600,121777272,43,629378,380077,candidate_agreement
i64,path,shuffled,mixed,7,1000000,1000000,1000000,production,2,217157900,65943040,45,629378,380077,candidate_agreement
i64,path,shuffled,mixed,7,1000000,1000000,1000000,reduction,2,328051800,161943096,64,629378,380077,candidate_agreement
i64,path,shuffled,mixed,7,1000000,1000000,1000000,production,3,206609100,65943040,45,629378,380077,candidate_agreement
i64,path,shuffled,mixed,7,1000000,1000000,1000000,reduction,3,329495300,161943096,64,629378,380077,candidate_agreement
i64,path,shuffled,mixed,7,1000000,1000000,1000000,fused,3,299676800,121777272,43,629378,380077,candidate_agreement
i64,path,shuffled,mixed,7,1000000,1000000,1000000,reduction,4,333093000,161943096,64,629378,380077,candidate_agreement
i64,path,shuffled,mixed,7,1000000,1000000,1000000,fused,4,294273900,121777272,43,629378,380077,candidate_agreement
i64,path,shuffled,mixed,7,1000000,1000000,1000000,production,4,206924600,65943040,45,629378,380077,candidate_agreement
i64,path,shuffled,mixed,41,1000000,1000000,1000000,production,0,215429700,65943040,45,631933,379536,candidate_agreement
i64,path,shuffled,mixed,41,1000000,1000000,1000000,reduction,0,323857200,161943096,64,631933,379536,candidate_agreement
i64,path,shuffled,mixed,41,1000000,1000000,1000000,fused,0,298044100,121777272,43,631933,379536,candidate_agreement
i64,path,shuffled,mixed,41,1000000,1000000,1000000,reduction,1,323933300,161943096,64,631933,379536,candidate_agreement
i64,path,shuffled,mixed,41,1000000,1000000,1000000,fused,1,291435000,121777272,43,631933,379536,candidate_agreement
i64,path,shuffled,mixed,41,1000000,1000000,1000000,production,1,219015300,65943040,45,631933,379536,candidate_agreement
i64,path,shuffled,mixed,41,1000000,1000000,1000000,fused,2,294423300,121777272,43,631933,379536,candidate_agreement
i64,path,shuffled,mixed,41,1000000,1000000,1000000,production,2,209208200,65943040,45,631933,379536,candidate_agreement
i64,path,shuffled,mixed,41,1000000,1000000,1000000,reduction,2,331847600,161943096,64,631933,379536,candidate_agreement
i64,path,shuffled,mixed,41,1000000,1000000,1000000,production,3,213592300,65943040,45,631933,379536,candidate_agreement
i64,path,shuffled,mixed,41,1000000,1000000,1000000,reduction,3,329837900,161943096,64,631933,379536,candidate_agreement
i64,path,shuffled,mixed,41,1000000,1000000,1000000,fused,3,297366200,121777272,43,631933,379536,candidate_agreement
i64,path,shuffled,mixed,41,1000000,1000000,1000000,reduction,4,322854700,161943096,64,631933,379536,candidate_agreement
i64,path,shuffled,mixed,41,1000000,1000000,1000000,fused,4,295754500,121777272,43,631933,379536,candidate_agreement
i64,path,shuffled,mixed,41,1000000,1000000,1000000,production,4,210683600,65943040,45,631933,379536,candidate_agreement
i64,clique,shuffled,positive,7,1000000,1000000,1000000,production,0,199772100,116108888,60,1,1,analytic
i64,clique,shuffled,positive,7,1000000,1000000,1000000,reduction,0,161234600,90943096,64,1,1,analytic
i64,clique,shuffled,positive,7,1000000,1000000,1000000,fused,0,169000200,65943040,43,1,1,analytic
i64,clique,shuffled,positive,7,1000000,1000000,1000000,reduction,1,158363300,90943096,64,1,1,analytic
i64,clique,shuffled,positive,7,1000000,1000000,1000000,fused,1,171475200,65943040,43,1,1,analytic
i64,clique,shuffled,positive,7,1000000,1000000,1000000,production,1,207996200,116108888,60,1,1,analytic
i64,clique,shuffled,positive,7,1000000,1000000,1000000,fused,2,172280500,65943040,43,1,1,analytic
i64,clique,shuffled,positive,7,1000000,1000000,1000000,production,2,209179800,116108888,60,1,1,analytic
i64,clique,shuffled,positive,7,1000000,1000000,1000000,reduction,2,163843900,90943096,64,1,1,analytic
i64,clique,shuffled,positive,7,1000000,1000000,1000000,production,3,204937700,116108888,60,1,1,analytic
i64,clique,shuffled,positive,7,1000000,1000000,1000000,reduction,3,159754600,90943096,64,1,1,analytic
i64,clique,shuffled,positive,7,1000000,1000000,1000000,fused,3,166608900,65943040,43,1,1,analytic
i64,clique,shuffled,positive,7,1000000,1000000,1000000,reduction,4,156228100,90943096,64,1,1,analytic
i64,clique,shuffled,positive,7,1000000,1000000,1000000,fused,4,168362000,65943040,43,1,1,analytic
i64,clique,shuffled,positive,7,1000000,1000000,1000000,production,4,199326600,116108888,60,1,1,analytic
i64,clique,shuffled,positive,41,1000000,1000000,1000000,production,0,202699400,116108888,60,1,1,analytic
i64,clique,shuffled,positive,41,1000000,1000000,1000000,reduction,0,157009300,90943096,64,1,1,analytic
i64,clique,shuffled,positive,41,1000000,1000000,1000000,fused,0,165352600,65943040,43,1,1,analytic
i64,clique,shuffled,positive,41,1000000,1000000,1000000,reduction,1,157596600,90943096,64,1,1,analytic
i64,clique,shuffled,positive,41,1000000,1000000,1000000,fused,1,166101800,65943040,43,1,1,analytic
i64,clique,shuffled,positive,41,1000000,1000000,1000000,production,1,194359500,116108888,60,1,1,analytic
i64,clique,shuffled,positive,41,1000000,1000000,1000000,fused,2,170992300,65943040,43,1,1,analytic
i64,clique,shuffled,positive,41,1000000,1000000,1000000,production,2,197308100,116108888,60,1,1,analytic
i64,clique,shuffled,positive,41,1000000,1000000,1000000,reduction,2,156504300,90943096,64,1,1,analytic
i64,clique,shuffled,positive,41,1000000,1000000,1000000,production,3,197218200,116108888,60,1,1,analytic
i64,clique,shuffled,positive,41,1000000,1000000,1000000,reduction,3,162244400,90943096,64,1,1,analytic
i64,clique,shuffled,positive,41,1000000,1000000,1000000,fused,3,172322700,65943040,43,1,1,analytic
i64,clique,shuffled,positive,41,1000000,1000000,1000000,reduction,4,158851300,90943096,64,1,1,analytic
i64,clique,shuffled,positive,41,1000000,1000000,1000000,fused,4,167772800,65943040,43,1,1,analytic
i64,clique,shuffled,positive,41,1000000,1000000,1000000,production,4,196376300,116108888,60,1,1,analytic
i64,nested,end,positive,7,1000000,1,1000000,production,0,57767100,75331760,42,1,1,analytic
i64,nested,end,positive,7,1000000,1,1000000,reduction,0,49791300,74165944,46,1,1,analytic
i64,nested,end,positive,7,1000000,1,1000000,fused,0,33682700,49165888,25,1,1,analytic
i64,nested,end,positive,7,1000000,1,1000000,reduction,1,50362800,74165944,46,1,1,analytic
i64,nested,end,positive,7,1000000,1,1000000,fused,1,34479300,49165888,25,1,1,analytic
i64,nested,end,positive,7,1000000,1,1000000,production,1,56723400,75331760,42,1,1,analytic
i64,nested,end,positive,7,1000000,1,1000000,fused,2,34019900,49165888,25,1,1,analytic
i64,nested,end,positive,7,1000000,1,1000000,production,2,57649000,75331760,42,1,1,analytic
i64,nested,end,positive,7,1000000,1,1000000,reduction,2,52256800,74165944,46,1,1,analytic
i64,nested,end,positive,7,1000000,1,1000000,production,3,59091300,75331760,42,1,1,analytic
i64,nested,end,positive,7,1000000,1,1000000,reduction,3,51993000,74165944,46,1,1,analytic
i64,nested,end,positive,7,1000000,1,1000000,fused,3,34541100,49165888,25,1,1,analytic
i64,nested,end,positive,7,1000000,1,1000000,reduction,4,52153900,74165944,46,1,1,analytic
i64,nested,end,positive,7,1000000,1,1000000,fused,4,33893700,49165888,25,1,1,analytic
i64,nested,end,positive,7,1000000,1,1000000,production,4,57981300,75331760,42,1,1,analytic
i64,nested,end,positive,41,1000000,1,1000000,production,0,56415800,75331760,42,1,1,analytic
i64,nested,end,positive,41,1000000,1,1000000,reduction,0,49609800,74165944,46,1,1,analytic
i64,nested,end,positive,41,1000000,1,1000000,fused,0,33890800,49165888,25,1,1,analytic
i64,nested,end,positive,41,1000000,1,1000000,reduction,1,50111500,74165944,46,1,1,analytic
i64,nested,end,positive,41,1000000,1,1000000,fused,1,33884500,49165888,25,1,1,analytic
i64,nested,end,positive,41,1000000,1,1000000,production,1,56443500,75331760,42,1,1,analytic
i64,nested,end,positive,41,1000000,1,1000000,fused,2,32792000,49165888,25,1,1,analytic
i64,nested,end,positive,41,1000000,1,1000000,production,2,56737000,75331760,42,1,1,analytic
i64,nested,end,positive,41,1000000,1,1000000,reduction,2,50174700,74165944,46,1,1,analytic
i64,nested,end,positive,41,1000000,1,1000000,production,3,56503100,75331760,42,1,1,analytic
i64,nested,end,positive,41,1000000,1,1000000,reduction,3,50640500,74165944,46,1,1,analytic
i64,nested,end,positive,41,1000000,1,1000000,fused,3,33872100,49165888,25,1,1,analytic
i64,nested,end,positive,41,1000000,1,1000000,reduction,4,52216600,74165944,46,1,1,analytic
i64,nested,end,positive,41,1000000,1,1000000,fused,4,34117900,49165888,25,1,1,analytic
i64,nested,end,positive,41,1000000,1,1000000,production,4,57349700,75331760,42,1,1,analytic
i64,star,reverse,expensive_hub,7,1000000,999999,1000000,production,0,132963500,65943040,42,999999,999999,analytic
i64,star,reverse,expensive_hub,7,1000000,999999,1000000,reduction,0,238521400,161943096,64,999999,999999,analytic
i64,star,reverse,expensive_hub,7,1000000,999999,1000000,fused,0,209047200,121777272,43,999999,999999,analytic
i64,star,reverse,expensive_hub,7,1000000,999999,1000000,reduction,1,233939300,161943096,64,999999,999999,analytic
i64,star,reverse,expensive_hub,7,1000000,999999,1000000,fused,1,208257500,121777272,43,999999,999999,analytic
i64,star,reverse,expensive_hub,7,1000000,999999,1000000,production,1,123278600,65943040,42,999999,999999,analytic
i64,star,reverse,expensive_hub,7,1000000,999999,1000000,fused,2,204468700,121777272,43,999999,999999,analytic
i64,star,reverse,expensive_hub,7,1000000,999999,1000000,production,2,124849700,65943040,42,999999,999999,analytic
i64,star,reverse,expensive_hub,7,1000000,999999,1000000,reduction,2,229410400,161943096,64,999999,999999,analytic
i64,star,reverse,expensive_hub,7,1000000,999999,1000000,production,3,125057800,65943040,42,999999,999999,analytic
i64,star,reverse,expensive_hub,7,1000000,999999,1000000,reduction,3,238041000,161943096,64,999999,999999,analytic
i64,star,reverse,expensive_hub,7,1000000,999999,1000000,fused,3,207116300,121777272,43,999999,999999,analytic
i64,star,reverse,expensive_hub,7,1000000,999999,1000000,reduction,4,232582400,161943096,64,999999,999999,analytic
i64,star,reverse,expensive_hub,7,1000000,999999,1000000,fused,4,206695400,121777272,43,999999,999999,analytic
i64,star,reverse,expensive_hub,7,1000000,999999,1000000,production,4,128203700,65943040,42,999999,999999,analytic
i64,star,reverse,expensive_hub,41,1000000,999999,1000000,production,0,132263500,65943040,42,999999,999999,analytic
i64,star,reverse,expensive_hub,41,1000000,999999,1000000,reduction,0,280992000,161943096,64,999999,999999,analytic
i64,star,reverse,expensive_hub,41,1000000,999999,1000000,fused,0,223215400,121777272,43,999999,999999,analytic
i64,star,reverse,expensive_hub,41,1000000,999999,1000000,reduction,1,296771800,161943096,64,999999,999999,analytic
i64,star,reverse,expensive_hub,41,1000000,999999,1000000,fused,1,233362000,121777272,43,999999,999999,analytic
i64,star,reverse,expensive_hub,41,1000000,999999,1000000,production,1,128113700,65943040,42,999999,999999,analytic
i64,star,reverse,expensive_hub,41,1000000,999999,1000000,fused,2,206631400,121777272,43,999999,999999,analytic
i64,star,reverse,expensive_hub,41,1000000,999999,1000000,production,2,125930300,65943040,42,999999,999999,analytic
i64,star,reverse,expensive_hub,41,1000000,999999,1000000,reduction,2,234465900,161943096,64,999999,999999,analytic
i64,star,reverse,expensive_hub,41,1000000,999999,1000000,production,3,126835500,65943040,42,999999,999999,analytic
i64,star,reverse,expensive_hub,41,1000000,999999,1000000,reduction,3,231994200,161943096,64,999999,999999,analytic
i64,star,reverse,expensive_hub,41,1000000,999999,1000000,fused,3,205070600,121777272,43,999999,999999,analytic
i64,star,reverse,expensive_hub,41,1000000,999999,1000000,reduction,4,230886000,161943096,64,999999,999999,analytic
i64,star,reverse,expensive_hub,41,1000000,999999,1000000,fused,4,208982700,121777272,43,999999,999999,analytic
i64,star,reverse,expensive_hub,41,1000000,999999,1000000,production,4,123422900,65943040,42,999999,999999,analytic
