n,groups,family,order,dtype,candidate,sample,total_ns,max_depth
1000,1,crossing,sorted,Int64,plugin,0,227900,0
1000,1,crossing,sorted,Int64,plugin,1,239300,0
1000,1,crossing,sorted,Int64,plugin,2,224900,0
1000,1,crossing,sorted,Int64,plugin,3,113800,0
1000,1,crossing,sorted,Int64,plugin,4,109700,0
1000,1,crossing,reverse,Int64,plugin,0,206600,0
1000,1,crossing,reverse,Int64,plugin,1,212000,0
1000,1,crossing,reverse,Int64,plugin,2,171500,0
1000,1,crossing,reverse,Int64,plugin,3,147000,0
1000,1,crossing,reverse,Int64,plugin,4,143400,0
1000,1,crossing,nearly,Int64,plugin,0,153400,0
1000,1,crossing,nearly,Int64,plugin,1,125300,0
1000,1,crossing,nearly,Int64,plugin,2,194900,0
1000,1,crossing,nearly,Int64,plugin,3,246300,0
1000,1,crossing,nearly,Int64,plugin,4,307700,0
1000,1,crossing,shuffled,Int64,plugin,0,201900,0
1000,1,crossing,shuffled,Int64,plugin,1,160900,0
1000,1,crossing,shuffled,Int64,plugin,2,162100,0
1000,1,crossing,shuffled,Int64,plugin,3,144800,0
1000,1,crossing,shuffled,Int64,plugin,4,152400,0
1000,1,low8,sorted,Int64,plugin,0,136200,7
1000,1,low8,sorted,Int64,plugin,1,130200,7
1000,1,low8,sorted,Int64,plugin,2,127100,7
1000,1,low8,sorted,Int64,plugin,3,130900,7
1000,1,low8,sorted,Int64,plugin,4,135400,7
1000,1,low8,reverse,Int64,plugin,0,173400,7
1000,1,low8,reverse,Int64,plugin,1,137200,7
1000,1,low8,reverse,Int64,plugin,2,135300,7
1000,1,low8,reverse,Int64,plugin,3,126700,7
1000,1,low8,reverse,Int64,plugin,4,131700,7
1000,1,low8,nearly,Int64,plugin,0,139000,7
1000,1,low8,nearly,Int64,plugin,1,150000,7
1000,1,low8,nearly,Int64,plugin,2,208300,7
1000,1,low8,nearly,Int64,plugin,3,175900,7
1000,1,low8,nearly,Int64,plugin,4,156900,7
1000,1,low8,shuffled,Int64,plugin,0,172200,7
1000,1,low8,shuffled,Int64,plugin,1,152400,7
1000,1,low8,shuffled,Int64,plugin,2,138700,7
1000,1,low8,shuffled,Int64,plugin,3,128200,7
1000,1,low8,shuffled,Int64,plugin,4,148900,7
1000,1,moderate64,sorted,Int64,plugin,0,161600,63
1000,1,moderate64,sorted,Int64,plugin,1,140400,63
1000,1,moderate64,sorted,Int64,plugin,2,132100,63
1000,1,moderate64,sorted,Int64,plugin,3,146400,63
1000,1,moderate64,sorted,Int64,plugin,4,121100,63
1000,1,moderate64,reverse,Int64,plugin,0,180600,63
1000,1,moderate64,reverse,Int64,plugin,1,156600,63
1000,1,moderate64,reverse,Int64,plugin,2,142500,63
1000,1,moderate64,reverse,Int64,plugin,3,153600,63
1000,1,moderate64,reverse,Int64,plugin,4,138000,63
1000,1,moderate64,nearly,Int64,plugin,0,155700,63
1000,1,moderate64,nearly,Int64,plugin,1,138600,63
1000,1,moderate64,nearly,Int64,plugin,2,135700,63
1000,1,moderate64,nearly,Int64,plugin,3,161700,63
1000,1,moderate64,nearly,Int64,plugin,4,167500,63
1000,1,moderate64,shuffled,Int64,plugin,0,149600,63
1000,1,moderate64,shuffled,Int64,plugin,1,160500,63
1000,1,moderate64,shuffled,Int64,plugin,2,154600,63
1000,1,moderate64,shuffled,Int64,plugin,3,138600,63
1000,1,moderate64,shuffled,Int64,plugin,4,155100,63
1000,1,chain,sorted,Int64,plugin,0,126300,999
1000,1,chain,sorted,Int64,plugin,1,138400,999
1000,1,chain,sorted,Int64,plugin,2,131700,999
1000,1,chain,sorted,Int64,plugin,3,118500,999
1000,1,chain,sorted,Int64,plugin,4,105600,999
1000,1,chain,reverse,Int64,plugin,0,137100,999
1000,1,chain,reverse,Int64,plugin,1,128300,999
1000,1,chain,reverse,Int64,plugin,2,134600,999
1000,1,chain,reverse,Int64,plugin,3,192600,999
1000,1,chain,reverse,Int64,plugin,4,269200,999
1000,1,chain,nearly,Int64,plugin,0,175500,999
1000,1,chain,nearly,Int64,plugin,1,194600,999
1000,1,chain,nearly,Int64,plugin,2,151800,999
1000,1,chain,nearly,Int64,plugin,3,142500,999
1000,1,chain,nearly,Int64,plugin,4,150500,999
1000,1,chain,shuffled,Int64,plugin,0,173000,999
1000,1,chain,shuffled,Int64,plugin,1,150300,999
1000,1,chain,shuffled,Int64,plugin,2,153200,999
1000,1,chain,shuffled,Int64,plugin,3,139800,999
1000,1,chain,shuffled,Int64,plugin,4,176400,999
1000,1,duplicate64,sorted,Int64,plugin,0,129100,63
1000,1,duplicate64,sorted,Int64,plugin,1,133000,63
1000,1,duplicate64,sorted,Int64,plugin,2,136800,63
1000,1,duplicate64,sorted,Int64,plugin,3,132800,63
1000,1,duplicate64,sorted,Int64,plugin,4,124600,63
1000,1,duplicate64,reverse,Int64,plugin,0,157700,63
1000,1,duplicate64,reverse,Int64,plugin,1,135900,63
1000,1,duplicate64,reverse,Int64,plugin,2,131600,63
1000,1,duplicate64,reverse,Int64,plugin,3,149700,63
1000,1,duplicate64,reverse,Int64,plugin,4,160000,63
1000,1,duplicate64,nearly,Int64,plugin,0,189900,63
1000,1,duplicate64,nearly,Int64,plugin,1,168900,63
1000,1,duplicate64,nearly,Int64,plugin,2,155600,63
1000,1,duplicate64,nearly,Int64,plugin,3,177200,63
1000,1,duplicate64,nearly,Int64,plugin,4,164300,63
1000,1,duplicate64,shuffled,Int64,plugin,0,152700,63
1000,1,duplicate64,shuffled,Int64,plugin,1,136700,63
1000,1,duplicate64,shuffled,Int64,plugin,2,131800,63
1000,1,duplicate64,shuffled,Int64,plugin,3,152400,63
1000,1,duplicate64,shuffled,Int64,plugin,4,146000,63
10000,1,crossing,sorted,Int64,plugin,0,398100,0
10000,1,crossing,sorted,Int64,plugin,1,301300,0
10000,1,crossing,sorted,Int64,plugin,2,229900,0
10000,1,crossing,sorted,Int64,plugin,3,180800,0
10000,1,crossing,sorted,Int64,plugin,4,206200,0
10000,1,crossing,reverse,Int64,plugin,0,188000,0
10000,1,crossing,reverse,Int64,plugin,1,187500,0
10000,1,crossing,reverse,Int64,plugin,2,173000,0
10000,1,crossing,reverse,Int64,plugin,3,177900,0
10000,1,crossing,reverse,Int64,plugin,4,179900,0
10000,1,crossing,nearly,Int64,plugin,0,399400,0
10000,1,crossing,nearly,Int64,plugin,1,366400,0
10000,1,crossing,nearly,Int64,plugin,2,365700,0
10000,1,crossing,nearly,Int64,plugin,3,358200,0
10000,1,crossing,nearly,Int64,plugin,4,357000,0
10000,1,crossing,shuffled,Int64,plugin,0,411500,0
10000,1,crossing,shuffled,Int64,plugin,1,408600,0
10000,1,crossing,shuffled,Int64,plugin,2,404700,0
10000,1,crossing,shuffled,Int64,plugin,3,396900,0
10000,1,crossing,shuffled,Int64,plugin,4,399100,0
10000,1,low8,sorted,Int64,plugin,0,219700,7
10000,1,low8,sorted,Int64,plugin,1,212400,7
10000,1,low8,sorted,Int64,plugin,2,222300,7
10000,1,low8,sorted,Int64,plugin,3,212700,7
10000,1,low8,sorted,Int64,plugin,4,209700,7
10000,1,low8,reverse,Int64,plugin,0,230400,7
10000,1,low8,reverse,Int64,plugin,1,222500,7
10000,1,low8,reverse,Int64,plugin,2,220500,7
10000,1,low8,reverse,Int64,plugin,3,220200,7
10000,1,low8,reverse,Int64,plugin,4,220500,7
10000,1,low8,nearly,Int64,plugin,0,538300,7
10000,1,low8,nearly,Int64,plugin,1,561600,7
10000,1,low8,nearly,Int64,plugin,2,486800,7
10000,1,low8,nearly,Int64,plugin,3,524500,7
10000,1,low8,nearly,Int64,plugin,4,494100,7
10000,1,low8,shuffled,Int64,plugin,0,524500,7
10000,1,low8,shuffled,Int64,plugin,1,546500,7
10000,1,low8,shuffled,Int64,plugin,2,535400,7
10000,1,low8,shuffled,Int64,plugin,3,493100,7
10000,1,low8,shuffled,Int64,plugin,4,472600,7
10000,1,moderate64,sorted,Int64,plugin,0,279300,63
10000,1,moderate64,sorted,Int64,plugin,1,276300,63
10000,1,moderate64,sorted,Int64,plugin,2,274600,63
10000,1,moderate64,sorted,Int64,plugin,3,278400,63
10000,1,moderate64,sorted,Int64,plugin,4,282600,63
10000,1,moderate64,reverse,Int64,plugin,0,310300,63
10000,1,moderate64,reverse,Int64,plugin,1,300000,63
10000,1,moderate64,reverse,Int64,plugin,2,293000,63
10000,1,moderate64,reverse,Int64,plugin,3,286500,63
10000,1,moderate64,reverse,Int64,plugin,4,286300,63
10000,1,moderate64,nearly,Int64,plugin,0,477400,63
10000,1,moderate64,nearly,Int64,plugin,1,475800,63
10000,1,moderate64,nearly,Int64,plugin,2,472400,63
10000,1,moderate64,nearly,Int64,plugin,3,487800,63
10000,1,moderate64,nearly,Int64,plugin,4,484300,63
10000,1,moderate64,shuffled,Int64,plugin,0,536400,63
10000,1,moderate64,shuffled,Int64,plugin,1,537100,63
10000,1,moderate64,shuffled,Int64,plugin,2,531200,63
10000,1,moderate64,shuffled,Int64,plugin,3,538800,63
10000,1,moderate64,shuffled,Int64,plugin,4,522400,63
10000,1,chain,sorted,Int64,plugin,0,144200,9999
10000,1,chain,sorted,Int64,plugin,1,151400,9999
10000,1,chain,sorted,Int64,plugin,2,143200,9999
10000,1,chain,sorted,Int64,plugin,3,150700,9999
10000,1,chain,sorted,Int64,plugin,4,155700,9999
10000,1,chain,reverse,Int64,plugin,0,173100,9999
10000,1,chain,reverse,Int64,plugin,1,220300,9999
10000,1,chain,reverse,Int64,plugin,2,228600,9999
10000,1,chain,reverse,Int64,plugin,3,184000,9999
10000,1,chain,reverse,Int64,plugin,4,160500,9999
10000,1,chain,nearly,Int64,plugin,0,395500,9999
10000,1,chain,nearly,Int64,plugin,1,455400,9999
10000,1,chain,nearly,Int64,plugin,2,381800,9999
10000,1,chain,nearly,Int64,plugin,3,358800,9999
10000,1,chain,nearly,Int64,plugin,4,446800,9999
10000,1,chain,shuffled,Int64,plugin,0,406100,9999
10000,1,chain,shuffled,Int64,plugin,1,387800,9999
10000,1,chain,shuffled,Int64,plugin,2,389000,9999
10000,1,chain,shuffled,Int64,plugin,3,453800,9999
10000,1,chain,shuffled,Int64,plugin,4,455900,9999
10000,1,duplicate64,sorted,Int64,plugin,0,226500,63
10000,1,duplicate64,sorted,Int64,plugin,1,200000,63
10000,1,duplicate64,sorted,Int64,plugin,2,259500,63
10000,1,duplicate64,sorted,Int64,plugin,3,221600,63
10000,1,duplicate64,sorted,Int64,plugin,4,260000,63
10000,1,duplicate64,reverse,Int64,plugin,0,451000,63
10000,1,duplicate64,reverse,Int64,plugin,1,496100,63
10000,1,duplicate64,reverse,Int64,plugin,2,487900,63
10000,1,duplicate64,reverse,Int64,plugin,3,609000,63
10000,1,duplicate64,reverse,Int64,plugin,4,600500,63
10000,1,duplicate64,nearly,Int64,plugin,0,510800,63
10000,1,duplicate64,nearly,Int64,plugin,1,459500,63
10000,1,duplicate64,nearly,Int64,plugin,2,506400,63
10000,1,duplicate64,nearly,Int64,plugin,3,463400,63
10000,1,duplicate64,nearly,Int64,plugin,4,462400,63
10000,1,duplicate64,shuffled,Int64,plugin,0,512100,63
10000,1,duplicate64,shuffled,Int64,plugin,1,485700,63
10000,1,duplicate64,shuffled,Int64,plugin,2,477500,63
10000,1,duplicate64,shuffled,Int64,plugin,3,477700,63
10000,1,duplicate64,shuffled,Int64,plugin,4,477800,63
100000,1,crossing,sorted,Int64,plugin,0,1622400,0
100000,1,crossing,sorted,Int64,plugin,1,1341900,0
100000,1,crossing,sorted,Int64,plugin,2,1307200,0
100000,1,crossing,sorted,Int64,plugin,3,1171600,0
100000,1,crossing,sorted,Int64,plugin,4,1344800,0
100000,1,crossing,reverse,Int64,plugin,0,1325600,0
100000,1,crossing,reverse,Int64,plugin,1,1329400,0
100000,1,crossing,reverse,Int64,plugin,2,1250200,0
100000,1,crossing,reverse,Int64,plugin,3,1226300,0
100000,1,crossing,reverse,Int64,plugin,4,1230300,0
100000,1,crossing,nearly,Int64,plugin,0,4422700,0
100000,1,crossing,nearly,Int64,plugin,1,4176500,0
100000,1,crossing,nearly,Int64,plugin,2,4189200,0
100000,1,crossing,nearly,Int64,plugin,3,4247300,0
100000,1,crossing,nearly,Int64,plugin,4,4223600,0
100000,1,crossing,shuffled,Int64,plugin,0,4307300,0
100000,1,crossing,shuffled,Int64,plugin,1,4411400,0
100000,1,crossing,shuffled,Int64,plugin,2,4195600,0
100000,1,crossing,shuffled,Int64,plugin,3,4358900,0
100000,1,crossing,shuffled,Int64,plugin,4,4259800,0
100000,1,low8,sorted,Int64,plugin,0,1783500,7
100000,1,low8,sorted,Int64,plugin,1,1760900,7
100000,1,low8,sorted,Int64,plugin,2,1724400,7
100000,1,low8,sorted,Int64,plugin,3,1706800,7
100000,1,low8,sorted,Int64,plugin,4,1658800,7
100000,1,low8,reverse,Int64,plugin,0,2018600,7
100000,1,low8,reverse,Int64,plugin,1,1804900,7
100000,1,low8,reverse,Int64,plugin,2,1938700,7
100000,1,low8,reverse,Int64,plugin,3,1896400,7
100000,1,low8,reverse,Int64,plugin,4,1980100,7
100000,1,low8,nearly,Int64,plugin,0,5124900,7
100000,1,low8,nearly,Int64,plugin,1,4787100,7
100000,1,low8,nearly,Int64,plugin,2,5042300,7
100000,1,low8,nearly,Int64,plugin,3,5211900,7
100000,1,low8,nearly,Int64,plugin,4,4994400,7
100000,1,low8,shuffled,Int64,plugin,0,5226900,7
100000,1,low8,shuffled,Int64,plugin,1,5312200,7
100000,1,low8,shuffled,Int64,plugin,2,5124500,7
100000,1,low8,shuffled,Int64,plugin,3,5086300,7
100000,1,low8,shuffled,Int64,plugin,4,5035100,7
100000,1,moderate64,sorted,Int64,plugin,0,2504200,63
100000,1,moderate64,sorted,Int64,plugin,1,2714500,63
100000,1,moderate64,sorted,Int64,plugin,2,2510400,63
100000,1,moderate64,sorted,Int64,plugin,3,2506000,63
100000,1,moderate64,sorted,Int64,plugin,4,2484500,63
100000,1,moderate64,reverse,Int64,plugin,0,2622900,63
100000,1,moderate64,reverse,Int64,plugin,1,2611400,63
100000,1,moderate64,reverse,Int64,plugin,2,2883400,63
100000,1,moderate64,reverse,Int64,plugin,3,2573400,63
100000,1,moderate64,reverse,Int64,plugin,4,2771800,63
100000,1,moderate64,nearly,Int64,plugin,0,5663200,63
100000,1,moderate64,nearly,Int64,plugin,1,5569100,63
100000,1,moderate64,nearly,Int64,plugin,2,5362200,63
100000,1,moderate64,nearly,Int64,plugin,3,5329700,63
100000,1,moderate64,nearly,Int64,plugin,4,5411500,63
100000,1,moderate64,shuffled,Int64,plugin,0,5750300,63
100000,1,moderate64,shuffled,Int64,plugin,1,5360400,63
100000,1,moderate64,shuffled,Int64,plugin,2,5516800,63
100000,1,moderate64,shuffled,Int64,plugin,3,5402400,63
100000,1,moderate64,shuffled,Int64,plugin,4,5607600,63
100000,1,chain,sorted,Int64,plugin,0,1378600,99999
100000,1,chain,sorted,Int64,plugin,1,1365100,99999
100000,1,chain,sorted,Int64,plugin,2,1265300,99999
100000,1,chain,sorted,Int64,plugin,3,1446600,99999
100000,1,chain,sorted,Int64,plugin,4,1485100,99999
100000,1,chain,reverse,Int64,plugin,0,1362000,99999
100000,1,chain,reverse,Int64,plugin,1,1471800,99999
100000,1,chain,reverse,Int64,plugin,2,1544600,99999
100000,1,chain,reverse,Int64,plugin,3,1447900,99999
100000,1,chain,reverse,Int64,plugin,4,1580500,99999
100000,1,chain,nearly,Int64,plugin,0,4722700,99999
100000,1,chain,nearly,Int64,plugin,1,4675100,99999
100000,1,chain,nearly,Int64,plugin,2,4827200,99999
100000,1,chain,nearly,Int64,plugin,3,4613100,99999
100000,1,chain,nearly,Int64,plugin,4,4830000,99999
100000,1,chain,shuffled,Int64,plugin,0,4790900,99999
100000,1,chain,shuffled,Int64,plugin,1,4665500,99999
100000,1,chain,shuffled,Int64,plugin,2,4829900,99999
100000,1,chain,shuffled,Int64,plugin,3,4665200,99999
100000,1,chain,shuffled,Int64,plugin,4,4942900,99999
100000,1,duplicate64,sorted,Int64,plugin,0,1673700,63
100000,1,duplicate64,sorted,Int64,plugin,1,1586700,63
100000,1,duplicate64,sorted,Int64,plugin,2,1763000,63
100000,1,duplicate64,sorted,Int64,plugin,3,1847200,63
100000,1,duplicate64,sorted,Int64,plugin,4,1851800,63
100000,1,duplicate64,reverse,Int64,plugin,0,4969100,63
100000,1,duplicate64,reverse,Int64,plugin,1,5146000,63
100000,1,duplicate64,reverse,Int64,plugin,2,5039500,63
100000,1,duplicate64,reverse,Int64,plugin,3,4893800,63
100000,1,duplicate64,reverse,Int64,plugin,4,4876200,63
100000,1,duplicate64,nearly,Int64,plugin,0,4803000,63
100000,1,duplicate64,nearly,Int64,plugin,1,4882400,63
100000,1,duplicate64,nearly,Int64,plugin,2,4901700,63
100000,1,duplicate64,nearly,Int64,plugin,3,4682500,63
100000,1,duplicate64,nearly,Int64,plugin,4,4986000,63
100000,1,duplicate64,shuffled,Int64,plugin,0,5394200,63
100000,1,duplicate64,shuffled,Int64,plugin,1,5127100,63
100000,1,duplicate64,shuffled,Int64,plugin,2,5397100,63
100000,1,duplicate64,shuffled,Int64,plugin,3,5220900,63
100000,1,duplicate64,shuffled,Int64,plugin,4,5323500,63
1000000,1,crossing,sorted,Int64,plugin,0,12729000,0
1000000,1,crossing,sorted,Int64,plugin,1,13196300,0
1000000,1,crossing,sorted,Int64,plugin,2,13775500,0
1000000,1,crossing,sorted,Int64,plugin,3,13439500,0
1000000,1,crossing,sorted,Int64,plugin,4,13162600,0
1000000,1,crossing,reverse,Int64,plugin,0,20530700,0
1000000,1,crossing,reverse,Int64,plugin,1,21030700,0
1000000,1,crossing,reverse,Int64,plugin,2,20888800,0
1000000,1,crossing,reverse,Int64,plugin,3,23227100,0
1000000,1,crossing,reverse,Int64,plugin,4,23063600,0
1000000,1,crossing,nearly,Int64,plugin,0,49105600,0
1000000,1,crossing,nearly,Int64,plugin,1,48128900,0
1000000,1,crossing,nearly,Int64,plugin,2,47759900,0
1000000,1,crossing,nearly,Int64,plugin,3,47413200,0
1000000,1,crossing,nearly,Int64,plugin,4,48385600,0
1000000,1,crossing,shuffled,Int64,plugin,0,51924500,0
1000000,1,crossing,shuffled,Int64,plugin,1,52283100,0
1000000,1,crossing,shuffled,Int64,plugin,2,53926700,0
1000000,1,crossing,shuffled,Int64,plugin,3,57629500,0
1000000,1,crossing,shuffled,Int64,plugin,4,55144000,0
1000000,1,low8,sorted,Int64,plugin,0,17966500,7
1000000,1,low8,sorted,Int64,plugin,1,17874400,7
1000000,1,low8,sorted,Int64,plugin,2,18659900,7
1000000,1,low8,sorted,Int64,plugin,3,18368300,7
1000000,1,low8,sorted,Int64,plugin,4,18530800,7
1000000,1,low8,reverse,Int64,plugin,0,21392900,7
1000000,1,low8,reverse,Int64,plugin,1,21214200,7
1000000,1,low8,reverse,Int64,plugin,2,21322800,7
1000000,1,low8,reverse,Int64,plugin,3,21698600,7
1000000,1,low8,reverse,Int64,plugin,4,21849000,7
1000000,1,low8,nearly,Int64,plugin,0,64040500,7
1000000,1,low8,nearly,Int64,plugin,1,63249900,7
1000000,1,low8,nearly,Int64,plugin,2,57364700,7
1000000,1,low8,nearly,Int64,plugin,3,54096900,7
1000000,1,low8,nearly,Int64,plugin,4,54310500,7
1000000,1,low8,shuffled,Int64,plugin,0,59738500,7
1000000,1,low8,shuffled,Int64,plugin,1,58023500,7
1000000,1,low8,shuffled,Int64,plugin,2,57952400,7
1000000,1,low8,shuffled,Int64,plugin,3,59899300,7
1000000,1,low8,shuffled,Int64,plugin,4,65183600,7
1000000,1,moderate64,sorted,Int64,plugin,0,24561600,63
1000000,1,moderate64,sorted,Int64,plugin,1,24415700,63
1000000,1,moderate64,sorted,Int64,plugin,2,24427700,63
1000000,1,moderate64,sorted,Int64,plugin,3,24408700,63
1000000,1,moderate64,sorted,Int64,plugin,4,24243700,63
1000000,1,moderate64,reverse,Int64,plugin,0,27730700,63
1000000,1,moderate64,reverse,Int64,plugin,1,27906900,63
1000000,1,moderate64,reverse,Int64,plugin,2,28610600,63
1000000,1,moderate64,reverse,Int64,plugin,3,28429300,63
1000000,1,moderate64,reverse,Int64,plugin,4,27584500,63
1000000,1,moderate64,nearly,Int64,plugin,0,62913300,63
1000000,1,moderate64,nearly,Int64,plugin,1,65692800,63
1000000,1,moderate64,nearly,Int64,plugin,2,68380800,63
1000000,1,moderate64,nearly,Int64,plugin,3,65370500,63
1000000,1,moderate64,nearly,Int64,plugin,4,62334200,63
1000000,1,moderate64,shuffled,Int64,plugin,0,68319800,63
1000000,1,moderate64,shuffled,Int64,plugin,1,64981700,63
1000000,1,moderate64,shuffled,Int64,plugin,2,63594000,63
1000000,1,moderate64,shuffled,Int64,plugin,3,69034300,63
1000000,1,moderate64,shuffled,Int64,plugin,4,63815500,63
1000000,1,chain,sorted,Int64,plugin,0,14936100,999999
1000000,1,chain,sorted,Int64,plugin,1,17111300,999999
1000000,1,chain,sorted,Int64,plugin,2,14353900,999999
1000000,1,chain,sorted,Int64,plugin,3,13997100,999999
1000000,1,chain,sorted,Int64,plugin,4,14026700,999999
1000000,1,chain,reverse,Int64,plugin,0,17398100,999999
1000000,1,chain,reverse,Int64,plugin,1,17099400,999999
1000000,1,chain,reverse,Int64,plugin,2,16991800,999999
1000000,1,chain,reverse,Int64,plugin,3,17082100,999999
1000000,1,chain,reverse,Int64,plugin,4,16918800,999999
1000000,1,chain,nearly,Int64,plugin,0,50340300,999999
1000000,1,chain,nearly,Int64,plugin,1,50270100,999999
1000000,1,chain,nearly,Int64,plugin,2,49924500,999999
1000000,1,chain,nearly,Int64,plugin,3,49489100,999999
1000000,1,chain,nearly,Int64,plugin,4,52125700,999999
1000000,1,chain,shuffled,Int64,plugin,0,62572800,999999
1000000,1,chain,shuffled,Int64,plugin,1,64434300,999999
1000000,1,chain,shuffled,Int64,plugin,2,80748900,999999
1000000,1,chain,shuffled,Int64,plugin,3,61951100,999999
1000000,1,chain,shuffled,Int64,plugin,4,59438300,999999
1000000,1,duplicate64,sorted,Int64,plugin,0,17878600,63
1000000,1,duplicate64,sorted,Int64,plugin,1,19391000,63
1000000,1,duplicate64,sorted,Int64,plugin,2,19322500,63
1000000,1,duplicate64,sorted,Int64,plugin,3,17445000,63
1000000,1,duplicate64,sorted,Int64,plugin,4,16436300,63
1000000,1,duplicate64,reverse,Int64,plugin,0,55617300,63
1000000,1,duplicate64,reverse,Int64,plugin,1,54657300,63
1000000,1,duplicate64,reverse,Int64,plugin,2,55932600,63
1000000,1,duplicate64,reverse,Int64,plugin,3,55580800,63
1000000,1,duplicate64,reverse,Int64,plugin,4,54717700,63
1000000,1,duplicate64,nearly,Int64,plugin,0,56487500,63
1000000,1,duplicate64,nearly,Int64,plugin,1,52635600,63
1000000,1,duplicate64,nearly,Int64,plugin,2,52609600,63
1000000,1,duplicate64,nearly,Int64,plugin,3,57404100,63
1000000,1,duplicate64,nearly,Int64,plugin,4,53592100,63
1000000,1,duplicate64,shuffled,Int64,plugin,0,60632300,63
1000000,1,duplicate64,shuffled,Int64,plugin,1,64409400,63
1000000,1,duplicate64,shuffled,Int64,plugin,2,60784800,63
1000000,1,duplicate64,shuffled,Int64,plugin,3,59248500,63
1000000,1,duplicate64,shuffled,Int64,plugin,4,60500300,63
3000000,1,crossing,sorted,Int64,plugin,0,38329900,0
3000000,1,crossing,sorted,Int64,plugin,1,37884400,0
3000000,1,crossing,sorted,Int64,plugin,2,39439000,0
3000000,1,crossing,sorted,Int64,plugin,3,38364900,0
3000000,1,crossing,sorted,Int64,plugin,4,38481900,0
3000000,1,crossing,reverse,Int64,plugin,0,48349100,0
3000000,1,crossing,reverse,Int64,plugin,1,46980900,0
3000000,1,crossing,reverse,Int64,plugin,2,46747700,0
3000000,1,crossing,reverse,Int64,plugin,3,55455200,0
3000000,1,crossing,reverse,Int64,plugin,4,57001500,0
3000000,1,crossing,nearly,Int64,plugin,0,159576300,0
3000000,1,crossing,nearly,Int64,plugin,1,157020100,0
3000000,1,crossing,nearly,Int64,plugin,2,165210300,0
3000000,1,crossing,nearly,Int64,plugin,3,158181500,0
3000000,1,crossing,nearly,Int64,plugin,4,178647600,0
3000000,1,crossing,shuffled,Int64,plugin,0,182732400,0
3000000,1,crossing,shuffled,Int64,plugin,1,182487400,0
3000000,1,crossing,shuffled,Int64,plugin,2,184307900,0
3000000,1,crossing,shuffled,Int64,plugin,3,192680300,0
3000000,1,crossing,shuffled,Int64,plugin,4,215282400,0
3000000,1,low8,sorted,Int64,plugin,0,56813400,7
3000000,1,low8,sorted,Int64,plugin,1,54696500,7
3000000,1,low8,sorted,Int64,plugin,2,55059000,7
3000000,1,low8,sorted,Int64,plugin,3,52574800,7
3000000,1,low8,sorted,Int64,plugin,4,52867500,7
3000000,1,low8,reverse,Int64,plugin,0,63076100,7
3000000,1,low8,reverse,Int64,plugin,1,67549500,7
3000000,1,low8,reverse,Int64,plugin,2,65169000,7
3000000,1,low8,reverse,Int64,plugin,3,62130800,7
3000000,1,low8,reverse,Int64,plugin,4,62472900,7
3000000,1,low8,nearly,Int64,plugin,0,176458900,7
3000000,1,low8,nearly,Int64,plugin,1,174264200,7
3000000,1,low8,nearly,Int64,plugin,2,180470300,7
3000000,1,low8,nearly,Int64,plugin,3,185107100,7
3000000,1,low8,nearly,Int64,plugin,4,173181600,7
3000000,1,low8,shuffled,Int64,plugin,0,195379200,7
3000000,1,low8,shuffled,Int64,plugin,1,224852300,7
3000000,1,low8,shuffled,Int64,plugin,2,229767300,7
3000000,1,low8,shuffled,Int64,plugin,3,202688200,7
3000000,1,low8,shuffled,Int64,plugin,4,194675200,7
3000000,1,moderate64,sorted,Int64,plugin,0,72939400,63
3000000,1,moderate64,sorted,Int64,plugin,1,75632100,63
3000000,1,moderate64,sorted,Int64,plugin,2,75107100,63
3000000,1,moderate64,sorted,Int64,plugin,3,72052300,63
3000000,1,moderate64,sorted,Int64,plugin,4,71491000,63
3000000,1,moderate64,reverse,Int64,plugin,0,85134500,63
3000000,1,moderate64,reverse,Int64,plugin,1,82296700,63
3000000,1,moderate64,reverse,Int64,plugin,2,83399000,63
3000000,1,moderate64,reverse,Int64,plugin,3,85287700,63
3000000,1,moderate64,reverse,Int64,plugin,4,92414500,63
3000000,1,moderate64,nearly,Int64,plugin,0,193841300,63
3000000,1,moderate64,nearly,Int64,plugin,1,193428300,63
3000000,1,moderate64,nearly,Int64,plugin,2,191490700,63
3000000,1,moderate64,nearly,Int64,plugin,3,194901100,63
3000000,1,moderate64,nearly,Int64,plugin,4,230469900,63
3000000,1,moderate64,shuffled,Int64,plugin,0,210229400,63
3000000,1,moderate64,shuffled,Int64,plugin,1,212000600,63
3000000,1,moderate64,shuffled,Int64,plugin,2,223895500,63
3000000,1,moderate64,shuffled,Int64,plugin,3,224767900,63
3000000,1,moderate64,shuffled,Int64,plugin,4,218329900,63
3000000,1,chain,sorted,Int64,plugin,0,46326000,2999999
3000000,1,chain,sorted,Int64,plugin,1,45848000,2999999
3000000,1,chain,sorted,Int64,plugin,2,42579900,2999999
3000000,1,chain,sorted,Int64,plugin,3,42501500,2999999
3000000,1,chain,sorted,Int64,plugin,4,42636400,2999999
3000000,1,chain,reverse,Int64,plugin,0,60885800,2999999
3000000,1,chain,reverse,Int64,plugin,1,53495200,2999999
3000000,1,chain,reverse,Int64,plugin,2,52994100,2999999
3000000,1,chain,reverse,Int64,plugin,3,52854300,2999999
3000000,1,chain,reverse,Int64,plugin,4,54313200,2999999
3000000,1,chain,nearly,Int64,plugin,0,165707000,2999999
3000000,1,chain,nearly,Int64,plugin,1,173482600,2999999
3000000,1,chain,nearly,Int64,plugin,2,179003700,2999999
3000000,1,chain,nearly,Int64,plugin,3,173197900,2999999
3000000,1,chain,nearly,Int64,plugin,4,175879900,2999999
3000000,1,chain,shuffled,Int64,plugin,0,199580000,2999999
3000000,1,chain,shuffled,Int64,plugin,1,205964500,2999999
3000000,1,chain,shuffled,Int64,plugin,2,228488100,2999999
3000000,1,chain,shuffled,Int64,plugin,3,212905000,2999999
3000000,1,chain,shuffled,Int64,plugin,4,203233500,2999999
3000000,1,duplicate64,sorted,Int64,plugin,0,49200200,63
3000000,1,duplicate64,sorted,Int64,plugin,1,52217100,63
3000000,1,duplicate64,sorted,Int64,plugin,2,51449800,63
3000000,1,duplicate64,sorted,Int64,plugin,3,50140000,63
3000000,1,duplicate64,sorted,Int64,plugin,4,49248700,63
3000000,1,duplicate64,reverse,Int64,plugin,0,191614600,63
3000000,1,duplicate64,reverse,Int64,plugin,1,190377900,63
3000000,1,duplicate64,reverse,Int64,plugin,2,195890100,63
3000000,1,duplicate64,reverse,Int64,plugin,3,200057600,63
3000000,1,duplicate64,reverse,Int64,plugin,4,183402900,63
3000000,1,duplicate64,nearly,Int64,plugin,0,173173700,63
3000000,1,duplicate64,nearly,Int64,plugin,1,171468000,63
3000000,1,duplicate64,nearly,Int64,plugin,2,182570000,63
3000000,1,duplicate64,nearly,Int64,plugin,3,179858500,63
3000000,1,duplicate64,nearly,Int64,plugin,4,178058200,63
3000000,1,duplicate64,shuffled,Int64,plugin,0,209654400,63
3000000,1,duplicate64,shuffled,Int64,plugin,1,198764900,63
3000000,1,duplicate64,shuffled,Int64,plugin,2,208828600,63
3000000,1,duplicate64,shuffled,Int64,plugin,3,202950600,63
3000000,1,duplicate64,shuffled,Int64,plugin,4,210257000,63
1000,1,low8,shuffled,Date,plugin,0,211500,7
1000,1,low8,shuffled,Date,plugin,1,235400,7
1000,1,low8,shuffled,Date,plugin,2,304200,7
1000,1,low8,shuffled,Date,plugin,3,300100,7
1000,1,low8,shuffled,Date,plugin,4,213500,7
1000,1,low8,shuffled,Datetime(us),plugin,0,170600,7
1000,1,low8,shuffled,Datetime(us),plugin,1,187900,7
1000,1,low8,shuffled,Datetime(us),plugin,2,206800,7
1000,1,low8,shuffled,Datetime(us),plugin,3,205800,7
1000,1,low8,shuffled,Datetime(us),plugin,4,195500,7
1000,1,chain,shuffled,Date,plugin,0,145100,999
1000,1,chain,shuffled,Date,plugin,1,139400,999
1000,1,chain,shuffled,Date,plugin,2,159000,999
1000,1,chain,shuffled,Date,plugin,3,136300,999
1000,1,chain,shuffled,Date,plugin,4,140900,999
1000,1,chain,shuffled,Datetime(us),plugin,0,178100,999
1000,1,chain,shuffled,Datetime(us),plugin,1,156500,999
1000,1,chain,shuffled,Datetime(us),plugin,2,150800,999
1000,1,chain,shuffled,Datetime(us),plugin,3,147000,999
1000,1,chain,shuffled,Datetime(us),plugin,4,146000,999
10000,1,low8,shuffled,Date,plugin,0,526200,7
10000,1,low8,shuffled,Date,plugin,1,585500,7
10000,1,low8,shuffled,Date,plugin,2,701800,7
10000,1,low8,shuffled,Date,plugin,3,547300,7
10000,1,low8,shuffled,Date,plugin,4,540300,7
10000,1,low8,shuffled,Datetime(us),plugin,0,563400,7
10000,1,low8,shuffled,Datetime(us),plugin,1,500700,7
10000,1,low8,shuffled,Datetime(us),plugin,2,505800,7
10000,1,low8,shuffled,Datetime(us),plugin,3,485400,7
10000,1,low8,shuffled,Datetime(us),plugin,4,484900,7
10000,1,chain,shuffled,Date,plugin,0,448300,9999
10000,1,chain,shuffled,Date,plugin,1,377100,9999
10000,1,chain,shuffled,Date,plugin,2,392400,9999
10000,1,chain,shuffled,Date,plugin,3,379600,9999
10000,1,chain,shuffled,Date,plugin,4,390200,9999
10000,1,chain,shuffled,Datetime(us),plugin,0,448900,9999
10000,1,chain,shuffled,Datetime(us),plugin,1,660500,9999
10000,1,chain,shuffled,Datetime(us),plugin,2,566700,9999
10000,1,chain,shuffled,Datetime(us),plugin,3,564500,9999
10000,1,chain,shuffled,Datetime(us),plugin,4,685800,9999
100000,1,low8,shuffled,Date,plugin,0,4621300,7
100000,1,low8,shuffled,Date,plugin,1,4570300,7
100000,1,low8,shuffled,Date,plugin,2,4497900,7
100000,1,low8,shuffled,Date,plugin,3,4406800,7
100000,1,low8,shuffled,Date,plugin,4,4312200,7
100000,1,low8,shuffled,Datetime(us),plugin,0,4919700,7
100000,1,low8,shuffled,Datetime(us),plugin,1,4997900,7
100000,1,low8,shuffled,Datetime(us),plugin,2,5063200,7
100000,1,low8,shuffled,Datetime(us),plugin,3,4877800,7
100000,1,low8,shuffled,Datetime(us),plugin,4,5102900,7
100000,1,chain,shuffled,Date,plugin,0,3993900,99999
100000,1,chain,shuffled,Date,plugin,1,3850100,99999
100000,1,chain,shuffled,Date,plugin,2,3890600,99999
100000,1,chain,shuffled,Date,plugin,3,3795500,99999
100000,1,chain,shuffled,Date,plugin,4,3773800,99999
100000,1,chain,shuffled,Datetime(us),plugin,0,4781500,99999
100000,1,chain,shuffled,Datetime(us),plugin,1,5323000,99999
100000,1,chain,shuffled,Datetime(us),plugin,2,4849200,99999
100000,1,chain,shuffled,Datetime(us),plugin,3,4671800,99999
100000,1,chain,shuffled,Datetime(us),plugin,4,4611200,99999
1000000,1,low8,shuffled,Date,plugin,0,56866800,7
1000000,1,low8,shuffled,Date,plugin,1,48445300,7
1000000,1,low8,shuffled,Date,plugin,2,48713100,7
1000000,1,low8,shuffled,Date,plugin,3,48576300,7
1000000,1,low8,shuffled,Date,plugin,4,48156300,7
1000000,1,low8,shuffled,Datetime(us),plugin,0,56844300,7
1000000,1,low8,shuffled,Datetime(us),plugin,1,56372600,7
1000000,1,low8,shuffled,Datetime(us),plugin,2,56523100,7
1000000,1,low8,shuffled,Datetime(us),plugin,3,56782000,7
1000000,1,low8,shuffled,Datetime(us),plugin,4,57847300,7
1000000,1,chain,shuffled,Date,plugin,0,51483700,999999
1000000,1,chain,shuffled,Date,plugin,1,60504700,999999
1000000,1,chain,shuffled,Date,plugin,2,65179700,999999
1000000,1,chain,shuffled,Date,plugin,3,49353800,999999
1000000,1,chain,shuffled,Date,plugin,4,47749500,999999
1000000,1,chain,shuffled,Datetime(us),plugin,0,60884400,999999
1000000,1,chain,shuffled,Datetime(us),plugin,1,57448800,999999
1000000,1,chain,shuffled,Datetime(us),plugin,2,56726100,999999
1000000,1,chain,shuffled,Datetime(us),plugin,3,58373200,999999
1000000,1,chain,shuffled,Datetime(us),plugin,4,56752000,999999
3000000,1,low8,shuffled,Date,plugin,0,179139600,7
3000000,1,low8,shuffled,Date,plugin,1,170979700,7
3000000,1,low8,shuffled,Date,plugin,2,170430100,7
3000000,1,low8,shuffled,Date,plugin,3,164375100,7
3000000,1,low8,shuffled,Date,plugin,4,165176800,7
3000000,1,low8,shuffled,Datetime(us),plugin,0,202712600,7
3000000,1,low8,shuffled,Datetime(us),plugin,1,197332700,7
3000000,1,low8,shuffled,Datetime(us),plugin,2,199508900,7
3000000,1,low8,shuffled,Datetime(us),plugin,3,200329300,7
3000000,1,low8,shuffled,Datetime(us),plugin,4,213314700,7
3000000,1,chain,shuffled,Date,plugin,0,166594000,2999999
3000000,1,chain,shuffled,Date,plugin,1,164571200,2999999
3000000,1,chain,shuffled,Date,plugin,2,163231700,2999999
3000000,1,chain,shuffled,Date,plugin,3,175692100,2999999
3000000,1,chain,shuffled,Date,plugin,4,167185000,2999999
3000000,1,chain,shuffled,Datetime(us),plugin,0,206386300,2999999
3000000,1,chain,shuffled,Datetime(us),plugin,1,211256700,2999999
3000000,1,chain,shuffled,Datetime(us),plugin,2,200845100,2999999
3000000,1,chain,shuffled,Datetime(us),plugin,3,201984400,2999999
3000000,1,chain,shuffled,Datetime(us),plugin,4,209442200,2999999
100000,1,crossing,shuffled,Date,plugin,0,3982500,0
100000,1,crossing,shuffled,Date,plugin,1,4069200,0
100000,1,crossing,shuffled,Date,plugin,2,4770800,0
100000,1,crossing,shuffled,Date,plugin,3,4002300,0
100000,1,crossing,shuffled,Date,plugin,4,3845300,0
100000,1,crossing,shuffled,Datetime(us),plugin,0,4297700,0
100000,1,crossing,shuffled,Datetime(us),plugin,1,4385200,0
100000,1,crossing,shuffled,Datetime(us),plugin,2,4443700,0
100000,1,crossing,shuffled,Datetime(us),plugin,3,4259800,0
100000,1,crossing,shuffled,Datetime(us),plugin,4,4265700,0
100000,1,duplicate64,shuffled,Date,plugin,0,4533000,63
100000,1,duplicate64,shuffled,Date,plugin,1,4614000,63
100000,1,duplicate64,shuffled,Date,plugin,2,4628700,63
100000,1,duplicate64,shuffled,Date,plugin,3,4378900,63
100000,1,duplicate64,shuffled,Date,plugin,4,4567900,63
100000,1,duplicate64,shuffled,Datetime(us),plugin,0,5222700,63
100000,1,duplicate64,shuffled,Datetime(us),plugin,1,5176400,63
100000,1,duplicate64,shuffled,Datetime(us),plugin,2,5030100,63
100000,1,duplicate64,shuffled,Datetime(us),plugin,3,5159200,63
100000,1,duplicate64,shuffled,Datetime(us),plugin,4,5127400,63
100000,10,crossing,shuffled,Int64,plugin,0,5641500,0
100000,10,crossing,shuffled,Int64,plugin,1,5039000,0
100000,10,crossing,shuffled,Int64,plugin,2,5098300,0
100000,10,crossing,shuffled,Int64,plugin,3,5311400,0
100000,10,crossing,shuffled,Int64,plugin,4,5435400,0
100000,10,crossing,shuffled,Date,plugin,0,6139800,0
100000,10,crossing,shuffled,Date,plugin,1,4595800,0
100000,10,crossing,shuffled,Date,plugin,2,4889100,0
100000,10,crossing,shuffled,Date,plugin,3,4673700,0
100000,10,crossing,shuffled,Date,plugin,4,4492500,0
100000,10,crossing,shuffled,Datetime(us),plugin,0,5359400,0
100000,10,crossing,shuffled,Datetime(us),plugin,1,5132400,0
100000,10,crossing,shuffled,Datetime(us),plugin,2,4982300,0
100000,10,crossing,shuffled,Datetime(us),plugin,3,6164600,0
100000,10,crossing,shuffled,Datetime(us),plugin,4,5135300,0
100000,10,low8,shuffled,Int64,plugin,0,6409500,7
100000,10,low8,shuffled,Int64,plugin,1,5907400,7
100000,10,low8,shuffled,Int64,plugin,2,6319200,7
100000,10,low8,shuffled,Int64,plugin,3,6282700,7
100000,10,low8,shuffled,Int64,plugin,4,6029200,7
100000,10,low8,shuffled,Date,plugin,0,7446700,7
100000,10,low8,shuffled,Date,plugin,1,5456700,7
100000,10,low8,shuffled,Date,plugin,2,7137700,7
100000,10,low8,shuffled,Date,plugin,3,5808900,7
100000,10,low8,shuffled,Date,plugin,4,6516600,7
100000,10,low8,shuffled,Datetime(us),plugin,0,6368500,7
100000,10,low8,shuffled,Datetime(us),plugin,1,6402000,7
100000,10,low8,shuffled,Datetime(us),plugin,2,5887900,7
100000,10,low8,shuffled,Datetime(us),plugin,3,7447800,7
100000,10,low8,shuffled,Datetime(us),plugin,4,7496900,7
100000,10,chain,shuffled,Int64,plugin,0,7124500,9999
100000,10,chain,shuffled,Int64,plugin,1,5171800,9999
100000,10,chain,shuffled,Int64,plugin,2,5250100,9999
100000,10,chain,shuffled,Int64,plugin,3,5434100,9999
100000,10,chain,shuffled,Int64,plugin,4,5659900,9999
100000,10,chain,shuffled,Date,plugin,0,4766500,9999
100000,10,chain,shuffled,Date,plugin,1,4972200,9999
100000,10,chain,shuffled,Date,plugin,2,4843100,9999
100000,10,chain,shuffled,Date,plugin,3,4779600,9999
100000,10,chain,shuffled,Date,plugin,4,4208300,9999
100000,10,chain,shuffled,Datetime(us),plugin,0,5150800,9999
100000,10,chain,shuffled,Datetime(us),plugin,1,5051100,9999
100000,10,chain,shuffled,Datetime(us),plugin,2,4954200,9999
100000,10,chain,shuffled,Datetime(us),plugin,3,5083700,9999
100000,10,chain,shuffled,Datetime(us),plugin,4,4959400,9999
100000,10,duplicate64,shuffled,Int64,plugin,0,6137700,63
100000,10,duplicate64,shuffled,Int64,plugin,1,5638500,63
100000,10,duplicate64,shuffled,Int64,plugin,2,6092800,63
100000,10,duplicate64,shuffled,Int64,plugin,3,5533800,63
100000,10,duplicate64,shuffled,Int64,plugin,4,5661800,63
100000,10,duplicate64,shuffled,Date,plugin,0,5493600,63
100000,10,duplicate64,shuffled,Date,plugin,1,5000300,63
100000,10,duplicate64,shuffled,Date,plugin,2,5096700,63
100000,10,duplicate64,shuffled,Date,plugin,3,5169400,63
100000,10,duplicate64,shuffled,Date,plugin,4,5432100,63
100000,10,duplicate64,shuffled,Datetime(us),plugin,0,6050300,63
100000,10,duplicate64,shuffled,Datetime(us),plugin,1,6297500,63
100000,10,duplicate64,shuffled,Datetime(us),plugin,2,5891400,63
100000,10,duplicate64,shuffled,Datetime(us),plugin,3,5854200,63
100000,10,duplicate64,shuffled,Datetime(us),plugin,4,5760000,63
100000,100,crossing,shuffled,Int64,plugin,0,5438800,0
100000,100,crossing,shuffled,Int64,plugin,1,5255000,0
100000,100,crossing,shuffled,Int64,plugin,2,5292800,0
100000,100,crossing,shuffled,Int64,plugin,3,5185100,0
100000,100,crossing,shuffled,Int64,plugin,4,5008600,0
100000,100,crossing,shuffled,Date,plugin,0,5580700,0
100000,100,crossing,shuffled,Date,plugin,1,4857300,0
100000,100,crossing,shuffled,Date,plugin,2,4904000,0
100000,100,crossing,shuffled,Date,plugin,3,5194900,0
100000,100,crossing,shuffled,Date,plugin,4,5217700,0
100000,100,crossing,shuffled,Datetime(us),plugin,0,5100600,0
100000,100,crossing,shuffled,Datetime(us),plugin,1,5254000,0
100000,100,crossing,shuffled,Datetime(us),plugin,2,5109400,0
100000,100,crossing,shuffled,Datetime(us),plugin,3,5416200,0
100000,100,crossing,shuffled,Datetime(us),plugin,4,5629700,0
100000,100,low8,shuffled,Int64,plugin,0,6156000,7
100000,100,low8,shuffled,Int64,plugin,1,5931800,7
100000,100,low8,shuffled,Int64,plugin,2,6045300,7
100000,100,low8,shuffled,Int64,plugin,3,5583500,7
100000,100,low8,shuffled,Int64,plugin,4,5911100,7
100000,100,low8,shuffled,Date,plugin,0,5436600,7
100000,100,low8,shuffled,Date,plugin,1,5214100,7
100000,100,low8,shuffled,Date,plugin,2,5263200,7
100000,100,low8,shuffled,Date,plugin,3,5764700,7
100000,100,low8,shuffled,Date,plugin,4,6171700,7
100000,100,low8,shuffled,Datetime(us),plugin,0,6035900,7
100000,100,low8,shuffled,Datetime(us),plugin,1,5874700,7
100000,100,low8,shuffled,Datetime(us),plugin,2,5867800,7
100000,100,low8,shuffled,Datetime(us),plugin,3,5978000,7
100000,100,low8,shuffled,Datetime(us),plugin,4,6103200,7
100000,100,chain,shuffled,Int64,plugin,0,5318200,999
100000,100,chain,shuffled,Int64,plugin,1,4966400,999
100000,100,chain,shuffled,Int64,plugin,2,5442000,999
100000,100,chain,shuffled,Int64,plugin,3,5074900,999
100000,100,chain,shuffled,Int64,plugin,4,5201300,999
100000,100,chain,shuffled,Date,plugin,0,4816800,999
100000,100,chain,shuffled,Date,plugin,1,5178400,999
100000,100,chain,shuffled,Date,plugin,2,6059200,999
100000,100,chain,shuffled,Date,plugin,3,5357800,999
100000,100,chain,shuffled,Date,plugin,4,5569600,999
100000,100,chain,shuffled,Datetime(us),plugin,0,7156300,999
100000,100,chain,shuffled,Datetime(us),plugin,1,7242100,999
100000,100,chain,shuffled,Datetime(us),plugin,2,6620100,999
100000,100,chain,shuffled,Datetime(us),plugin,3,5427100,999
100000,100,chain,shuffled,Datetime(us),plugin,4,5208200,999
100000,100,duplicate64,shuffled,Int64,plugin,0,6249000,63
100000,100,duplicate64,shuffled,Int64,plugin,1,6004400,63
100000,100,duplicate64,shuffled,Int64,plugin,2,5716100,63
100000,100,duplicate64,shuffled,Int64,plugin,3,6171700,63
100000,100,duplicate64,shuffled,Int64,plugin,4,5781900,63
100000,100,duplicate64,shuffled,Date,plugin,0,5812400,63
100000,100,duplicate64,shuffled,Date,plugin,1,5495400,63
100000,100,duplicate64,shuffled,Date,plugin,2,5400400,63
100000,100,duplicate64,shuffled,Date,plugin,3,5965700,63
100000,100,duplicate64,shuffled,Date,plugin,4,5394800,63
100000,100,duplicate64,shuffled,Datetime(us),plugin,0,6143800,63
100000,100,duplicate64,shuffled,Datetime(us),plugin,1,5756100,63
100000,100,duplicate64,shuffled,Datetime(us),plugin,2,6203900,63
100000,100,duplicate64,shuffled,Datetime(us),plugin,3,6238400,63
100000,100,duplicate64,shuffled,Datetime(us),plugin,4,5933000,63
100000,1000,crossing,shuffled,Int64,plugin,0,10604400,0
100000,1000,crossing,shuffled,Int64,plugin,1,10005800,0
100000,1000,crossing,shuffled,Int64,plugin,2,10217400,0
100000,1000,crossing,shuffled,Int64,plugin,3,9844800,0
100000,1000,crossing,shuffled,Int64,plugin,4,9940600,0
100000,1000,crossing,shuffled,Date,plugin,0,10668100,0
100000,1000,crossing,shuffled,Date,plugin,1,10439900,0
100000,1000,crossing,shuffled,Date,plugin,2,10781100,0
100000,1000,crossing,shuffled,Date,plugin,3,10667500,0
100000,1000,crossing,shuffled,Date,plugin,4,10315200,0
100000,1000,crossing,shuffled,Datetime(us),plugin,0,11301300,0
100000,1000,crossing,shuffled,Datetime(us),plugin,1,11568700,0
100000,1000,crossing,shuffled,Datetime(us),plugin,2,11233800,0
100000,1000,crossing,shuffled,Datetime(us),plugin,3,14961100,0
100000,1000,crossing,shuffled,Datetime(us),plugin,4,14457100,0
100000,1000,low8,shuffled,Int64,plugin,0,10855100,7
100000,1000,low8,shuffled,Int64,plugin,1,10780900,7
100000,1000,low8,shuffled,Int64,plugin,2,10527300,7
100000,1000,low8,shuffled,Int64,plugin,3,13918700,7
100000,1000,low8,shuffled,Int64,plugin,4,14839700,7
100000,1000,low8,shuffled,Date,plugin,0,11513200,7
100000,1000,low8,shuffled,Date,plugin,1,11194300,7
100000,1000,low8,shuffled,Date,plugin,2,13743600,7
100000,1000,low8,shuffled,Date,plugin,3,11511500,7
100000,1000,low8,shuffled,Date,plugin,4,14803000,7
100000,1000,low8,shuffled,Datetime(us),plugin,0,12128400,7
100000,1000,low8,shuffled,Datetime(us),plugin,1,12216000,7
100000,1000,low8,shuffled,Datetime(us),plugin,2,11553200,7
100000,1000,low8,shuffled,Datetime(us),plugin,3,11974300,7
100000,1000,low8,shuffled,Datetime(us),plugin,4,14980200,7
100000,1000,chain,shuffled,Int64,plugin,0,11435000,99
100000,1000,chain,shuffled,Int64,plugin,1,10626600,99
100000,1000,chain,shuffled,Int64,plugin,2,13160300,99
100000,1000,chain,shuffled,Int64,plugin,3,10755200,99
100000,1000,chain,shuffled,Int64,plugin,4,10408400,99
100000,1000,chain,shuffled,Date,plugin,0,11877000,99
100000,1000,chain,shuffled,Date,plugin,1,11119700,99
100000,1000,chain,shuffled,Date,plugin,2,11056000,99
100000,1000,chain,shuffled,Date,plugin,3,10916300,99
100000,1000,chain,shuffled,Date,plugin,4,11265200,99
100000,1000,chain,shuffled,Datetime(us),plugin,0,11872100,99
100000,1000,chain,shuffled,Datetime(us),plugin,1,11626000,99
100000,1000,chain,shuffled,Datetime(us),plugin,2,13442400,99
100000,1000,chain,shuffled,Datetime(us),plugin,3,12036400,99
100000,1000,chain,shuffled,Datetime(us),plugin,4,11668200,99
100000,1000,duplicate64,shuffled,Int64,plugin,0,13261900,49
100000,1000,duplicate64,shuffled,Int64,plugin,1,11740400,49
100000,1000,duplicate64,shuffled,Int64,plugin,2,10988900,49
100000,1000,duplicate64,shuffled,Int64,plugin,3,10262900,49
100000,1000,duplicate64,shuffled,Int64,plugin,4,11437200,49
100000,1000,duplicate64,shuffled,Date,plugin,0,10869000,49
100000,1000,duplicate64,shuffled,Date,plugin,1,10760100,49
100000,1000,duplicate64,shuffled,Date,plugin,2,11113800,49
100000,1000,duplicate64,shuffled,Date,plugin,3,11241400,49
100000,1000,duplicate64,shuffled,Date,plugin,4,10657100,49
100000,1000,duplicate64,shuffled,Datetime(us),plugin,0,12341900,49
100000,1000,duplicate64,shuffled,Datetime(us),plugin,1,13571500,49
100000,1000,duplicate64,shuffled,Datetime(us),plugin,2,12296800,49
100000,1000,duplicate64,shuffled,Datetime(us),plugin,3,15461700,49
100000,1000,duplicate64,shuffled,Datetime(us),plugin,4,12104600,49
