"dtype","scenario","n","groups","method","samples","min_ns","median_ns","max_ns","validation_ns","preparation_ns","sorting_ns","compression_ns","output_init_ns","dp_and_scatter_ns","peak_bytes","allocations","max_depth"
"i64","chain","1000000","1","A_packed_fenwick","5","192430300","221392000","228709100","1178400","4467600","38658600","99882300","0","73064700","40000008","4","999999"
"i64","chain","1000000","1","D_append_frontier","5","54859300","57171000","61088700","1217300","4185300","37872300","0","22200","11793900","40388608","21","999999"
"i64","chain","1000000","1","D_frontier","5","94909000","97834500","105091300","1307600","4300500","37816400","0","23700","51420200","40388608","21","999999"
"i64","chain","1000000","1","D_sorted_append_frontier","5","54646900","57405400","59611100","1219300","4222300","37912500","0","25000","11557600","40388608","21","999999"
"i64","chain","1000000","1","production","5","54746800","55961300","57993000",,,,,,,"40388608","21","999999"
"i64","chain","3000000","1","A_packed_fenwick","5","1227370500","1301837600","1336232300","2745000","12721900","129536400","840370400","0","286585400","120000008","4","2999999"
"i64","chain","3000000","1","D_append_frontier","5","195507500","199534500","215856100","2828000","12733800","127772600","0","31300","50231000","129554432","23","2999999"
"i64","chain","3000000","1","D_frontier","5","327453100","328135000","356878500","2742300","13078200","127854200","0","39400","181014700","129554432","23","2999999"
"i64","chain","3000000","1","D_sorted_append_frontier","5","195400700","200264900","206164000","2736100","12775400","128588200","0","36500","50367700","129554432","23","2999999"
"i64","chain","3000000","1","production","5","198227100","214697900","262477300",,,,,,,"129554432","23","2999999"
"i64","crossing","1000000","1","A_packed_fenwick","5","167213300","169636200","189651500","1069100","4309700","38373400","84348700","0","38878300","40000008","4","0"
"i64","crossing","1000000","1","D_append_frontier","5","51746300","52074300","62535500","1092900","4156300","38081200","0","38000","7716800","32000032","3","0"
"i64","crossing","1000000","1","D_frontier","5","51586000","52323700","66590500","1013800","4483300","38062000","0","38200","7623200","32000032","3","0"
"i64","crossing","1000000","1","D_sorted_append_frontier","5","51565000","52458800","60092700","1005300","4162200","38132000","0","38300","8070700","32000032","3","0"
"i64","crossing","1000000","1","production","5","51271900","52035600","67395100",,,,,,,"32000032","3","0"
"i64","crossing","3000000","1","A_packed_fenwick","5","1068498300","1107618700","1301757900","2798600","13102900","135000200","661226700","0","278803100","120000008","4","0"
"i64","crossing","3000000","1","D_append_frontier","5","183606100","197205900","210577100","2767900","13203000","137923100","0","39900","35833800","96000032","3","0"
"i64","crossing","3000000","1","D_frontier","5","182001000","188488500","196577200","2845200","13030900","129037000","0","38600","35656900","96000032","3","0"
"i64","crossing","3000000","1","D_sorted_append_frontier","5","182224900","187192200","191616500","2713800","12811200","128813700","0","39700","37229600","96000032","3","0"
"i64","crossing","3000000","1","production","5","178792400","181919500","188331700",,,,,,,"96000032","3","0"
"i64","dense","1000000","1","A_packed_fenwick","5","112274300","115405800","132134000","965800","4141900","56367700","28578600","0","24871600","40000000","4","1219"
"i64","dense","1000000","1","D_append_frontier","5","75679500","76656800","81759600","1029000","4173500","56145700","0","38200","13807500","32016384","12","1219"
"i64","dense","1000000","1","D_frontier","5","76076000","76728700","77359600","1000500","4215700","56627900","0","37900","13801300","32016384","12","1219"
"i64","dense","1000000","1","D_sorted_append_frontier","5","76294900","76347000","79998400","1008200","4115300","56487200","0","38000","13846000","32016384","12","1219"
"i64","dense","1000000","1","production","5","75760500","76295000","77328200",,,,,,,"32016384","12","1219"
"i64","dense","3000000","1","A_packed_fenwick","5","357882600","378761900","513085600","2815700","13229800","199635800","86750600","0","61725300","120000000","4","1348"
"i64","dense","3000000","1","D_append_frontier","5","248090000","249211100","253761300","2732600","12922200","194453400","0","38500","37338900","96016384","12","1348"
"i64","dense","3000000","1","D_frontier","5","248240800","255812600","280238200","2888600","12883200","196939900","0","31300","37643000","96016384","12","1348"
"i64","dense","3000000","1","D_sorted_append_frontier","5","252749600","261198500","306995900","2635700","13020300","199830300","0","40000","42177400","96016384","12","1348"
"i64","dense","3000000","1","production","5","245564900","252109700","260734400",,,,,,,"96016384","12","1348"
"i64","depth_4","1000000","1","A_packed_fenwick","5","187069700","189557900","214896400","1016700","4282000","37886100","96383200","0","48110500","40000008","4","4"
"i64","depth_4","1000000","1","D_append_frontier","5","56041000","58407700","60545400","1012300","4121000","38269900","0","34600","12261800","32000064","4","4"
"i64","depth_4","1000000","1","D_frontier","5","56120100","56218500","56515100","1089500","4124400","37867300","0","36600","12128300","32000064","4","4"
"i64","depth_4","1000000","1","D_sorted_append_frontier","5","56153800","56552800","58316600","1037400","4163000","38069300","0","35700","12291600","32000064","4","4"
"i64","depth_4","1000000","1","production","5","55765700","55890100","75618100",,,,,,,"32000064","4","4"
"i64","depth_4","3000000","1","A_packed_fenwick","5","1316491200","1426281900","1478778500","2746700","13343800","131907000","951991800","0","306982000","120000008","4","4"
"i64","depth_4","3000000","1","D_append_frontier","5","190501500","194588700","251490000","2761500","12871900","130510500","0","36500","44315100","96000064","4","4"
"i64","depth_4","3000000","1","D_frontier","5","190531100","194689400","206685900","2833300","13294600","130653200","0","34100","45011300","96000064","4","4"
"i64","depth_4","3000000","1","D_sorted_append_frontier","5","190751000","197543100","211658000","2796700","13301600","133648600","0","35100","44976900","96000064","4","4"
"i64","depth_4","3000000","1","production","5","189195300","199339500","201655400",,,,,,,"96000064","4","4"
"i64","equal_ends","1000000","1","A_packed_fenwick","5","59498600","60268500","68792800","1002800","4117100","37736000","4673400","0","11803400","40000000","4","999999"
"i64","equal_ends","1000000","1","D_append_frontier","5","55088200","56134900","61016000","1063600","4134100","38020100","0","35200","11108100","40388608","21","999999"
"i64","equal_ends","1000000","1","D_frontier","5","94675400","96478900","117057300","1049000","4310300","38150400","0","38800","51260500","40388608","21","999999"
"i64","equal_ends","1000000","1","D_sorted_append_frontier","5","55043900","56373500","81400200","1037400","4451400","37913900","0","38500","11174300","40388608","21","999999"
"i64","equal_ends","1000000","1","production","5","54556100","54752000","57870200",,,,,,,"40388608","21","999999"
"i64","equal_ends","3000000","1","A_packed_fenwick","5","248597600","250346200","256576700","2754000","12667900","127815300","13287300","0","90933200","120000000","4","2999999"
"i64","equal_ends","3000000","1","D_append_frontier","5","195691600","221783900","225350400","2875100","12759000","141927300","0","42500","52060800","129554432","23","2999999"
"i64","equal_ends","3000000","1","D_frontier","5","330169400","333977100","346559100","2896400","12764700","129429400","0","32300","186911100","129554432","23","2999999"
"i64","equal_ends","3000000","1","D_sorted_append_frontier","5","197136700","202454700","226797400","2713300","12765900","132930600","0","39900","50079500","129554432","23","2999999"
"i64","equal_ends","3000000","1","production","5","194841700","195557100","202969100",,,,,,,"129554432","23","2999999"
"i64","nearly","1000000","1","A_packed_fenwick","5","84944600","86284200","89200500","998600","4191100","39298200","27138800","0","13074900","40000000","4","1219"
"i64","nearly","1000000","1","D_append_frontier","5","56764600","57061200","61944400","974000","4096200","39412700","0","38200","11498700","32016384","12","1219"
"i64","nearly","1000000","1","D_frontier","5","56704900","57102000","75146400","963300","4218100","39338900","0","37800","11589600","32016384","12","1219"
"i64","nearly","1000000","1","D_sorted_append_frontier","5","56566100","57156200","58145500","959100","4155300","39506800","0","38100","11547700","32016384","12","1219"
"i64","nearly","1000000","1","production","5","56226900","57273100","61845400",,,,,,,"32016384","12","1219"
"i64","nearly","3000000","1","A_packed_fenwick","5","252530500","274604400","299982600","2954700","12784000","152380800","80999400","0","20349400","120000000","4","1348"
"i64","nearly","3000000","1","D_append_frontier","5","162494600","165536600","175050700","2989800","12877500","130728500","0","37500","16389800","96016384","12","1348"
"i64","nearly","3000000","1","D_frontier","5","162831900","165086800","193179200","2861000","12724500","130390000","0","36500","16432600","96016384","12","1348"
"i64","nearly","3000000","1","D_sorted_append_frontier","5","162487400","163112600","165981600","2844500","12867000","128429500","0","38800","16284400","96016384","12","1348"
"i64","nearly","3000000","1","production","5","161824000","166754300","168528800",,,,,,,"96016384","12","1348"
"i64","reverse","1000000","1","A_packed_fenwick","5","90408800","90864100","96189000","947100","4142600","44827300","27131600","0","12802900","40000000","4","1219"
"i64","reverse","1000000","1","D_append_frontier","5","62922100","63120500","66914900","944300","4138700","44540100","0","38800","12444500","32016384","12","1219"
"i64","reverse","1000000","1","D_frontier","5","62866100","63318800","63725300","971900","4119800","44762600","0","36700","12469900","32016384","12","1219"
"i64","reverse","1000000","1","D_sorted_append_frontier","5","62994100","63546600","72900000","941200","4126000","45036800","0","37400","12483000","32016384","12","1219"
"i64","reverse","1000000","1","production","5","62556900","63040500","64329600",,,,,,,"32016384","12","1219"
"i64","reverse","3000000","1","A_packed_fenwick","5","271109200","275519500","337523800","2821100","13006300","152508400","81749700","0","20433200","120000000","4","1348"
"i64","reverse","3000000","1","D_append_frontier","5","191556400","198975100","200271000","2899600","13308900","156720600","0","38500","19602900","96016384","12","1348"
"i64","reverse","3000000","1","D_frontier","5","189964600","194113400","217499100","2848200","12852800","154410900","0","37500","20274700","96016384","12","1348"
"i64","reverse","3000000","1","D_sorted_append_frontier","5","188963900","194406200","207169500","2904200","13691500","155291200","0","38600","19867400","96016384","12","1348"
"i64","reverse","3000000","1","production","5","188171700","189298900","196697900",,,,,,,"96016384","12","1348"
"i64","shuffled","1000000","1","A_packed_fenwick","5","108580600","110784700","122013000","1058700","4198300","56082700","29293900","0","18375700","40000000","4","1219"
"i64","shuffled","1000000","1","D_append_frontier","5","76145000","76654700","79315900","1021900","4166900","56753000","0","33400","13794600","32016384","12","1219"
"i64","shuffled","1000000","1","D_frontier","5","76029800","77553700","78543100","1020500","4257000","56781000","0","34800","13830300","32016384","12","1219"
"i64","shuffled","1000000","1","D_sorted_append_frontier","5","75658700","76773900","81946000","1087700","4224400","56269000","0","37700","13781600","32016384","12","1219"
"i64","shuffled","1000000","1","production","5","75428500","76163200","80500300",,,,,,,"32016384","12","1219"
"i64","shuffled","3000000","1","A_packed_fenwick","5","354853400","356920500","397239100","2681900","13168700","194245200","85536100","0","58912900","120000000","4","1348"
"i64","shuffled","3000000","1","D_append_frontier","5","246885800","247706800","252220000","2620600","12789700","192611400","0","33300","37131100","96016384","12","1348"
"i64","shuffled","3000000","1","D_frontier","5","250723600","252502600","254513200","2764000","12817400","193132200","0","35500","40483400","96016384","12","1348"
"i64","shuffled","3000000","1","D_sorted_append_frontier","5","248194400","248756200","267786800","2588400","12686600","192193600","0","34100","38463600","96016384","12","1348"
"i64","shuffled","3000000","1","production","5","246080000","253779000","274835400",,,,,,,"96016384","12","1348"
"i64","sorted","1000000","1","A_packed_fenwick","5","49039100","49169200","49440700","949800","4175400","3555800","26753500","0","12856200","40000000","4","1219"
"i64","sorted","1000000","1","D_append_frontier","5","20999400","21041500","22501300","969500","4108300","3569800","0","36200","11417900","32016384","12","1219"
"i64","sorted","1000000","1","D_frontier","5","20965300","21036800","21135200","969100","4079100","3515400","0","36000","11475900","32016384","12","1219"
"i64","sorted","1000000","1","D_sorted_append_frontier","5","21132300","21230600","21644700","992500","4190900","3649100","0","36800","11466100","32016384","12","1219"
"i64","sorted","1000000","1","production","5","20762500","20919600","21711900",,,,,,,"32016384","12","1219"
"i64","sorted","3000000","1","A_packed_fenwick","5","125612100","126982700","140165700","2899300","12776300","7090100","81267800","0","20362200","120000000","4","1348"
"i64","sorted","3000000","1","D_append_frontier","5","41601800","42441000","42993100","2826500","13183500","7133500","0","40700","16364000","96016384","12","1348"
"i64","sorted","3000000","1","D_frontier","5","41562100","41814800","45268000","2850000","12784000","7095700","0","42700","16337700","96016384","12","1348"
"i64","sorted","3000000","1","D_sorted_append_frontier","5","41889500","42330900","44980900","2864800","13046900","7445400","0","41100","16249900","96016384","12","1348"
"i64","sorted","3000000","1","production","5","40494600","40649800","45580600",,,,,,,"96016384","12","1348"
