"run","family","order","weights","n","before_ns","after_ns","ratio","before_min","before_max","after_min","after_max"
"1","disjoint","finish_sorted","mixed","1000","7500","7400","0.9866666666666667","7300","7900","7300","7700"
"1","disjoint","finish_sorted","mixed","100000","1344300","1408800","1.047980361526445","1327100","1370300","1372300","1505400"
"1","disjoint","finish_sorted","mixed","1000000","15010100","15516000","1.03370397265841","14545500","15987400","14986800","15761700"
"1","disjoint","finish_sorted","positive","1000","11700","11800","1.0085470085470085","11700","11800","11600","12200"
"1","disjoint","finish_sorted","positive","100000","1921000","1897400","0.9877147319104633","1903500","2146100","1854200","1985700"
"1","disjoint","finish_sorted","positive","1000000","21414300","22291400","1.0409586117687712","21300200","22765000","21164800","23569600"
"1","disjoint","shuffled","mixed","1000","15800","16000","1.0126582278481013","15700","16600","15800","16600"
"1","disjoint","shuffled","mixed","100000","2911600","2976400","1.022255804368732","2866300","3126000","2855000","3217700"
"1","disjoint","shuffled","mixed","1000000","51566000","50562900","0.9805472598223636","50134400","53088200","48799900","51987300"
"1","disjoint","shuffled","positive","1000","28200","27900","0.9893617021276596","27900","28500","27800","60000"
"1","disjoint","shuffled","positive","100000","5351000","5308400","0.9920388712390208","5190000","5601000","5235100","5704800"
"1","disjoint","shuffled","positive","1000000","99211800","101043900","1.0184665533736914","87327600","110563900","90513800","114557400"
"1","moderate128","finish_sorted","mixed","1000","7000","7300","1.042857142857143","6500","7500","6600","8100"
"1","moderate128","finish_sorted","mixed","100000","1555900","1671600","1.0743621055337746","1537700","1587800","1643500","1751300"
"1","moderate128","finish_sorted","mixed","1000000","16267800","16299300","1.0019363405008668","16025400","16492100","16078800","16621700"
"1","moderate128","finish_sorted","positive","1000","9700","10000","1.0309278350515463","9600","9800","9900","10100"
"1","moderate128","finish_sorted","positive","100000","1759200","1751800","0.995793542519327","1701400","1811400","1727700","1806900"
"1","moderate128","finish_sorted","positive","1000000","19967400","19747200","0.9889720243997716","19615800","20108000","19671700","19949800"
"1","moderate128","shuffled","mixed","1000","13900","13700","0.9856115107913669","13500","14500","13500","14700"
"1","moderate128","shuffled","mixed","100000","3301600","3282500","0.9942149260964381","3015600","3385300","3138900","3293400"
"1","moderate128","shuffled","mixed","1000000","55596900","53558000","0.9633270919781498","51827600","62471100","51473700","63926300"
"1","moderate128","shuffled","positive","1000","25700","25400","0.9883268482490273","25400","38400","25300","25600"
"1","moderate128","shuffled","positive","100000","5573000","5426500","0.9737125426161852","5375000","5758100","5261200","5611900"
"1","moderate128","shuffled","positive","1000000","88878300","87693900","0.9866739125298302","85380100","90688800","85528300","91536000"
"1","random_lengths","finish_sorted","mixed","1000","21100","20100","0.95260663507109","19600","22700","19900","22100"
"1","random_lengths","finish_sorted","mixed","100000","4019700","3881800","0.9656939572604921","3870300","4090100","3795500","4008600"
"1","random_lengths","finish_sorted","mixed","1000000","59813600","60340700","1.0088123771182473","59651700","61222900","59889600","60773400"
"1","random_lengths","finish_sorted","positive","1000","39400","39200","0.9949238578680203","38900","41100","38700","39600"
"1","random_lengths","finish_sorted","positive","100000","8269100","7814300","0.9450000604660724","7809100","8673900","7755200","8075500"
"1","random_lengths","finish_sorted","positive","1000000","120958500","119962900","0.9917690778242124","118776500","123364000","119224900","121515600"
"1","random_lengths","shuffled","mixed","1000","29300","28700","0.9795221843003413","28500","30600","28000","29000"
"1","random_lengths","shuffled","mixed","100000","6159700","6313400","1.0249525139211326","6116100","6475700","6255700","6756800"
"1","random_lengths","shuffled","mixed","1000000","120923900","123890500","1.024532784668705","119851800","125111900","120485600","130072500"
"1","random_lengths","shuffled","positive","1000","57000","56100","0.9842105263157894","56700","57900","55900","57900"
"1","random_lengths","shuffled","positive","100000","13665100","13602200","0.9953970333184535","13229600","14170200","13374200","14097100"
"1","random_lengths","shuffled","positive","1000000","310849100","306884300","0.987245258229797","277388900","364105600","285925700","340372400"
"2","disjoint","finish_sorted","mixed","1000","7200","7400","1.0277777777777777","7100","7900","7200","7700"
"2","disjoint","finish_sorted","mixed","100000","1411800","1462600","1.035982433772489","1369300","1466300","1359900","1502400"
"2","disjoint","finish_sorted","mixed","1000000","14939100","14578700","0.9758753874062025","14647800","15890200","14199100","14876500"
"2","disjoint","finish_sorted","positive","1000","11600","11600","1","11500","14300","11500","14200"
"2","disjoint","finish_sorted","positive","100000","1955600","1900100","0.971619963182655","1893700","2020400","1835600","2227000"
"2","disjoint","finish_sorted","positive","1000000","21676100","22222800","1.0252213267146766","20730200","22708600","20888600","24135800"
"2","disjoint","shuffled","mixed","1000","15400","15600","1.0129870129870129","15100","16400","15200","18000"
"2","disjoint","shuffled","mixed","100000","2927900","2865000","0.9785170258547081","2875200","3042900","2817700","3040200"
"2","disjoint","shuffled","mixed","1000000","53579900","55224400","1.0306924798291897","52683300","55043400","53181900","59689700"
"2","disjoint","shuffled","positive","1000","27700","27200","0.9819494584837545","27500","27900","27100","27900"
"2","disjoint","shuffled","positive","100000","5392300","5459000","1.0123694898280882","5185900","5958100","5121000","5714700"
"2","disjoint","shuffled","positive","1000000","91067600","91581800","1.0056463550153951","87669400","99057800","89619000","93536900"
"2","moderate128","finish_sorted","mixed","1000","6100","6700","1.098360655737705","5900","7300","6400","7300"
"2","moderate128","finish_sorted","mixed","100000","1511100","1598300","1.0577063066640195","1480200","1546900","1563300","1627400"
"2","moderate128","finish_sorted","mixed","1000000","16373900","16403900","1.0018321841467213","15963700","16515400","16044700","16854500"
"2","moderate128","finish_sorted","positive","1000","9500","9800","1.0315789473684212","9500","9500","9700","9800"
"2","moderate128","finish_sorted","positive","100000","1761700","1760400","0.9992620764034739","1692500","2016400","1704000","1817000"
"2","moderate128","finish_sorted","positive","1000000","19696800","19551600","0.9926282441817961","19151500","20144700","19196000","19737700"
"2","moderate128","shuffled","mixed","1000","13600","13400","0.9852941176470589","13100","13900","13200","18700"
"2","moderate128","shuffled","mixed","100000","3099500","3198000","1.0317793192450395","3020800","3212500","2988500","3522900"
"2","moderate128","shuffled","mixed","1000000","66486800","67005100","1.0077955323462702","65234200","75675100","63958900","71492200"
"2","moderate128","shuffled","positive","1000","25100","25100","1","25000","25500","24800","25600"
"2","moderate128","shuffled","positive","100000","5187900","4961500","0.9563599915187263","4826400","5482400","4683500","5196100"
"2","moderate128","shuffled","positive","1000000","97274200","98052700","1.0080031498588526","93995800","114146900","94790900","103139200"
"2","random_lengths","finish_sorted","mixed","1000","21500","20000","0.9302325581395349","19400","22000","19500","22100"
"2","random_lengths","finish_sorted","mixed","100000","3888000","4007700","1.0307870370370371","3866700","4065300","3901800","4051800"
"2","random_lengths","finish_sorted","mixed","1000000","61070500","61016400","0.9991141385775456","59672600","61661100","59710000","62241200"
"2","random_lengths","finish_sorted","positive","1000","39200","39100","0.9974489795918368","38700","41100","38400","39400"
"2","random_lengths","finish_sorted","positive","100000","7668400","7341300","0.9573444264774921","7209700","7830200","7188900","7549600"
"2","random_lengths","finish_sorted","positive","1000000","121446600","119227400","0.9817269483048516","117883000","123518500","117641400","122154400"
"2","random_lengths","shuffled","mixed","1000","28600","27700","0.9685314685314685","27900","29600","27300","28000"
"2","random_lengths","shuffled","mixed","100000","6611600","6601900","0.9985328816020328","6333500","6705300","6198500","6711100"
"2","random_lengths","shuffled","mixed","1000000","129228500","132182100","1.0228556394293828","124132200","130228100","130781500","136317200"
"2","random_lengths","shuffled","positive","1000","57000","55600","0.9754385964912281","56400","61500","55300","57500"
"2","random_lengths","shuffled","positive","100000","12485000","12570700","1.0068642370845013","12207600","13061300","12178000","13096900"
"2","random_lengths","shuffled","positive","1000000","269448800","271071600","1.00602266553052","264454900","329575700","266833000","295211100"
