"dtype","scenario","n","variant","samples","min_ns","median_ns","max_ns","peak_bytes","allocations"
"i32","broad","1000","after","9","52600","53100","58100","32008","4"
"i32","broad","1000","before","9","51500","52500","57000","36008","4"
"i32","broad","100000","after","9","7568500","7637300","7818200","3200008","4"
"i32","broad","100000","before","9","7339300","7621100","7697000","3600008","4"
"i32","broad","1000000","after","9","105892800","107621300","110842500","32000008","4"
"i32","broad","1000000","before","9","104994600","107726700","109878900","36000008","4"
"i32","crossing","1000","after","9","32500","33200","33700","32008","4"
"i32","crossing","1000","before","9","31700","32500","37000","36008","4"
"i32","crossing","100000","after","9","4021700","4155500","4223900","3200008","4"
"i32","crossing","100000","before","9","4093400","4220700","4299000","3600008","4"
"i32","crossing","1000000","after","9","64636400","65857800","67319400","32000008","4"
"i32","crossing","1000000","before","9","64290600","65243900","66357400","36000008","4"
"i32","dense","1000","after","9","69000","71400","81000","29648","4"
"i32","dense","1000","before","9","67600","70400","79100","33648","4"
"i32","dense","100000","after","9","8214300","8415400","9044000","2800000","4"
"i32","dense","100000","before","9","8267500","8356100","8496000","2812752","4"
"i32","dense","1000000","after","9","94926100","105945400","120608200","28000000","4"
"i32","dense","1000000","before","9","94671500","106922100","120679500","28012776","4"
"i32","disjoint","1000","after","9","31200","31900","32500","32008","4"
"i32","disjoint","1000","before","9","30900","31600","45100","36008","4"
"i32","disjoint","100000","after","9","4182400","4232300","4408000","3200008","4"
"i32","disjoint","100000","before","9","4187000","4253300","4454400","3600008","4"
"i32","disjoint","1000000","after","9","65294700","67140800","73482100","32000008","4"
"i32","disjoint","1000000","before","9","64809900","66899800","70769200","36000008","4"
"i32","duplicates","1000","after","9","15100","15400","17400","28000","4"
"i32","duplicates","1000","before","9","15500","16200","19000","28016","4"
"i32","duplicates","100000","after","9","952600","1014300","1147700","2800000","4"
"i32","duplicates","100000","before","9","1000800","1053000","1182800","2800016","4"
"i32","duplicates","1000000","after","9","12819600","13406100","13920300","28000000","4"
"i32","duplicates","1000000","before","9","13292800","13836400","14554600","28000016","4"
"i32","empty","1000","after","9","46200","46800","51000","28000","4"
"i32","empty","1000","before","9","45600","46200","47200","28520","4"
"i32","empty","100000","after","9","5939400","6063700","6174700","2800000","4"
"i32","empty","100000","before","9","5945300","6023500","6341700","2800520","4"
"i32","empty","1000000","after","9","64711500","65318100","66711600","28000000","4"
"i32","empty","1000000","before","9","64515200","65472200","66947500","28000520","4"
"i32","equal_ends","1000","after","9","15400","15900","20000","28000","4"
"i32","equal_ends","1000","before","9","15300","15900","16200","28016","4"
"i32","equal_ends","100000","after","9","948800","1005200","1106400","2800000","4"
"i32","equal_ends","100000","before","9","966800","1007100","1091600","2800016","4"
"i32","equal_ends","1000000","after","9","11368900","11902900","12183900","28000000","4"
"i32","equal_ends","1000000","before","9","11824300","12059000","12631400","28000016","4"
"i32","equal_starts","1000","after","9","33400","33900","34500","32008","4"
"i32","equal_starts","1000","before","9","32100","32900","33500","36008","4"
"i32","equal_starts","100000","after","9","4244900","4296700","4397700","3200008","4"
"i32","equal_starts","100000","before","9","3996700","4118600","4204600","3600008","4"
"i32","equal_starts","1000000","after","9","52767800","53555400","55520100","32000008","4"
"i32","equal_starts","1000000","before","9","50602000","51420700","54401700","36000008","4"
"i32","mixed","1000","after","9","48300","49500","63900","28000","4"
"i32","mixed","1000","before","9","48100","49000","108600","28552","4"
"i32","mixed","100000","after","9","7158200","7348400","7680700","2800000","4"
"i32","mixed","100000","before","9","7194500","7413600","7703400","2800552","4"
"i32","mixed","1000000","after","9","76252300","77868600","79863700","28000000","4"
"i32","mixed","1000000","before","9","76555200","78659900","79658600","28000552","4"
"i32","nested","1000","after","9","35100","35900","68600","32008","4"
"i32","nested","1000","before","9","33100","34800","40500","36008","4"
"i32","nested","100000","after","9","4266300","4400300","4515800","3200008","4"
"i32","nested","100000","before","9","4103000","4288400","4471900","3600008","4"
"i32","nested","1000000","after","9","64999200","66011800","66986300","32000008","4"
"i32","nested","1000000","before","9","64809900","65397600","67584500","36000008","4"
"i32","reverse","1000","after","9","31400","32400","32700","32008","4"
"i32","reverse","1000","before","9","31000","31300","38700","36008","4"
"i32","reverse","100000","after","9","4092300","4223700","4571100","3200008","4"
"i32","reverse","100000","before","9","4025400","4264800","4547700","3600008","4"
"i32","reverse","1000000","after","9","65479600","66810600","68950700","32000008","4"
"i32","reverse","1000000","before","9","65204300","66630900","68213400","36000008","4"
"i32","shuffled","1000","after","9","55100","56300","60500","32008","4"
"i32","shuffled","1000","before","9","54300","55100","56000","36008","4"
"i32","shuffled","100000","after","9","8914400","9437000","9769400","3200008","4"
"i32","shuffled","100000","before","9","8912000","9397600","9970500","3600008","4"
"i32","shuffled","1000000","after","9","151534100","160095700","171931100","32000008","4"
"i32","shuffled","1000000","before","9","151087800","158154800","172394000","36000008","4"
"i32","sorted","1000","after","9","33700","34400","35800","32008","4"
"i32","sorted","1000","before","9","32900","33600","34700","36008","4"
"i32","sorted","100000","after","9","4176700","4290500","4738300","3200008","4"
"i32","sorted","100000","before","9","4231700","4400300","5956700","3600008","4"
"i32","sorted","1000000","after","9","64590500","66609100","67800200","32000008","4"
"i32","sorted","1000000","before","9","64195700","65852900","67078500","36000008","4"
"i32","sparse","1000","after","9","58400","60100","62600","31016","4"
"i32","sparse","1000","before","9","56800","57800","62300","35016","4"
"i32","sparse","100000","after","9","10494900","11060500","11748700","3107736","4"
"i32","sparse","100000","before","9","10245100","10894300","11799300","3507736","4"
"i32","sparse","1000000","after","9","159356600","166434200","181108800","31079528","4"
"i32","sparse","1000000","before","9","156683700","165993900","209174900","35079528","4"
"i64","broad","1000","after","9","56700","58800","62700","40008","4"
"i64","broad","1000","before","9","58200","60900","63000","48008","4"
"i64","broad","100000","after","9","7983400","8077800","8421700","4000008","4"
"i64","broad","100000","before","9","8377600","8534900","8782700","4800008","4"
"i64","broad","1000000","after","9","118291400","122167000","124723800","40000008","4"
"i64","broad","1000000","before","9","116969300","123044900","126066100","48000008","4"
"i64","crossing","1000","after","9","35900","36500","38500","40008","4"
"i64","crossing","1000","before","9","38100","39400","47600","48008","4"
"i64","crossing","100000","after","9","4683800","4757200","4805100","4000008","4"
"i64","crossing","100000","before","9","4664200","4792400","4965100","4800008","4"
"i64","crossing","1000000","after","9","69515700","70355600","73407100","40000008","4"
"i64","crossing","1000000","before","9","69053100","70090200","72845300","48000008","4"
"i64","dense","1000","after","9","80800","81200","87400","40000","4"
"i64","dense","1000","before","9","79100","80800","85700","45648","4"
"i64","dense","100000","after","9","9309400","9552300","9920500","4000000","4"
"i64","dense","100000","before","9","9249600","9645200","9978900","4012752","4"
"i64","dense","1000000","after","9","106199900","108803000","118930300","40000000","4"
"i64","dense","1000000","before","9","104292700","108128200","113359500","40012776","4"
"i64","disjoint","1000","after","9","34700","35200","35700","40008","4"
"i64","disjoint","1000","before","9","34200","34800","68800","48008","4"
"i64","disjoint","100000","after","9","4541500","4686300","5176000","4000008","4"
"i64","disjoint","100000","before","9","4480500","4782400","4822400","4800008","4"
"i64","disjoint","1000000","after","9","71039000","73653700","79971600","40000008","4"
"i64","disjoint","1000000","before","9","69809500","72573000","75056400","48000008","4"
"i64","duplicates","1000","after","9","19900","20400","24600","40000","4"
"i64","duplicates","1000","before","9","19900","20300","20600","40016","4"
"i64","duplicates","100000","after","9","1250600","1311400","1479900","4000000","4"
"i64","duplicates","100000","before","9","1205300","1228900","1321100","4000016","4"
"i64","duplicates","1000000","after","9","17136700","17549700","18372400","40000000","4"
"i64","duplicates","1000000","before","9","16968000","17247900","17936800","40000016","4"
"i64","empty","1000","after","9","55300","55900","58000","40000","4"
"i64","empty","1000","before","9","54500","56000","58600","40520","4"
"i64","empty","100000","after","9","6796900","6878700","6999200","4000000","4"
"i64","empty","100000","before","9","6800900","6979400","7213300","4000520","4"
"i64","empty","1000000","after","9","76169600","77236300","80998800","40000000","4"
"i64","empty","1000000","before","9","76373300","76725500","83005000","40000520","4"
"i64","equal_ends","1000","after","9","22600","23100","23700","40000","4"
"i64","equal_ends","1000","before","9","22400","22700","23600","40016","4"
"i64","equal_ends","100000","after","9","1235500","1331500","1519000","4000000","4"
"i64","equal_ends","100000","before","9","1210700","1244600","1363800","4000016","4"
"i64","equal_ends","1000000","after","9","16089600","16261200","16887700","40000000","4"
"i64","equal_ends","1000000","before","9","15658500","16047700","16455700","40000016","4"
"i64","equal_starts","1000","after","9","36500","36800","38500","40008","4"
"i64","equal_starts","1000","before","9","39400","39700","40900","48008","4"
"i64","equal_starts","100000","after","9","4468800","4555700","4723700","4000008","4"
"i64","equal_starts","100000","before","9","4339800","4430900","4688200","4800008","4"
"i64","equal_starts","1000000","after","9","56715500","57796800","61667400","40000008","4"
"i64","equal_starts","1000000","before","9","55512000","56432500","60992000","48000008","4"
"i64","mixed","1000","after","9","55700","57900","60600","40000","4"
"i64","mixed","1000","before","9","55000","58300","71400","40552","4"
"i64","mixed","100000","after","9","8155200","8519300","8747100","4000000","4"
"i64","mixed","100000","before","9","8286400","8608400","8770900","4000552","4"
"i64","mixed","1000000","after","9","88211900","91007600","96567500","40000000","4"
"i64","mixed","1000000","before","9","88409100","90046000","92955800","40000552","4"
"i64","nested","1000","after","9","35300","36100","40500","40008","4"
"i64","nested","1000","before","9","38200","39500","41300","48008","4"
"i64","nested","100000","after","9","4779300","4995700","5095100","4000008","4"
"i64","nested","100000","before","9","4785900","4843200","5153900","4800008","4"
"i64","nested","1000000","after","9","70647400","71766100","74229200","40000008","4"
"i64","nested","1000000","before","9","70818300","71436000","73782200","48000008","4"
"i64","reverse","1000","after","9","35700","36300","38800","40008","4"
"i64","reverse","1000","before","9","37500","38600","49800","48008","4"
"i64","reverse","100000","after","9","4385000","4532400","4716500","4000008","4"
"i64","reverse","100000","before","9","4444700","4611800","4858200","4800008","4"
"i64","reverse","1000000","after","9","72142000","73115700","75091700","40000008","4"
"i64","reverse","1000000","before","9","72139900","73616100","76859700","48000008","4"
"i64","shuffled","1000","after","9","58100","62200","65500","40008","4"
"i64","shuffled","1000","before","9","61400","65200","75400","48008","4"
"i64","shuffled","100000","after","9","10479200","11341800","14025700","4000008","4"
"i64","shuffled","100000","before","9","10829800","11490200","14586500","4800008","4"
"i64","shuffled","1000000","after","9","171521700","179425800","220249600","40000008","4"
"i64","shuffled","1000000","before","9","174449500","183635600","207180000","48000008","4"
"i64","sorted","1000","after","9","36100","37100","40900","40008","4"
"i64","sorted","1000","before","9","39500","40100","49600","48008","4"
"i64","sorted","100000","after","9","4551700","4613100","4803800","4000008","4"
"i64","sorted","100000","before","9","4711200","4807700","5133100","4800008","4"
"i64","sorted","1000000","after","9","67994200","68991900","71074000","40000008","4"
"i64","sorted","1000000","before","9","68457800","68998100","70951500","48000008","4"
"i64","sparse","1000","after","9","62700","63400","67100","40000","4"
"i64","sparse","1000","before","9","63000","64200","70400","47016","4"
"i64","sparse","100000","after","9","11807700","11953500","12146500","4000000","4"
"i64","sparse","100000","before","9","11382600","11748100","12055100","4707736","4"
"i64","sparse","1000000","after","9","183183400","186113600","205296300","40000000","4"
"i64","sparse","1000000","before","9","182257700","185995000","216053700","47079528","4"
