family,order,seed,scope,dtype,weights,operation,method,n,sample,ns,objective
disjoint,sorted,7,lazy_complete,i64,positive,assign_lanes,production,1000,0,367100,1
disjoint,sorted,7,lazy_complete,i64,positive,max_weight_non_overlapping,production,1000,0,208500,49385
disjoint,sorted,7,lazy_complete,i64,positive,max_weight_non_overlapping,production,1000,1,250500,49385
disjoint,sorted,7,lazy_complete,i64,positive,assign_lanes,production,1000,1,258200,1
disjoint,sorted,7,lazy_complete,i64,positive,assign_lanes,production,1000,2,288500,1
disjoint,sorted,7,lazy_complete,i64,positive,max_weight_non_overlapping,production,1000,2,274200,49385
disjoint,sorted,7,lazy_complete,i64,positive,max_weight_non_overlapping,production,1000,3,260500,49385
disjoint,sorted,7,lazy_complete,i64,positive,assign_lanes,production,1000,3,223400,1
disjoint,sorted,7,lazy_complete,i64,positive,assign_lanes,production,1000,4,199200,1
disjoint,sorted,7,lazy_complete,i64,positive,max_weight_non_overlapping,production,1000,4,214000,49385
disjoint,shuffled,7,lazy_complete,i64,positive,assign_lanes,production,1000,0,273800,1
disjoint,shuffled,7,lazy_complete,i64,positive,max_weight_non_overlapping,production,1000,0,306200,49385
disjoint,shuffled,7,lazy_complete,i64,positive,max_weight_non_overlapping,production,1000,1,241400,49385
disjoint,shuffled,7,lazy_complete,i64,positive,assign_lanes,production,1000,1,232100,1
disjoint,shuffled,7,lazy_complete,i64,positive,assign_lanes,production,1000,2,208500,1
disjoint,shuffled,7,lazy_complete,i64,positive,max_weight_non_overlapping,production,1000,2,256100,49385
disjoint,shuffled,7,lazy_complete,i64,positive,max_weight_non_overlapping,production,1000,3,256500,49385
disjoint,shuffled,7,lazy_complete,i64,positive,assign_lanes,production,1000,3,212200,1
disjoint,shuffled,7,lazy_complete,i64,positive,assign_lanes,production,1000,4,204500,1
disjoint,shuffled,7,lazy_complete,i64,positive,max_weight_non_overlapping,production,1000,4,212300,49385
moderate128,sorted,7,lazy_complete,i64,positive,assign_lanes,production,1000,0,222900,128
moderate128,sorted,7,lazy_complete,i64,positive,max_weight_non_overlapping,production,1000,0,235400,773
moderate128,sorted,7,lazy_complete,i64,positive,max_weight_non_overlapping,production,1000,1,342000,773
moderate128,sorted,7,lazy_complete,i64,positive,assign_lanes,production,1000,1,431000,128
moderate128,sorted,7,lazy_complete,i64,positive,assign_lanes,production,1000,2,192300,128
moderate128,sorted,7,lazy_complete,i64,positive,max_weight_non_overlapping,production,1000,2,204800,773
moderate128,sorted,7,lazy_complete,i64,positive,max_weight_non_overlapping,production,1000,3,304300,773
moderate128,sorted,7,lazy_complete,i64,positive,assign_lanes,production,1000,3,325000,128
moderate128,sorted,7,lazy_complete,i64,positive,assign_lanes,production,1000,4,207700,128
moderate128,sorted,7,lazy_complete,i64,positive,max_weight_non_overlapping,production,1000,4,271300,773
moderate128,shuffled,7,lazy_complete,i64,positive,assign_lanes,production,1000,0,206400,128
moderate128,shuffled,7,lazy_complete,i64,positive,max_weight_non_overlapping,production,1000,0,281400,773
moderate128,shuffled,7,lazy_complete,i64,positive,max_weight_non_overlapping,production,1000,1,373400,773
moderate128,shuffled,7,lazy_complete,i64,positive,assign_lanes,production,1000,1,218900,128
moderate128,shuffled,7,lazy_complete,i64,positive,assign_lanes,production,1000,2,230400,128
moderate128,shuffled,7,lazy_complete,i64,positive,max_weight_non_overlapping,production,1000,2,356800,773
moderate128,shuffled,7,lazy_complete,i64,positive,max_weight_non_overlapping,production,1000,3,508500,773
moderate128,shuffled,7,lazy_complete,i64,positive,assign_lanes,production,1000,3,333000,128
moderate128,shuffled,7,lazy_complete,i64,positive,assign_lanes,production,1000,4,404500,128
moderate128,shuffled,7,lazy_complete,i64,positive,max_weight_non_overlapping,production,1000,4,246200,773
nested,sorted,7,lazy_complete,i64,positive,assign_lanes,production,1000,0,207100,1000
nested,sorted,7,lazy_complete,i64,positive,max_weight_non_overlapping,production,1000,0,227700,100
nested,sorted,7,lazy_complete,i64,positive,max_weight_non_overlapping,production,1000,1,196300,100
nested,sorted,7,lazy_complete,i64,positive,assign_lanes,production,1000,1,205400,1000
nested,sorted,7,lazy_complete,i64,positive,assign_lanes,production,1000,2,193700,1000
nested,sorted,7,lazy_complete,i64,positive,max_weight_non_overlapping,production,1000,2,269400,100
nested,sorted,7,lazy_complete,i64,positive,max_weight_non_overlapping,production,1000,3,237900,100
nested,sorted,7,lazy_complete,i64,positive,assign_lanes,production,1000,3,199800,1000
nested,sorted,7,lazy_complete,i64,positive,assign_lanes,production,1000,4,183000,1000
nested,sorted,7,lazy_complete,i64,positive,max_weight_non_overlapping,production,1000,4,206000,100
nested,shuffled,7,lazy_complete,i64,positive,assign_lanes,production,1000,0,229900,1000
nested,shuffled,7,lazy_complete,i64,positive,max_weight_non_overlapping,production,1000,0,246700,100
nested,shuffled,7,lazy_complete,i64,positive,max_weight_non_overlapping,production,1000,1,257600,100
nested,shuffled,7,lazy_complete,i64,positive,assign_lanes,production,1000,1,227700,1000
nested,shuffled,7,lazy_complete,i64,positive,assign_lanes,production,1000,2,220100,1000
nested,shuffled,7,lazy_complete,i64,positive,max_weight_non_overlapping,production,1000,2,248300,100
nested,shuffled,7,lazy_complete,i64,positive,max_weight_non_overlapping,production,1000,3,234100,100
nested,shuffled,7,lazy_complete,i64,positive,assign_lanes,production,1000,3,210900,1000
nested,shuffled,7,lazy_complete,i64,positive,assign_lanes,production,1000,4,213700,1000
nested,shuffled,7,lazy_complete,i64,positive,max_weight_non_overlapping,production,1000,4,214000,100
random_lengths,sorted,7,lazy_complete,i64,positive,assign_lanes,production,1000,0,223500,71
random_lengths,sorted,7,lazy_complete,i64,positive,max_weight_non_overlapping,production,1000,0,281600,4672
random_lengths,sorted,7,lazy_complete,i64,positive,max_weight_non_overlapping,production,1000,1,256200,4672
random_lengths,sorted,7,lazy_complete,i64,positive,assign_lanes,production,1000,1,188100,71
random_lengths,sorted,7,lazy_complete,i64,positive,assign_lanes,production,1000,2,195000,71
random_lengths,sorted,7,lazy_complete,i64,positive,max_weight_non_overlapping,production,1000,2,241700,4672
random_lengths,sorted,7,lazy_complete,i64,positive,max_weight_non_overlapping,production,1000,3,242300,4672
random_lengths,sorted,7,lazy_complete,i64,positive,assign_lanes,production,1000,3,184500,71
random_lengths,sorted,7,lazy_complete,i64,positive,assign_lanes,production,1000,4,189900,71
random_lengths,sorted,7,lazy_complete,i64,positive,max_weight_non_overlapping,production,1000,4,250900,4672
random_lengths,shuffled,7,lazy_complete,i64,positive,assign_lanes,production,1000,0,204200,71
random_lengths,shuffled,7,lazy_complete,i64,positive,max_weight_non_overlapping,production,1000,0,276800,4672
random_lengths,shuffled,7,lazy_complete,i64,positive,max_weight_non_overlapping,production,1000,1,241600,4672
random_lengths,shuffled,7,lazy_complete,i64,positive,assign_lanes,production,1000,1,205200,71
random_lengths,shuffled,7,lazy_complete,i64,positive,assign_lanes,production,1000,2,215300,71
random_lengths,shuffled,7,lazy_complete,i64,positive,max_weight_non_overlapping,production,1000,2,239200,4672
random_lengths,shuffled,7,lazy_complete,i64,positive,max_weight_non_overlapping,production,1000,3,241400,4672
random_lengths,shuffled,7,lazy_complete,i64,positive,assign_lanes,production,1000,3,199000,71
random_lengths,shuffled,7,lazy_complete,i64,positive,assign_lanes,production,1000,4,203800,71
random_lengths,shuffled,7,lazy_complete,i64,positive,max_weight_non_overlapping,production,1000,4,237500,4672
disjoint,sorted,41,lazy_complete,i64,positive,assign_lanes,production,1000,0,188100,1
disjoint,sorted,41,lazy_complete,i64,positive,max_weight_non_overlapping,production,1000,0,215900,50894
disjoint,sorted,41,lazy_complete,i64,positive,max_weight_non_overlapping,production,1000,1,228700,50894
disjoint,sorted,41,lazy_complete,i64,positive,assign_lanes,production,1000,1,189800,1
disjoint,sorted,41,lazy_complete,i64,positive,assign_lanes,production,1000,2,175500,1
disjoint,sorted,41,lazy_complete,i64,positive,max_weight_non_overlapping,production,1000,2,248300,50894
disjoint,sorted,41,lazy_complete,i64,positive,max_weight_non_overlapping,production,1000,3,299600,50894
disjoint,sorted,41,lazy_complete,i64,positive,assign_lanes,production,1000,3,191800,1
disjoint,sorted,41,lazy_complete,i64,positive,assign_lanes,production,1000,4,170800,1
disjoint,sorted,41,lazy_complete,i64,positive,max_weight_non_overlapping,production,1000,4,192200,50894
disjoint,shuffled,41,lazy_complete,i64,positive,assign_lanes,production,1000,0,185000,1
disjoint,shuffled,41,lazy_complete,i64,positive,max_weight_non_overlapping,production,1000,0,244700,50894
disjoint,shuffled,41,lazy_complete,i64,positive,max_weight_non_overlapping,production,1000,1,228800,50894
disjoint,shuffled,41,lazy_complete,i64,positive,assign_lanes,production,1000,1,196200,1
disjoint,shuffled,41,lazy_complete,i64,positive,assign_lanes,production,1000,2,185200,1
disjoint,shuffled,41,lazy_complete,i64,positive,max_weight_non_overlapping,production,1000,2,204800,50894
disjoint,shuffled,41,lazy_complete,i64,positive,max_weight_non_overlapping,production,1000,3,214200,50894
disjoint,shuffled,41,lazy_complete,i64,positive,assign_lanes,production,1000,3,177000,1
disjoint,shuffled,41,lazy_complete,i64,positive,assign_lanes,production,1000,4,185000,1
disjoint,shuffled,41,lazy_complete,i64,positive,max_weight_non_overlapping,production,1000,4,207700,50894
moderate128,sorted,41,lazy_complete,i64,positive,assign_lanes,production,1000,0,219700,128
moderate128,sorted,41,lazy_complete,i64,positive,max_weight_non_overlapping,production,1000,0,192900,783
moderate128,sorted,41,lazy_complete,i64,positive,max_weight_non_overlapping,production,1000,1,217600,783
moderate128,sorted,41,lazy_complete,i64,positive,assign_lanes,production,1000,1,195000,128
moderate128,sorted,41,lazy_complete,i64,positive,assign_lanes,production,1000,2,187600,128
moderate128,sorted,41,lazy_complete,i64,positive,max_weight_non_overlapping,production,1000,2,183600,783
moderate128,sorted,41,lazy_complete,i64,positive,max_weight_non_overlapping,production,1000,3,196000,783
moderate128,sorted,41,lazy_complete,i64,positive,assign_lanes,production,1000,3,176100,128
moderate128,sorted,41,lazy_complete,i64,positive,assign_lanes,production,1000,4,184600,128
moderate128,sorted,41,lazy_complete,i64,positive,max_weight_non_overlapping,production,1000,4,183700,783
moderate128,shuffled,41,lazy_complete,i64,positive,assign_lanes,production,1000,0,214400,128
moderate128,shuffled,41,lazy_complete,i64,positive,max_weight_non_overlapping,production,1000,0,221300,783
moderate128,shuffled,41,lazy_complete,i64,positive,max_weight_non_overlapping,production,1000,1,206700,783
moderate128,shuffled,41,lazy_complete,i64,positive,assign_lanes,production,1000,1,271800,128
moderate128,shuffled,41,lazy_complete,i64,positive,assign_lanes,production,1000,2,205900,128
moderate128,shuffled,41,lazy_complete,i64,positive,max_weight_non_overlapping,production,1000,2,202500,783
moderate128,shuffled,41,lazy_complete,i64,positive,max_weight_non_overlapping,production,1000,3,207300,783
moderate128,shuffled,41,lazy_complete,i64,positive,assign_lanes,production,1000,3,193500,128
moderate128,shuffled,41,lazy_complete,i64,positive,assign_lanes,production,1000,4,202300,128
moderate128,shuffled,41,lazy_complete,i64,positive,max_weight_non_overlapping,production,1000,4,204700,783
nested,sorted,41,lazy_complete,i64,positive,assign_lanes,production,1000,0,182300,1000
nested,sorted,41,lazy_complete,i64,positive,max_weight_non_overlapping,production,1000,0,226100,100
nested,sorted,41,lazy_complete,i64,positive,max_weight_non_overlapping,production,1000,1,340800,100
nested,sorted,41,lazy_complete,i64,positive,assign_lanes,production,1000,1,341600,1000
nested,sorted,41,lazy_complete,i64,positive,assign_lanes,production,1000,2,203500,1000
nested,sorted,41,lazy_complete,i64,positive,max_weight_non_overlapping,production,1000,2,216700,100
nested,sorted,41,lazy_complete,i64,positive,max_weight_non_overlapping,production,1000,3,193400,100
nested,sorted,41,lazy_complete,i64,positive,assign_lanes,production,1000,3,174500,1000
nested,sorted,41,lazy_complete,i64,positive,assign_lanes,production,1000,4,181100,1000
nested,sorted,41,lazy_complete,i64,positive,max_weight_non_overlapping,production,1000,4,192200,100
nested,shuffled,41,lazy_complete,i64,positive,assign_lanes,production,1000,0,203100,1000
nested,shuffled,41,lazy_complete,i64,positive,max_weight_non_overlapping,production,1000,0,253600,100
nested,shuffled,41,lazy_complete,i64,positive,max_weight_non_overlapping,production,1000,1,224600,100
nested,shuffled,41,lazy_complete,i64,positive,assign_lanes,production,1000,1,235400,1000
nested,shuffled,41,lazy_complete,i64,positive,assign_lanes,production,1000,2,195000,1000
nested,shuffled,41,lazy_complete,i64,positive,max_weight_non_overlapping,production,1000,2,228700,100
nested,shuffled,41,lazy_complete,i64,positive,max_weight_non_overlapping,production,1000,3,227400,100
nested,shuffled,41,lazy_complete,i64,positive,assign_lanes,production,1000,3,213600,1000
nested,shuffled,41,lazy_complete,i64,positive,assign_lanes,production,1000,4,210500,1000
nested,shuffled,41,lazy_complete,i64,positive,max_weight_non_overlapping,production,1000,4,228100,100
random_lengths,sorted,41,lazy_complete,i64,positive,assign_lanes,production,1000,0,199200,74
random_lengths,sorted,41,lazy_complete,i64,positive,max_weight_non_overlapping,production,1000,0,275400,4819
random_lengths,sorted,41,lazy_complete,i64,positive,max_weight_non_overlapping,production,1000,1,244400,4819
random_lengths,sorted,41,lazy_complete,i64,positive,assign_lanes,production,1000,1,186100,74
random_lengths,sorted,41,lazy_complete,i64,positive,assign_lanes,production,1000,2,187300,74
random_lengths,sorted,41,lazy_complete,i64,positive,max_weight_non_overlapping,production,1000,2,255700,4819
random_lengths,sorted,41,lazy_complete,i64,positive,max_weight_non_overlapping,production,1000,3,275200,4819
random_lengths,sorted,41,lazy_complete,i64,positive,assign_lanes,production,1000,3,190000,74
random_lengths,sorted,41,lazy_complete,i64,positive,assign_lanes,production,1000,4,167700,74
random_lengths,sorted,41,lazy_complete,i64,positive,max_weight_non_overlapping,production,1000,4,236500,4819
random_lengths,shuffled,41,lazy_complete,i64,positive,assign_lanes,production,1000,0,276100,74
random_lengths,shuffled,41,lazy_complete,i64,positive,max_weight_non_overlapping,production,1000,0,270400,4819
random_lengths,shuffled,41,lazy_complete,i64,positive,max_weight_non_overlapping,production,1000,1,293800,4819
random_lengths,shuffled,41,lazy_complete,i64,positive,assign_lanes,production,1000,1,232300,74
random_lengths,shuffled,41,lazy_complete,i64,positive,assign_lanes,production,1000,2,211700,74
random_lengths,shuffled,41,lazy_complete,i64,positive,max_weight_non_overlapping,production,1000,2,239100,4819
random_lengths,shuffled,41,lazy_complete,i64,positive,max_weight_non_overlapping,production,1000,3,318200,4819
random_lengths,shuffled,41,lazy_complete,i64,positive,assign_lanes,production,1000,3,222500,74
random_lengths,shuffled,41,lazy_complete,i64,positive,assign_lanes,production,1000,4,206200,74
random_lengths,shuffled,41,lazy_complete,i64,positive,max_weight_non_overlapping,production,1000,4,242900,4819
disjoint,sorted,7,lazy_complete,i64,positive,assign_lanes,production,100000,0,856700,1
disjoint,sorted,7,lazy_complete,i64,positive,max_weight_non_overlapping,production,100000,0,3310400,5043406
disjoint,sorted,7,lazy_complete,i64,positive,max_weight_non_overlapping,production,100000,1,3030600,5043406
disjoint,sorted,7,lazy_complete,i64,positive,assign_lanes,production,100000,1,1041100,1
disjoint,sorted,7,lazy_complete,i64,positive,assign_lanes,production,100000,2,991800,1
disjoint,sorted,7,lazy_complete,i64,positive,max_weight_non_overlapping,production,100000,2,3247000,5043406
disjoint,sorted,7,lazy_complete,i64,positive,max_weight_non_overlapping,production,100000,3,3114500,5043406
disjoint,sorted,7,lazy_complete,i64,positive,assign_lanes,production,100000,3,758900,1
disjoint,sorted,7,lazy_complete,i64,positive,assign_lanes,production,100000,4,703500,1
disjoint,sorted,7,lazy_complete,i64,positive,max_weight_non_overlapping,production,100000,4,3156700,5043406
disjoint,shuffled,7,lazy_complete,i64,positive,assign_lanes,production,100000,0,4379500,1
disjoint,shuffled,7,lazy_complete,i64,positive,max_weight_non_overlapping,production,100000,0,6414100,5043406
disjoint,shuffled,7,lazy_complete,i64,positive,max_weight_non_overlapping,production,100000,1,6524300,5043406
disjoint,shuffled,7,lazy_complete,i64,positive,assign_lanes,production,100000,1,4061400,1
disjoint,shuffled,7,lazy_complete,i64,positive,assign_lanes,production,100000,2,4310000,1
disjoint,shuffled,7,lazy_complete,i64,positive,max_weight_non_overlapping,production,100000,2,6477700,5043406
disjoint,shuffled,7,lazy_complete,i64,positive,max_weight_non_overlapping,production,100000,3,6528500,5043406
disjoint,shuffled,7,lazy_complete,i64,positive,assign_lanes,production,100000,3,4084000,1
disjoint,shuffled,7,lazy_complete,i64,positive,assign_lanes,production,100000,4,4051500,1
disjoint,shuffled,7,lazy_complete,i64,positive,max_weight_non_overlapping,production,100000,4,6204700,5043406
moderate128,sorted,7,lazy_complete,i64,positive,assign_lanes,production,100000,0,2629300,128
moderate128,sorted,7,lazy_complete,i64,positive,max_weight_non_overlapping,production,100000,0,2879700,72173
moderate128,sorted,7,lazy_complete,i64,positive,max_weight_non_overlapping,production,100000,1,2579600,72173
moderate128,sorted,7,lazy_complete,i64,positive,assign_lanes,production,100000,1,2735300,128
moderate128,sorted,7,lazy_complete,i64,positive,assign_lanes,production,100000,2,2744200,128
moderate128,sorted,7,lazy_complete,i64,positive,max_weight_non_overlapping,production,100000,2,2701200,72173
moderate128,sorted,7,lazy_complete,i64,positive,max_weight_non_overlapping,production,100000,3,2627200,72173
moderate128,sorted,7,lazy_complete,i64,positive,assign_lanes,production,100000,3,2523900,128
moderate128,sorted,7,lazy_complete,i64,positive,assign_lanes,production,100000,4,2856300,128
moderate128,sorted,7,lazy_complete,i64,positive,max_weight_non_overlapping,production,100000,4,2943500,72173
moderate128,shuffled,7,lazy_complete,i64,positive,assign_lanes,production,100000,0,6195200,128
moderate128,shuffled,7,lazy_complete,i64,positive,max_weight_non_overlapping,production,100000,0,6145500,72173
moderate128,shuffled,7,lazy_complete,i64,positive,max_weight_non_overlapping,production,100000,1,6369200,72173
moderate128,shuffled,7,lazy_complete,i64,positive,assign_lanes,production,100000,1,6282900,128
moderate128,shuffled,7,lazy_complete,i64,positive,assign_lanes,production,100000,2,6087600,128
moderate128,shuffled,7,lazy_complete,i64,positive,max_weight_non_overlapping,production,100000,2,5962300,72173
moderate128,shuffled,7,lazy_complete,i64,positive,max_weight_non_overlapping,production,100000,3,6468500,72173
moderate128,shuffled,7,lazy_complete,i64,positive,assign_lanes,production,100000,3,6232200,128
moderate128,shuffled,7,lazy_complete,i64,positive,assign_lanes,production,100000,4,6477300,128
moderate128,shuffled,7,lazy_complete,i64,positive,max_weight_non_overlapping,production,100000,4,6478500,72173
nested,sorted,7,lazy_complete,i64,positive,assign_lanes,production,100000,0,3187800,100000
nested,sorted,7,lazy_complete,i64,positive,max_weight_non_overlapping,production,100000,0,2768400,100
nested,sorted,7,lazy_complete,i64,positive,max_weight_non_overlapping,production,100000,1,2619400,100
nested,sorted,7,lazy_complete,i64,positive,assign_lanes,production,100000,1,3114500,100000
nested,sorted,7,lazy_complete,i64,positive,assign_lanes,production,100000,2,2928700,100000
nested,sorted,7,lazy_complete,i64,positive,max_weight_non_overlapping,production,100000,2,2594000,100
nested,sorted,7,lazy_complete,i64,positive,max_weight_non_overlapping,production,100000,3,2806200,100
nested,sorted,7,lazy_complete,i64,positive,assign_lanes,production,100000,3,3291700,100000
nested,sorted,7,lazy_complete,i64,positive,assign_lanes,production,100000,4,2960300,100000
nested,sorted,7,lazy_complete,i64,positive,max_weight_non_overlapping,production,100000,4,2817900,100
nested,shuffled,7,lazy_complete,i64,positive,assign_lanes,production,100000,0,7592700,100000
nested,shuffled,7,lazy_complete,i64,positive,max_weight_non_overlapping,production,100000,0,6525600,100
nested,shuffled,7,lazy_complete,i64,positive,max_weight_non_overlapping,production,100000,1,6247700,100
nested,shuffled,7,lazy_complete,i64,positive,assign_lanes,production,100000,1,7758500,100000
nested,shuffled,7,lazy_complete,i64,positive,assign_lanes,production,100000,2,7310100,100000
nested,shuffled,7,lazy_complete,i64,positive,max_weight_non_overlapping,production,100000,2,6456200,100
nested,shuffled,7,lazy_complete,i64,positive,max_weight_non_overlapping,production,100000,3,6251500,100
nested,shuffled,7,lazy_complete,i64,positive,assign_lanes,production,100000,3,7752700,100000
nested,shuffled,7,lazy_complete,i64,positive,assign_lanes,production,100000,4,7477600,100000
nested,shuffled,7,lazy_complete,i64,positive,max_weight_non_overlapping,production,100000,4,6783900,100
random_lengths,sorted,7,lazy_complete,i64,positive,assign_lanes,production,100000,0,5487100,6369
random_lengths,sorted,7,lazy_complete,i64,positive,max_weight_non_overlapping,production,100000,0,11806500,44700
random_lengths,sorted,7,lazy_complete,i64,positive,max_weight_non_overlapping,production,100000,1,11292600,44700
random_lengths,sorted,7,lazy_complete,i64,positive,assign_lanes,production,100000,1,5846900,6369
random_lengths,sorted,7,lazy_complete,i64,positive,assign_lanes,production,100000,2,5518900,6369
random_lengths,sorted,7,lazy_complete,i64,positive,max_weight_non_overlapping,production,100000,2,11611600,44700
random_lengths,sorted,7,lazy_complete,i64,positive,max_weight_non_overlapping,production,100000,3,11261100,44700
random_lengths,sorted,7,lazy_complete,i64,positive,assign_lanes,production,100000,3,5758300,6369
random_lengths,sorted,7,lazy_complete,i64,positive,assign_lanes,production,100000,4,5652300,6369
random_lengths,sorted,7,lazy_complete,i64,positive,max_weight_non_overlapping,production,100000,4,11549200,44700
random_lengths,shuffled,7,lazy_complete,i64,positive,assign_lanes,production,100000,0,8718700,6369
random_lengths,shuffled,7,lazy_complete,i64,positive,max_weight_non_overlapping,production,100000,0,13655000,44700
random_lengths,shuffled,7,lazy_complete,i64,positive,max_weight_non_overlapping,production,100000,1,13909400,44700
random_lengths,shuffled,7,lazy_complete,i64,positive,assign_lanes,production,100000,1,9461600,6369
random_lengths,shuffled,7,lazy_complete,i64,positive,assign_lanes,production,100000,2,9028600,6369
random_lengths,shuffled,7,lazy_complete,i64,positive,max_weight_non_overlapping,production,100000,2,13779600,44700
random_lengths,shuffled,7,lazy_complete,i64,positive,max_weight_non_overlapping,production,100000,3,13911800,44700
random_lengths,shuffled,7,lazy_complete,i64,positive,assign_lanes,production,100000,3,8936000,6369
random_lengths,shuffled,7,lazy_complete,i64,positive,assign_lanes,production,100000,4,9171400,6369
random_lengths,shuffled,7,lazy_complete,i64,positive,max_weight_non_overlapping,production,100000,4,13989000,44700
disjoint,sorted,41,lazy_complete,i64,positive,assign_lanes,production,100000,0,791500,1
disjoint,sorted,41,lazy_complete,i64,positive,max_weight_non_overlapping,production,100000,0,3149000,5041788
disjoint,sorted,41,lazy_complete,i64,positive,max_weight_non_overlapping,production,100000,1,2748500,5041788
disjoint,sorted,41,lazy_complete,i64,positive,assign_lanes,production,100000,1,743800,1
disjoint,sorted,41,lazy_complete,i64,positive,assign_lanes,production,100000,2,980400,1
disjoint,sorted,41,lazy_complete,i64,positive,max_weight_non_overlapping,production,100000,2,3001700,5041788
disjoint,sorted,41,lazy_complete,i64,positive,max_weight_non_overlapping,production,100000,3,2951900,5041788
disjoint,sorted,41,lazy_complete,i64,positive,assign_lanes,production,100000,3,873000,1
disjoint,sorted,41,lazy_complete,i64,positive,assign_lanes,production,100000,4,755400,1
disjoint,sorted,41,lazy_complete,i64,positive,max_weight_non_overlapping,production,100000,4,3075900,5041788
disjoint,shuffled,41,lazy_complete,i64,positive,assign_lanes,production,100000,0,4983200,1
disjoint,shuffled,41,lazy_complete,i64,positive,max_weight_non_overlapping,production,100000,0,5786700,5041788
disjoint,shuffled,41,lazy_complete,i64,positive,max_weight_non_overlapping,production,100000,1,6546800,5041788
disjoint,shuffled,41,lazy_complete,i64,positive,assign_lanes,production,100000,1,4461900,1
disjoint,shuffled,41,lazy_complete,i64,positive,assign_lanes,production,100000,2,4329900,1
disjoint,shuffled,41,lazy_complete,i64,positive,max_weight_non_overlapping,production,100000,2,6514200,5041788
disjoint,shuffled,41,lazy_complete,i64,positive,max_weight_non_overlapping,production,100000,3,6769600,5041788
disjoint,shuffled,41,lazy_complete,i64,positive,assign_lanes,production,100000,3,4518900,1
disjoint,shuffled,41,lazy_complete,i64,positive,assign_lanes,production,100000,4,4225300,1
disjoint,shuffled,41,lazy_complete,i64,positive,max_weight_non_overlapping,production,100000,4,6248700,5041788
moderate128,sorted,41,lazy_complete,i64,positive,assign_lanes,production,100000,0,2895800,128
moderate128,sorted,41,lazy_complete,i64,positive,max_weight_non_overlapping,production,100000,0,2702100,72093
moderate128,sorted,41,lazy_complete,i64,positive,max_weight_non_overlapping,production,100000,1,2702000,72093
moderate128,sorted,41,lazy_complete,i64,positive,assign_lanes,production,100000,1,2795100,128
moderate128,sorted,41,lazy_complete,i64,positive,assign_lanes,production,100000,2,2841300,128
moderate128,sorted,41,lazy_complete,i64,positive,max_weight_non_overlapping,production,100000,2,2769100,72093
moderate128,sorted,41,lazy_complete,i64,positive,max_weight_non_overlapping,production,100000,3,2745400,72093
moderate128,sorted,41,lazy_complete,i64,positive,assign_lanes,production,100000,3,2950900,128
moderate128,sorted,41,lazy_complete,i64,positive,assign_lanes,production,100000,4,2611800,128
moderate128,sorted,41,lazy_complete,i64,positive,max_weight_non_overlapping,production,100000,4,2755000,72093
moderate128,shuffled,41,lazy_complete,i64,positive,assign_lanes,production,100000,0,6394600,128
moderate128,shuffled,41,lazy_complete,i64,positive,max_weight_non_overlapping,production,100000,0,6451400,72093
moderate128,shuffled,41,lazy_complete,i64,positive,max_weight_non_overlapping,production,100000,1,5968500,72093
moderate128,shuffled,41,lazy_complete,i64,positive,assign_lanes,production,100000,1,6478200,128
moderate128,shuffled,41,lazy_complete,i64,positive,assign_lanes,production,100000,2,6219000,128
moderate128,shuffled,41,lazy_complete,i64,positive,max_weight_non_overlapping,production,100000,2,6576700,72093
moderate128,shuffled,41,lazy_complete,i64,positive,max_weight_non_overlapping,production,100000,3,8011400,72093
moderate128,shuffled,41,lazy_complete,i64,positive,assign_lanes,production,100000,3,7463200,128
moderate128,shuffled,41,lazy_complete,i64,positive,assign_lanes,production,100000,4,6600200,128
moderate128,shuffled,41,lazy_complete,i64,positive,max_weight_non_overlapping,production,100000,4,6397900,72093
nested,sorted,41,lazy_complete,i64,positive,assign_lanes,production,100000,0,3310100,100000
nested,sorted,41,lazy_complete,i64,positive,max_weight_non_overlapping,production,100000,0,2848000,100
nested,sorted,41,lazy_complete,i64,positive,max_weight_non_overlapping,production,100000,1,2887000,100
nested,sorted,41,lazy_complete,i64,positive,assign_lanes,production,100000,1,3542600,100000
nested,sorted,41,lazy_complete,i64,positive,assign_lanes,production,100000,2,3332600,100000
nested,sorted,41,lazy_complete,i64,positive,max_weight_non_overlapping,production,100000,2,2967000,100
nested,sorted,41,lazy_complete,i64,positive,max_weight_non_overlapping,production,100000,3,2902900,100
nested,sorted,41,lazy_complete,i64,positive,assign_lanes,production,100000,3,3526000,100000
nested,sorted,41,lazy_complete,i64,positive,assign_lanes,production,100000,4,3307200,100000
nested,sorted,41,lazy_complete,i64,positive,max_weight_non_overlapping,production,100000,4,2723000,100
nested,shuffled,41,lazy_complete,i64,positive,assign_lanes,production,100000,0,8288000,100000
nested,shuffled,41,lazy_complete,i64,positive,max_weight_non_overlapping,production,100000,0,6150200,100
nested,shuffled,41,lazy_complete,i64,positive,max_weight_non_overlapping,production,100000,1,6913000,100
nested,shuffled,41,lazy_complete,i64,positive,assign_lanes,production,100000,1,8765800,100000
nested,shuffled,41,lazy_complete,i64,positive,assign_lanes,production,100000,2,9141700,100000
nested,shuffled,41,lazy_complete,i64,positive,max_weight_non_overlapping,production,100000,2,7287200,100
nested,shuffled,41,lazy_complete,i64,positive,max_weight_non_overlapping,production,100000,3,7269000,100
nested,shuffled,41,lazy_complete,i64,positive,assign_lanes,production,100000,3,8662300,100000
nested,shuffled,41,lazy_complete,i64,positive,assign_lanes,production,100000,4,8815700,100000
nested,shuffled,41,lazy_complete,i64,positive,max_weight_non_overlapping,production,100000,4,6690000,100
random_lengths,sorted,41,lazy_complete,i64,positive,assign_lanes,production,100000,0,5724500,6399
random_lengths,sorted,41,lazy_complete,i64,positive,max_weight_non_overlapping,production,100000,0,11957100,44993
random_lengths,sorted,41,lazy_complete,i64,positive,max_weight_non_overlapping,production,100000,1,11947400,44993
random_lengths,sorted,41,lazy_complete,i64,positive,assign_lanes,production,100000,1,5699700,6399
random_lengths,sorted,41,lazy_complete,i64,positive,assign_lanes,production,100000,2,5805600,6399
random_lengths,sorted,41,lazy_complete,i64,positive,max_weight_non_overlapping,production,100000,2,12059200,44993
random_lengths,sorted,41,lazy_complete,i64,positive,max_weight_non_overlapping,production,100000,3,12168100,44993
random_lengths,sorted,41,lazy_complete,i64,positive,assign_lanes,production,100000,3,6331300,6399
random_lengths,sorted,41,lazy_complete,i64,positive,assign_lanes,production,100000,4,5891300,6399
random_lengths,sorted,41,lazy_complete,i64,positive,max_weight_non_overlapping,production,100000,4,12500000,44993
random_lengths,shuffled,41,lazy_complete,i64,positive,assign_lanes,production,100000,0,9802900,6399
random_lengths,shuffled,41,lazy_complete,i64,positive,max_weight_non_overlapping,production,100000,0,15116100,44993
random_lengths,shuffled,41,lazy_complete,i64,positive,max_weight_non_overlapping,production,100000,1,15259200,44993
random_lengths,shuffled,41,lazy_complete,i64,positive,assign_lanes,production,100000,1,9863100,6399
random_lengths,shuffled,41,lazy_complete,i64,positive,assign_lanes,production,100000,2,9529300,6399
random_lengths,shuffled,41,lazy_complete,i64,positive,max_weight_non_overlapping,production,100000,2,15248100,44993
random_lengths,shuffled,41,lazy_complete,i64,positive,max_weight_non_overlapping,production,100000,3,14509400,44993
random_lengths,shuffled,41,lazy_complete,i64,positive,assign_lanes,production,100000,3,9670600,6399
random_lengths,shuffled,41,lazy_complete,i64,positive,assign_lanes,production,100000,4,9140900,6399
random_lengths,shuffled,41,lazy_complete,i64,positive,max_weight_non_overlapping,production,100000,4,13448000,44993
disjoint,sorted,7,lazy_complete,i64,positive,assign_lanes,production,1000000,0,7147400,1
disjoint,sorted,7,lazy_complete,i64,positive,max_weight_non_overlapping,production,1000000,0,27538700,50517006
disjoint,sorted,7,lazy_complete,i64,positive,max_weight_non_overlapping,production,1000000,1,27753900,50517006
disjoint,sorted,7,lazy_complete,i64,positive,assign_lanes,production,1000000,1,7080800,1
disjoint,sorted,7,lazy_complete,i64,positive,assign_lanes,production,1000000,2,6777100,1
disjoint,sorted,7,lazy_complete,i64,positive,max_weight_non_overlapping,production,1000000,2,28174200,50517006
disjoint,sorted,7,lazy_complete,i64,positive,max_weight_non_overlapping,production,1000000,3,26836700,50517006
disjoint,sorted,7,lazy_complete,i64,positive,assign_lanes,production,1000000,3,7172200,1
disjoint,sorted,7,lazy_complete,i64,positive,assign_lanes,production,1000000,4,6813000,1
disjoint,sorted,7,lazy_complete,i64,positive,max_weight_non_overlapping,production,1000000,4,26734900,50517006
disjoint,shuffled,7,lazy_complete,i64,positive,assign_lanes,production,1000000,0,59065000,1
disjoint,shuffled,7,lazy_complete,i64,positive,max_weight_non_overlapping,production,1000000,0,99433800,50517006
disjoint,shuffled,7,lazy_complete,i64,positive,max_weight_non_overlapping,production,1000000,1,97770200,50517006
disjoint,shuffled,7,lazy_complete,i64,positive,assign_lanes,production,1000000,1,59064700,1
disjoint,shuffled,7,lazy_complete,i64,positive,assign_lanes,production,1000000,2,60597800,1
disjoint,shuffled,7,lazy_complete,i64,positive,max_weight_non_overlapping,production,1000000,2,96042100,50517006
disjoint,shuffled,7,lazy_complete,i64,positive,max_weight_non_overlapping,production,1000000,3,96436900,50517006
disjoint,shuffled,7,lazy_complete,i64,positive,assign_lanes,production,1000000,3,58980700,1
disjoint,shuffled,7,lazy_complete,i64,positive,assign_lanes,production,1000000,4,58003200,1
disjoint,shuffled,7,lazy_complete,i64,positive,max_weight_non_overlapping,production,1000000,4,96690500,50517006
moderate128,sorted,7,lazy_complete,i64,positive,assign_lanes,production,1000000,0,24418200,128
moderate128,sorted,7,lazy_complete,i64,positive,max_weight_non_overlapping,production,1000000,0,25493000,721657
moderate128,sorted,7,lazy_complete,i64,positive,max_weight_non_overlapping,production,1000000,1,25540200,721657
moderate128,sorted,7,lazy_complete,i64,positive,assign_lanes,production,1000000,1,24987600,128
moderate128,sorted,7,lazy_complete,i64,positive,assign_lanes,production,1000000,2,24186600,128
moderate128,sorted,7,lazy_complete,i64,positive,max_weight_non_overlapping,production,1000000,2,24847000,721657
moderate128,sorted,7,lazy_complete,i64,positive,max_weight_non_overlapping,production,1000000,3,25315500,721657
moderate128,sorted,7,lazy_complete,i64,positive,assign_lanes,production,1000000,3,24464100,128
moderate128,sorted,7,lazy_complete,i64,positive,assign_lanes,production,1000000,4,24149600,128
moderate128,sorted,7,lazy_complete,i64,positive,max_weight_non_overlapping,production,1000000,4,24741500,721657
moderate128,shuffled,7,lazy_complete,i64,positive,assign_lanes,production,1000000,0,117231300,128
moderate128,shuffled,7,lazy_complete,i64,positive,max_weight_non_overlapping,production,1000000,0,104912800,721657
moderate128,shuffled,7,lazy_complete,i64,positive,max_weight_non_overlapping,production,1000000,1,94257500,721657
moderate128,shuffled,7,lazy_complete,i64,positive,assign_lanes,production,1000000,1,120597200,128
moderate128,shuffled,7,lazy_complete,i64,positive,assign_lanes,production,1000000,2,117565900,128
moderate128,shuffled,7,lazy_complete,i64,positive,max_weight_non_overlapping,production,1000000,2,96211200,721657
moderate128,shuffled,7,lazy_complete,i64,positive,max_weight_non_overlapping,production,1000000,3,94832200,721657
moderate128,shuffled,7,lazy_complete,i64,positive,assign_lanes,production,1000000,3,125995000,128
moderate128,shuffled,7,lazy_complete,i64,positive,assign_lanes,production,1000000,4,129305900,128
moderate128,shuffled,7,lazy_complete,i64,positive,max_weight_non_overlapping,production,1000000,4,96030300,721657
nested,sorted,7,lazy_complete,i64,positive,assign_lanes,production,1000000,0,30341700,1000000
nested,sorted,7,lazy_complete,i64,positive,max_weight_non_overlapping,production,1000000,0,26414200,100
nested,sorted,7,lazy_complete,i64,positive,max_weight_non_overlapping,production,1000000,1,26207800,100
nested,sorted,7,lazy_complete,i64,positive,assign_lanes,production,1000000,1,30705100,1000000
nested,sorted,7,lazy_complete,i64,positive,assign_lanes,production,1000000,2,30702600,1000000
nested,sorted,7,lazy_complete,i64,positive,max_weight_non_overlapping,production,1000000,2,26299600,100
nested,sorted,7,lazy_complete,i64,positive,max_weight_non_overlapping,production,1000000,3,26008500,100
nested,sorted,7,lazy_complete,i64,positive,assign_lanes,production,1000000,3,30371600,1000000
nested,sorted,7,lazy_complete,i64,positive,assign_lanes,production,1000000,4,30152800,1000000
nested,sorted,7,lazy_complete,i64,positive,max_weight_non_overlapping,production,1000000,4,25837900,100
nested,shuffled,7,lazy_complete,i64,positive,assign_lanes,production,1000000,0,138023500,1000000
nested,shuffled,7,lazy_complete,i64,positive,max_weight_non_overlapping,production,1000000,0,96917900,100
nested,shuffled,7,lazy_complete,i64,positive,max_weight_non_overlapping,production,1000000,1,98220700,100
nested,shuffled,7,lazy_complete,i64,positive,assign_lanes,production,1000000,1,139565700,1000000
nested,shuffled,7,lazy_complete,i64,positive,assign_lanes,production,1000000,2,140039000,1000000
nested,shuffled,7,lazy_complete,i64,positive,max_weight_non_overlapping,production,1000000,2,95422500,100
nested,shuffled,7,lazy_complete,i64,positive,max_weight_non_overlapping,production,1000000,3,98062500,100
nested,shuffled,7,lazy_complete,i64,positive,assign_lanes,production,1000000,3,139870000,1000000
nested,shuffled,7,lazy_complete,i64,positive,assign_lanes,production,1000000,4,136494800,1000000
nested,shuffled,7,lazy_complete,i64,positive,max_weight_non_overlapping,production,1000000,4,96275900,100
random_lengths,sorted,7,lazy_complete,i64,positive,assign_lanes,production,1000000,0,80353600,62793
random_lengths,sorted,7,lazy_complete,i64,positive,max_weight_non_overlapping,production,1000000,0,186007500,140726
random_lengths,sorted,7,lazy_complete,i64,positive,max_weight_non_overlapping,production,1000000,1,184877000,140726
random_lengths,sorted,7,lazy_complete,i64,positive,assign_lanes,production,1000000,1,80625400,62793
random_lengths,sorted,7,lazy_complete,i64,positive,assign_lanes,production,1000000,2,80580600,62793
random_lengths,sorted,7,lazy_complete,i64,positive,max_weight_non_overlapping,production,1000000,2,182622400,140726
random_lengths,sorted,7,lazy_complete,i64,positive,max_weight_non_overlapping,production,1000000,3,183383200,140726
random_lengths,sorted,7,lazy_complete,i64,positive,assign_lanes,production,1000000,3,79777100,62793
random_lengths,sorted,7,lazy_complete,i64,positive,assign_lanes,production,1000000,4,80291100,62793
random_lengths,sorted,7,lazy_complete,i64,positive,max_weight_non_overlapping,production,1000000,4,181178000,140726
random_lengths,shuffled,7,lazy_complete,i64,positive,assign_lanes,production,1000000,0,174777800,62793
random_lengths,shuffled,7,lazy_complete,i64,positive,max_weight_non_overlapping,production,1000000,0,251030200,140726
random_lengths,shuffled,7,lazy_complete,i64,positive,max_weight_non_overlapping,production,1000000,1,258745100,140726
random_lengths,shuffled,7,lazy_complete,i64,positive,assign_lanes,production,1000000,1,183793000,62793
random_lengths,shuffled,7,lazy_complete,i64,positive,assign_lanes,production,1000000,2,182479700,62793
random_lengths,shuffled,7,lazy_complete,i64,positive,max_weight_non_overlapping,production,1000000,2,260296900,140726
random_lengths,shuffled,7,lazy_complete,i64,positive,max_weight_non_overlapping,production,1000000,3,261077700,140726
random_lengths,shuffled,7,lazy_complete,i64,positive,assign_lanes,production,1000000,3,175838200,62793
random_lengths,shuffled,7,lazy_complete,i64,positive,assign_lanes,production,1000000,4,170514400,62793
random_lengths,shuffled,7,lazy_complete,i64,positive,max_weight_non_overlapping,production,1000000,4,264435000,140726
disjoint,sorted,41,lazy_complete,i64,positive,assign_lanes,production,1000000,0,6994500,1
disjoint,sorted,41,lazy_complete,i64,positive,max_weight_non_overlapping,production,1000000,0,27201000,50528851
disjoint,sorted,41,lazy_complete,i64,positive,max_weight_non_overlapping,production,1000000,1,26528800,50528851
disjoint,sorted,41,lazy_complete,i64,positive,assign_lanes,production,1000000,1,7056900,1
disjoint,sorted,41,lazy_complete,i64,positive,assign_lanes,production,1000000,2,6764200,1
disjoint,sorted,41,lazy_complete,i64,positive,max_weight_non_overlapping,production,1000000,2,27325400,50528851
disjoint,sorted,41,lazy_complete,i64,positive,max_weight_non_overlapping,production,1000000,3,26560900,50528851
disjoint,sorted,41,lazy_complete,i64,positive,assign_lanes,production,1000000,3,7010400,1
disjoint,sorted,41,lazy_complete,i64,positive,assign_lanes,production,1000000,4,6831600,1
disjoint,sorted,41,lazy_complete,i64,positive,max_weight_non_overlapping,production,1000000,4,27227800,50528851
disjoint,shuffled,41,lazy_complete,i64,positive,assign_lanes,production,1000000,0,63523300,1
disjoint,shuffled,41,lazy_complete,i64,positive,max_weight_non_overlapping,production,1000000,0,96888500,50528851
disjoint,shuffled,41,lazy_complete,i64,positive,max_weight_non_overlapping,production,1000000,1,101121700,50528851
disjoint,shuffled,41,lazy_complete,i64,positive,assign_lanes,production,1000000,1,58444100,1
disjoint,shuffled,41,lazy_complete,i64,positive,assign_lanes,production,1000000,2,57656400,1
disjoint,shuffled,41,lazy_complete,i64,positive,max_weight_non_overlapping,production,1000000,2,97386600,50528851
disjoint,shuffled,41,lazy_complete,i64,positive,max_weight_non_overlapping,production,1000000,3,95359500,50528851
disjoint,shuffled,41,lazy_complete,i64,positive,assign_lanes,production,1000000,3,59240100,1
disjoint,shuffled,41,lazy_complete,i64,positive,assign_lanes,production,1000000,4,60124500,1
disjoint,shuffled,41,lazy_complete,i64,positive,max_weight_non_overlapping,production,1000000,4,97604100,50528851
moderate128,sorted,41,lazy_complete,i64,positive,assign_lanes,production,1000000,0,24434100,128
moderate128,sorted,41,lazy_complete,i64,positive,max_weight_non_overlapping,production,1000000,0,25468700,721692
moderate128,sorted,41,lazy_complete,i64,positive,max_weight_non_overlapping,production,1000000,1,25554900,721692
moderate128,sorted,41,lazy_complete,i64,positive,assign_lanes,production,1000000,1,24490000,128
moderate128,sorted,41,lazy_complete,i64,positive,assign_lanes,production,1000000,2,24529300,128
moderate128,sorted,41,lazy_complete,i64,positive,max_weight_non_overlapping,production,1000000,2,26520500,721692
moderate128,sorted,41,lazy_complete,i64,positive,max_weight_non_overlapping,production,1000000,3,26154900,721692
moderate128,sorted,41,lazy_complete,i64,positive,assign_lanes,production,1000000,3,24497900,128
moderate128,sorted,41,lazy_complete,i64,positive,assign_lanes,production,1000000,4,24595400,128
moderate128,sorted,41,lazy_complete,i64,positive,max_weight_non_overlapping,production,1000000,4,25175700,721692
moderate128,shuffled,41,lazy_complete,i64,positive,assign_lanes,production,1000000,0,125670100,128
moderate128,shuffled,41,lazy_complete,i64,positive,max_weight_non_overlapping,production,1000000,0,95707800,721692
moderate128,shuffled,41,lazy_complete,i64,positive,max_weight_non_overlapping,production,1000000,1,96852800,721692
moderate128,shuffled,41,lazy_complete,i64,positive,assign_lanes,production,1000000,1,120111500,128
moderate128,shuffled,41,lazy_complete,i64,positive,assign_lanes,production,1000000,2,115140500,128
moderate128,shuffled,41,lazy_complete,i64,positive,max_weight_non_overlapping,production,1000000,2,95111500,721692
moderate128,shuffled,41,lazy_complete,i64,positive,max_weight_non_overlapping,production,1000000,3,99980400,721692
moderate128,shuffled,41,lazy_complete,i64,positive,assign_lanes,production,1000000,3,114862100,128
moderate128,shuffled,41,lazy_complete,i64,positive,assign_lanes,production,1000000,4,118283300,128
moderate128,shuffled,41,lazy_complete,i64,positive,max_weight_non_overlapping,production,1000000,4,93879700,721692
nested,sorted,41,lazy_complete,i64,positive,assign_lanes,production,1000000,0,30293100,1000000
nested,sorted,41,lazy_complete,i64,positive,max_weight_non_overlapping,production,1000000,0,25664400,100
nested,sorted,41,lazy_complete,i64,positive,max_weight_non_overlapping,production,1000000,1,27264300,100
nested,sorted,41,lazy_complete,i64,positive,assign_lanes,production,1000000,1,30153900,1000000
nested,sorted,41,lazy_complete,i64,positive,assign_lanes,production,1000000,2,30624200,1000000
nested,sorted,41,lazy_complete,i64,positive,max_weight_non_overlapping,production,1000000,2,26067900,100
nested,sorted,41,lazy_complete,i64,positive,max_weight_non_overlapping,production,1000000,3,26851400,100
nested,sorted,41,lazy_complete,i64,positive,assign_lanes,production,1000000,3,30354600,1000000
nested,sorted,41,lazy_complete,i64,positive,assign_lanes,production,1000000,4,30309100,1000000
nested,sorted,41,lazy_complete,i64,positive,max_weight_non_overlapping,production,1000000,4,25810300,100
nested,shuffled,41,lazy_complete,i64,positive,assign_lanes,production,1000000,0,142620200,1000000
nested,shuffled,41,lazy_complete,i64,positive,max_weight_non_overlapping,production,1000000,0,101899100,100
nested,shuffled,41,lazy_complete,i64,positive,max_weight_non_overlapping,production,1000000,1,100998800,100
nested,shuffled,41,lazy_complete,i64,positive,assign_lanes,production,1000000,1,148745700,1000000
nested,shuffled,41,lazy_complete,i64,positive,assign_lanes,production,1000000,2,146968700,1000000
nested,shuffled,41,lazy_complete,i64,positive,max_weight_non_overlapping,production,1000000,2,99876900,100
nested,shuffled,41,lazy_complete,i64,positive,max_weight_non_overlapping,production,1000000,3,101047900,100
nested,shuffled,41,lazy_complete,i64,positive,assign_lanes,production,1000000,3,150276000,1000000
nested,shuffled,41,lazy_complete,i64,positive,assign_lanes,production,1000000,4,157313200,1000000
nested,shuffled,41,lazy_complete,i64,positive,max_weight_non_overlapping,production,1000000,4,100497400,100
random_lengths,sorted,41,lazy_complete,i64,positive,assign_lanes,production,1000000,0,79916400,62875
random_lengths,sorted,41,lazy_complete,i64,positive,max_weight_non_overlapping,production,1000000,0,182152200,141615
random_lengths,sorted,41,lazy_complete,i64,positive,max_weight_non_overlapping,production,1000000,1,182121800,141615
random_lengths,sorted,41,lazy_complete,i64,positive,assign_lanes,production,1000000,1,79980300,62875
random_lengths,sorted,41,lazy_complete,i64,positive,assign_lanes,production,1000000,2,79970800,62875
random_lengths,sorted,41,lazy_complete,i64,positive,max_weight_non_overlapping,production,1000000,2,184845900,141615
random_lengths,sorted,41,lazy_complete,i64,positive,max_weight_non_overlapping,production,1000000,3,186430500,141615
random_lengths,sorted,41,lazy_complete,i64,positive,assign_lanes,production,1000000,3,80271800,62875
random_lengths,sorted,41,lazy_complete,i64,positive,assign_lanes,production,1000000,4,80150500,62875
random_lengths,sorted,41,lazy_complete,i64,positive,max_weight_non_overlapping,production,1000000,4,181244400,141615
random_lengths,shuffled,41,lazy_complete,i64,positive,assign_lanes,production,1000000,0,178060100,62875
random_lengths,shuffled,41,lazy_complete,i64,positive,max_weight_non_overlapping,production,1000000,0,254365200,141615
random_lengths,shuffled,41,lazy_complete,i64,positive,max_weight_non_overlapping,production,1000000,1,278711900,141615
random_lengths,shuffled,41,lazy_complete,i64,positive,assign_lanes,production,1000000,1,183987100,62875
random_lengths,shuffled,41,lazy_complete,i64,positive,assign_lanes,production,1000000,2,181047500,62875
random_lengths,shuffled,41,lazy_complete,i64,positive,max_weight_non_overlapping,production,1000000,2,265814100,141615
random_lengths,shuffled,41,lazy_complete,i64,positive,max_weight_non_overlapping,production,1000000,3,259878800,141615
random_lengths,shuffled,41,lazy_complete,i64,positive,assign_lanes,production,1000000,3,173460900,62875
random_lengths,shuffled,41,lazy_complete,i64,positive,assign_lanes,production,1000000,4,173793600,62875
random_lengths,shuffled,41,lazy_complete,i64,positive,max_weight_non_overlapping,production,1000000,4,258346200,141615
