case,dtype,family,left_order,right_order,left_share,seed,operation,n,left_n,right_n,method,sample,iterations,batch_ns,ns,peak_bytes,allocations,left_useful,right_useful,p,q,z,distinct_endpoints
0,i64,availability,start,start,50,7,subtract,1000000,500000,500000,union_scan,0,1,17461500,17461500,33554432,55,500000,500000,500000,500000,1000000,2000000
0,i64,availability,start,start,50,7,subtract,1000000,500000,500000,fused,0,1,19173500,19173500,33554432,55,500000,500000,500000,500000,1000000,2000000
0,i64,availability,start,start,50,7,subtract,1000000,500000,500000,events,0,1,117770500,117770500,67108864,39,500000,500000,500000,500000,1000000,2000000
0,i64,availability,start,start,50,7,subtract,1000000,500000,500000,fused,1,1,19458100,19458100,33554432,55,500000,500000,500000,500000,1000000,2000000
0,i64,availability,start,start,50,7,subtract,1000000,500000,500000,events,1,1,120022500,120022500,67108864,39,500000,500000,500000,500000,1000000,2000000
0,i64,availability,start,start,50,7,subtract,1000000,500000,500000,union_scan,1,1,18137600,18137600,33554432,55,500000,500000,500000,500000,1000000,2000000
0,i64,availability,start,start,50,7,subtract,1000000,500000,500000,events,2,1,117102000,117102000,67108864,39,500000,500000,500000,500000,1000000,2000000
0,i64,availability,start,start,50,7,subtract,1000000,500000,500000,union_scan,2,1,18567700,18567700,33554432,55,500000,500000,500000,500000,1000000,2000000
0,i64,availability,start,start,50,7,subtract,1000000,500000,500000,fused,2,1,20484700,20484700,33554432,55,500000,500000,500000,500000,1000000,2000000
0,i64,availability,start,start,50,7,subtract,1000000,500000,500000,union_scan,3,1,17941400,17941400,33554432,55,500000,500000,500000,500000,1000000,2000000
0,i64,availability,start,start,50,7,subtract,1000000,500000,500000,fused,3,1,21105300,21105300,33554432,55,500000,500000,500000,500000,1000000,2000000
0,i64,availability,start,start,50,7,subtract,1000000,500000,500000,events,3,1,123295500,123295500,67108864,39,500000,500000,500000,500000,1000000,2000000
0,i64,availability,start,start,50,7,subtract,1000000,500000,500000,fused,4,1,22882200,22882200,33554432,55,500000,500000,500000,500000,1000000,2000000
0,i64,availability,start,start,50,7,subtract,1000000,500000,500000,events,4,1,130440000,130440000,67108864,39,500000,500000,500000,500000,1000000,2000000
0,i64,availability,start,start,50,7,subtract,1000000,500000,500000,union_scan,4,1,17669400,17669400,33554432,55,500000,500000,500000,500000,1000000,2000000
0,i64,availability,start,start,50,7,intersect,1000000,500000,500000,union_scan,0,1,17451000,17451000,25165824,54,500000,500000,500000,500000,500000,2000000
0,i64,availability,start,start,50,7,intersect,1000000,500000,500000,fused,0,1,15892400,15892400,25165824,54,500000,500000,500000,500000,500000,2000000
0,i64,availability,start,start,50,7,intersect,1000000,500000,500000,events,0,1,118510400,118510400,58720256,38,500000,500000,500000,500000,500000,2000000
0,i64,availability,start,start,50,7,intersect,1000000,500000,500000,fused,1,1,16473000,16473000,25165824,54,500000,500000,500000,500000,500000,2000000
0,i64,availability,start,start,50,7,intersect,1000000,500000,500000,events,1,1,112598400,112598400,58720256,38,500000,500000,500000,500000,500000,2000000
0,i64,availability,start,start,50,7,intersect,1000000,500000,500000,union_scan,1,1,16991000,16991000,25165824,54,500000,500000,500000,500000,500000,2000000
0,i64,availability,start,start,50,7,intersect,1000000,500000,500000,events,2,1,120201100,120201100,58720256,38,500000,500000,500000,500000,500000,2000000
0,i64,availability,start,start,50,7,intersect,1000000,500000,500000,union_scan,2,1,16652100,16652100,25165824,54,500000,500000,500000,500000,500000,2000000
0,i64,availability,start,start,50,7,intersect,1000000,500000,500000,fused,2,1,15502800,15502800,25165824,54,500000,500000,500000,500000,500000,2000000
0,i64,availability,start,start,50,7,intersect,1000000,500000,500000,union_scan,3,1,16083700,16083700,25165824,54,500000,500000,500000,500000,500000,2000000
0,i64,availability,start,start,50,7,intersect,1000000,500000,500000,fused,3,1,15647000,15647000,25165824,54,500000,500000,500000,500000,500000,2000000
0,i64,availability,start,start,50,7,intersect,1000000,500000,500000,events,3,1,131697700,131697700,58720256,38,500000,500000,500000,500000,500000,2000000
0,i64,availability,start,start,50,7,intersect,1000000,500000,500000,fused,4,1,15499500,15499500,25165824,54,500000,500000,500000,500000,500000,2000000
0,i64,availability,start,start,50,7,intersect,1000000,500000,500000,events,4,1,111371400,111371400,58720256,38,500000,500000,500000,500000,500000,2000000
0,i64,availability,start,start,50,7,intersect,1000000,500000,500000,union_scan,4,1,15812700,15812700,25165824,54,500000,500000,500000,500000,500000,2000000
0,i64,availability,start,start,50,41,subtract,1000000,500000,500000,union_scan,0,1,17715400,17715400,33554432,55,500000,500000,500000,500000,1000000,2000000
0,i64,availability,start,start,50,41,subtract,1000000,500000,500000,fused,0,1,19687700,19687700,33554432,55,500000,500000,500000,500000,1000000,2000000
0,i64,availability,start,start,50,41,subtract,1000000,500000,500000,events,0,1,116431100,116431100,67108864,39,500000,500000,500000,500000,1000000,2000000
0,i64,availability,start,start,50,41,subtract,1000000,500000,500000,fused,1,1,19646900,19646900,33554432,55,500000,500000,500000,500000,1000000,2000000
0,i64,availability,start,start,50,41,subtract,1000000,500000,500000,events,1,1,117058100,117058100,67108864,39,500000,500000,500000,500000,1000000,2000000
0,i64,availability,start,start,50,41,subtract,1000000,500000,500000,union_scan,1,1,17416900,17416900,33554432,55,500000,500000,500000,500000,1000000,2000000
0,i64,availability,start,start,50,41,subtract,1000000,500000,500000,events,2,1,116554400,116554400,67108864,39,500000,500000,500000,500000,1000000,2000000
0,i64,availability,start,start,50,41,subtract,1000000,500000,500000,union_scan,2,1,17553500,17553500,33554432,55,500000,500000,500000,500000,1000000,2000000
0,i64,availability,start,start,50,41,subtract,1000000,500000,500000,fused,2,1,19627300,19627300,33554432,55,500000,500000,500000,500000,1000000,2000000
0,i64,availability,start,start,50,41,subtract,1000000,500000,500000,union_scan,3,1,16764000,16764000,33554432,55,500000,500000,500000,500000,1000000,2000000
0,i64,availability,start,start,50,41,subtract,1000000,500000,500000,fused,3,1,19363600,19363600,33554432,55,500000,500000,500000,500000,1000000,2000000
0,i64,availability,start,start,50,41,subtract,1000000,500000,500000,events,3,1,118246200,118246200,67108864,39,500000,500000,500000,500000,1000000,2000000
0,i64,availability,start,start,50,41,subtract,1000000,500000,500000,fused,4,1,20357700,20357700,33554432,55,500000,500000,500000,500000,1000000,2000000
0,i64,availability,start,start,50,41,subtract,1000000,500000,500000,events,4,1,117885300,117885300,67108864,39,500000,500000,500000,500000,1000000,2000000
0,i64,availability,start,start,50,41,subtract,1000000,500000,500000,union_scan,4,1,18358900,18358900,33554432,55,500000,500000,500000,500000,1000000,2000000
0,i64,availability,start,start,50,41,intersect,1000000,500000,500000,union_scan,0,1,16082500,16082500,25165824,54,500000,500000,500000,500000,500000,2000000
0,i64,availability,start,start,50,41,intersect,1000000,500000,500000,fused,0,1,14344600,14344600,25165824,54,500000,500000,500000,500000,500000,2000000
0,i64,availability,start,start,50,41,intersect,1000000,500000,500000,events,0,1,111728500,111728500,58720256,38,500000,500000,500000,500000,500000,2000000
0,i64,availability,start,start,50,41,intersect,1000000,500000,500000,fused,1,1,14946800,14946800,25165824,54,500000,500000,500000,500000,500000,2000000
0,i64,availability,start,start,50,41,intersect,1000000,500000,500000,events,1,1,110943800,110943800,58720256,38,500000,500000,500000,500000,500000,2000000
0,i64,availability,start,start,50,41,intersect,1000000,500000,500000,union_scan,1,1,16366900,16366900,25165824,54,500000,500000,500000,500000,500000,2000000
0,i64,availability,start,start,50,41,intersect,1000000,500000,500000,events,2,1,113734000,113734000,58720256,38,500000,500000,500000,500000,500000,2000000
0,i64,availability,start,start,50,41,intersect,1000000,500000,500000,union_scan,2,1,15860100,15860100,25165824,54,500000,500000,500000,500000,500000,2000000
0,i64,availability,start,start,50,41,intersect,1000000,500000,500000,fused,2,1,14743500,14743500,25165824,54,500000,500000,500000,500000,500000,2000000
0,i64,availability,start,start,50,41,intersect,1000000,500000,500000,union_scan,3,1,15167000,15167000,25165824,54,500000,500000,500000,500000,500000,2000000
0,i64,availability,start,start,50,41,intersect,1000000,500000,500000,fused,3,1,14696100,14696100,25165824,54,500000,500000,500000,500000,500000,2000000
0,i64,availability,start,start,50,41,intersect,1000000,500000,500000,events,3,1,111392900,111392900,58720256,38,500000,500000,500000,500000,500000,2000000
0,i64,availability,start,start,50,41,intersect,1000000,500000,500000,fused,4,1,15212000,15212000,25165824,54,500000,500000,500000,500000,500000,2000000
0,i64,availability,start,start,50,41,intersect,1000000,500000,500000,events,4,1,112924100,112924100,58720256,38,500000,500000,500000,500000,500000,2000000
0,i64,availability,start,start,50,41,intersect,1000000,500000,500000,union_scan,4,1,15936000,15936000,25165824,54,500000,500000,500000,500000,500000,2000000
1,i64,availability,shuffled,reverse,50,7,subtract,1000000,500000,500000,union_scan,0,1,33787800,33787800,33554432,57,500000,500000,500000,500000,1000000,2000000
1,i64,availability,shuffled,reverse,50,7,subtract,1000000,500000,500000,fused,0,1,31801700,31801700,33554432,55,500000,500000,500000,500000,1000000,2000000
1,i64,availability,shuffled,reverse,50,7,subtract,1000000,500000,500000,events,0,1,114421600,114421600,67108864,39,500000,500000,500000,500000,1000000,2000000
1,i64,availability,shuffled,reverse,50,7,subtract,1000000,500000,500000,fused,1,1,31461900,31461900,33554432,55,500000,500000,500000,500000,1000000,2000000
1,i64,availability,shuffled,reverse,50,7,subtract,1000000,500000,500000,events,1,1,111710300,111710300,67108864,39,500000,500000,500000,500000,1000000,2000000
1,i64,availability,shuffled,reverse,50,7,subtract,1000000,500000,500000,union_scan,1,1,33283700,33283700,33554432,57,500000,500000,500000,500000,1000000,2000000
1,i64,availability,shuffled,reverse,50,7,subtract,1000000,500000,500000,events,2,1,113569000,113569000,67108864,39,500000,500000,500000,500000,1000000,2000000
1,i64,availability,shuffled,reverse,50,7,subtract,1000000,500000,500000,union_scan,2,1,33306400,33306400,33554432,57,500000,500000,500000,500000,1000000,2000000
1,i64,availability,shuffled,reverse,50,7,subtract,1000000,500000,500000,fused,2,1,30704800,30704800,33554432,55,500000,500000,500000,500000,1000000,2000000
1,i64,availability,shuffled,reverse,50,7,subtract,1000000,500000,500000,union_scan,3,1,33341800,33341800,33554432,57,500000,500000,500000,500000,1000000,2000000
1,i64,availability,shuffled,reverse,50,7,subtract,1000000,500000,500000,fused,3,1,31367500,31367500,33554432,55,500000,500000,500000,500000,1000000,2000000
1,i64,availability,shuffled,reverse,50,7,subtract,1000000,500000,500000,events,3,1,112772800,112772800,67108864,39,500000,500000,500000,500000,1000000,2000000
1,i64,availability,shuffled,reverse,50,7,subtract,1000000,500000,500000,fused,4,1,31265400,31265400,33554432,55,500000,500000,500000,500000,1000000,2000000
1,i64,availability,shuffled,reverse,50,7,subtract,1000000,500000,500000,events,4,1,113577200,113577200,67108864,39,500000,500000,500000,500000,1000000,2000000
1,i64,availability,shuffled,reverse,50,7,subtract,1000000,500000,500000,union_scan,4,1,32777000,32777000,33554432,57,500000,500000,500000,500000,1000000,2000000
1,i64,availability,shuffled,reverse,50,7,intersect,1000000,500000,500000,union_scan,0,1,32669400,32669400,25165824,56,500000,500000,500000,500000,500000,2000000
1,i64,availability,shuffled,reverse,50,7,intersect,1000000,500000,500000,fused,0,1,25826300,25826300,25165824,54,500000,500000,500000,500000,500000,2000000
1,i64,availability,shuffled,reverse,50,7,intersect,1000000,500000,500000,events,0,1,109060000,109060000,58720256,38,500000,500000,500000,500000,500000,2000000
1,i64,availability,shuffled,reverse,50,7,intersect,1000000,500000,500000,fused,1,1,26357600,26357600,25165824,54,500000,500000,500000,500000,500000,2000000
1,i64,availability,shuffled,reverse,50,7,intersect,1000000,500000,500000,events,1,1,109319400,109319400,58720256,38,500000,500000,500000,500000,500000,2000000
1,i64,availability,shuffled,reverse,50,7,intersect,1000000,500000,500000,union_scan,1,1,32452800,32452800,25165824,56,500000,500000,500000,500000,500000,2000000
1,i64,availability,shuffled,reverse,50,7,intersect,1000000,500000,500000,events,2,1,109092600,109092600,58720256,38,500000,500000,500000,500000,500000,2000000
1,i64,availability,shuffled,reverse,50,7,intersect,1000000,500000,500000,union_scan,2,1,31553300,31553300,25165824,56,500000,500000,500000,500000,500000,2000000
1,i64,availability,shuffled,reverse,50,7,intersect,1000000,500000,500000,fused,2,1,26296300,26296300,25165824,54,500000,500000,500000,500000,500000,2000000
1,i64,availability,shuffled,reverse,50,7,intersect,1000000,500000,500000,union_scan,3,1,31422300,31422300,25165824,56,500000,500000,500000,500000,500000,2000000
1,i64,availability,shuffled,reverse,50,7,intersect,1000000,500000,500000,fused,3,1,25763700,25763700,25165824,54,500000,500000,500000,500000,500000,2000000
1,i64,availability,shuffled,reverse,50,7,intersect,1000000,500000,500000,events,3,1,109336100,109336100,58720256,38,500000,500000,500000,500000,500000,2000000
1,i64,availability,shuffled,reverse,50,7,intersect,1000000,500000,500000,fused,4,1,26369600,26369600,25165824,54,500000,500000,500000,500000,500000,2000000
1,i64,availability,shuffled,reverse,50,7,intersect,1000000,500000,500000,events,4,1,108780100,108780100,58720256,38,500000,500000,500000,500000,500000,2000000
1,i64,availability,shuffled,reverse,50,7,intersect,1000000,500000,500000,union_scan,4,1,31619400,31619400,25165824,56,500000,500000,500000,500000,500000,2000000
1,i64,availability,shuffled,reverse,50,41,subtract,1000000,500000,500000,union_scan,0,1,32861500,32861500,33554432,57,500000,500000,500000,500000,1000000,2000000
1,i64,availability,shuffled,reverse,50,41,subtract,1000000,500000,500000,fused,0,1,29731300,29731300,33554432,55,500000,500000,500000,500000,1000000,2000000
1,i64,availability,shuffled,reverse,50,41,subtract,1000000,500000,500000,events,0,1,113097800,113097800,67108864,39,500000,500000,500000,500000,1000000,2000000
1,i64,availability,shuffled,reverse,50,41,subtract,1000000,500000,500000,fused,1,1,30660600,30660600,33554432,55,500000,500000,500000,500000,1000000,2000000
1,i64,availability,shuffled,reverse,50,41,subtract,1000000,500000,500000,events,1,1,116129500,116129500,67108864,39,500000,500000,500000,500000,1000000,2000000
1,i64,availability,shuffled,reverse,50,41,subtract,1000000,500000,500000,union_scan,1,1,32926700,32926700,33554432,57,500000,500000,500000,500000,1000000,2000000
1,i64,availability,shuffled,reverse,50,41,subtract,1000000,500000,500000,events,2,1,113167000,113167000,67108864,39,500000,500000,500000,500000,1000000,2000000
1,i64,availability,shuffled,reverse,50,41,subtract,1000000,500000,500000,union_scan,2,1,33516900,33516900,33554432,57,500000,500000,500000,500000,1000000,2000000
1,i64,availability,shuffled,reverse,50,41,subtract,1000000,500000,500000,fused,2,1,30597500,30597500,33554432,55,500000,500000,500000,500000,1000000,2000000
1,i64,availability,shuffled,reverse,50,41,subtract,1000000,500000,500000,union_scan,3,1,32803800,32803800,33554432,57,500000,500000,500000,500000,1000000,2000000
1,i64,availability,shuffled,reverse,50,41,subtract,1000000,500000,500000,fused,3,1,31063000,31063000,33554432,55,500000,500000,500000,500000,1000000,2000000
1,i64,availability,shuffled,reverse,50,41,subtract,1000000,500000,500000,events,3,1,113301200,113301200,67108864,39,500000,500000,500000,500000,1000000,2000000
1,i64,availability,shuffled,reverse,50,41,subtract,1000000,500000,500000,fused,4,1,31017200,31017200,33554432,55,500000,500000,500000,500000,1000000,2000000
1,i64,availability,shuffled,reverse,50,41,subtract,1000000,500000,500000,events,4,1,113352000,113352000,67108864,39,500000,500000,500000,500000,1000000,2000000
1,i64,availability,shuffled,reverse,50,41,subtract,1000000,500000,500000,union_scan,4,1,32671800,32671800,33554432,57,500000,500000,500000,500000,1000000,2000000
1,i64,availability,shuffled,reverse,50,41,intersect,1000000,500000,500000,union_scan,0,1,31784900,31784900,25165824,56,500000,500000,500000,500000,500000,2000000
1,i64,availability,shuffled,reverse,50,41,intersect,1000000,500000,500000,fused,0,1,25496800,25496800,25165824,54,500000,500000,500000,500000,500000,2000000
1,i64,availability,shuffled,reverse,50,41,intersect,1000000,500000,500000,events,0,1,110107700,110107700,58720256,38,500000,500000,500000,500000,500000,2000000
1,i64,availability,shuffled,reverse,50,41,intersect,1000000,500000,500000,fused,1,1,26440900,26440900,25165824,54,500000,500000,500000,500000,500000,2000000
1,i64,availability,shuffled,reverse,50,41,intersect,1000000,500000,500000,events,1,1,109602700,109602700,58720256,38,500000,500000,500000,500000,500000,2000000
1,i64,availability,shuffled,reverse,50,41,intersect,1000000,500000,500000,union_scan,1,1,31678500,31678500,25165824,56,500000,500000,500000,500000,500000,2000000
1,i64,availability,shuffled,reverse,50,41,intersect,1000000,500000,500000,events,2,1,109638200,109638200,58720256,38,500000,500000,500000,500000,500000,2000000
1,i64,availability,shuffled,reverse,50,41,intersect,1000000,500000,500000,union_scan,2,1,31491800,31491800,25165824,56,500000,500000,500000,500000,500000,2000000
1,i64,availability,shuffled,reverse,50,41,intersect,1000000,500000,500000,fused,2,1,26071400,26071400,25165824,54,500000,500000,500000,500000,500000,2000000
1,i64,availability,shuffled,reverse,50,41,intersect,1000000,500000,500000,union_scan,3,1,30516000,30516000,25165824,56,500000,500000,500000,500000,500000,2000000
1,i64,availability,shuffled,reverse,50,41,intersect,1000000,500000,500000,fused,3,1,26082900,26082900,25165824,54,500000,500000,500000,500000,500000,2000000
1,i64,availability,shuffled,reverse,50,41,intersect,1000000,500000,500000,events,3,1,109695200,109695200,58720256,38,500000,500000,500000,500000,500000,2000000
1,i64,availability,shuffled,reverse,50,41,intersect,1000000,500000,500000,fused,4,1,25902700,25902700,25165824,54,500000,500000,500000,500000,500000,2000000
1,i64,availability,shuffled,reverse,50,41,intersect,1000000,500000,500000,events,4,1,108942100,108942100,58720256,38,500000,500000,500000,500000,500000,2000000
1,i64,availability,shuffled,reverse,50,41,intersect,1000000,500000,500000,union_scan,4,1,31615800,31615800,25165824,56,500000,500000,500000,500000,500000,2000000
2,i64,dense,shuffled,shuffled,50,7,subtract,1000000,500000,500000,union_scan,0,1,31422700,31422700,8000128,5,500000,500000,1,1,1,1000050
2,i64,dense,shuffled,shuffled,50,7,subtract,1000000,500000,500000,fused,0,1,32088400,32088400,16777280,37,500000,500000,1,1,1,1000050
2,i64,dense,shuffled,shuffled,50,7,subtract,1000000,500000,500000,events,0,1,119123300,119123300,50331712,21,500000,500000,1,1,1,1000050
2,i64,dense,shuffled,shuffled,50,7,subtract,1000000,500000,500000,fused,1,1,33396700,33396700,16777280,37,500000,500000,1,1,1,1000050
2,i64,dense,shuffled,shuffled,50,7,subtract,1000000,500000,500000,events,1,1,118093400,118093400,50331712,21,500000,500000,1,1,1,1000050
2,i64,dense,shuffled,shuffled,50,7,subtract,1000000,500000,500000,union_scan,1,1,33606000,33606000,8000128,5,500000,500000,1,1,1,1000050
2,i64,dense,shuffled,shuffled,50,7,subtract,1000000,500000,500000,events,2,1,117554300,117554300,50331712,21,500000,500000,1,1,1,1000050
2,i64,dense,shuffled,shuffled,50,7,subtract,1000000,500000,500000,union_scan,2,1,32810300,32810300,8000128,5,500000,500000,1,1,1,1000050
2,i64,dense,shuffled,shuffled,50,7,subtract,1000000,500000,500000,fused,2,1,32758100,32758100,16777280,37,500000,500000,1,1,1,1000050
2,i64,dense,shuffled,shuffled,50,7,subtract,1000000,500000,500000,union_scan,3,1,31929600,31929600,8000128,5,500000,500000,1,1,1,1000050
2,i64,dense,shuffled,shuffled,50,7,subtract,1000000,500000,500000,fused,3,1,32211800,32211800,16777280,37,500000,500000,1,1,1,1000050
2,i64,dense,shuffled,shuffled,50,7,subtract,1000000,500000,500000,events,3,1,117890900,117890900,50331712,21,500000,500000,1,1,1,1000050
2,i64,dense,shuffled,shuffled,50,7,subtract,1000000,500000,500000,fused,4,1,34090900,34090900,16777280,37,500000,500000,1,1,1,1000050
2,i64,dense,shuffled,shuffled,50,7,subtract,1000000,500000,500000,events,4,1,113821800,113821800,50331712,21,500000,500000,1,1,1,1000050
2,i64,dense,shuffled,shuffled,50,7,subtract,1000000,500000,500000,union_scan,4,1,31941800,31941800,8000128,5,500000,500000,1,1,1,1000050
2,i64,dense,shuffled,shuffled,50,7,intersect,1000000,500000,500000,union_scan,0,1,31567600,31567600,8000128,5,500000,500000,1,1,1,1000050
2,i64,dense,shuffled,shuffled,50,7,intersect,1000000,500000,500000,fused,0,1,34994600,34994600,16777280,37,500000,500000,1,1,1,1000050
2,i64,dense,shuffled,shuffled,50,7,intersect,1000000,500000,500000,events,0,1,120853200,120853200,50331712,21,500000,500000,1,1,1,1000050
2,i64,dense,shuffled,shuffled,50,7,intersect,1000000,500000,500000,fused,1,1,32424900,32424900,16777280,37,500000,500000,1,1,1,1000050
2,i64,dense,shuffled,shuffled,50,7,intersect,1000000,500000,500000,events,1,1,114452500,114452500,50331712,21,500000,500000,1,1,1,1000050
2,i64,dense,shuffled,shuffled,50,7,intersect,1000000,500000,500000,union_scan,1,1,31299700,31299700,8000128,5,500000,500000,1,1,1,1000050
2,i64,dense,shuffled,shuffled,50,7,intersect,1000000,500000,500000,events,2,1,119842100,119842100,50331712,21,500000,500000,1,1,1,1000050
2,i64,dense,shuffled,shuffled,50,7,intersect,1000000,500000,500000,union_scan,2,1,32749700,32749700,8000128,5,500000,500000,1,1,1,1000050
2,i64,dense,shuffled,shuffled,50,7,intersect,1000000,500000,500000,fused,2,1,32770000,32770000,16777280,37,500000,500000,1,1,1,1000050
2,i64,dense,shuffled,shuffled,50,7,intersect,1000000,500000,500000,union_scan,3,1,32471900,32471900,8000128,5,500000,500000,1,1,1,1000050
2,i64,dense,shuffled,shuffled,50,7,intersect,1000000,500000,500000,fused,3,1,33501800,33501800,16777280,37,500000,500000,1,1,1,1000050
2,i64,dense,shuffled,shuffled,50,7,intersect,1000000,500000,500000,events,3,1,121651600,121651600,50331712,21,500000,500000,1,1,1,1000050
2,i64,dense,shuffled,shuffled,50,7,intersect,1000000,500000,500000,fused,4,1,33439000,33439000,16777280,37,500000,500000,1,1,1,1000050
2,i64,dense,shuffled,shuffled,50,7,intersect,1000000,500000,500000,events,4,1,119717100,119717100,50331712,21,500000,500000,1,1,1,1000050
2,i64,dense,shuffled,shuffled,50,7,intersect,1000000,500000,500000,union_scan,4,1,32241100,32241100,8000128,5,500000,500000,1,1,1,1000050
2,i64,dense,shuffled,shuffled,50,41,subtract,1000000,500000,500000,union_scan,0,1,32129800,32129800,8000128,5,500000,500000,1,1,1,1000051
2,i64,dense,shuffled,shuffled,50,41,subtract,1000000,500000,500000,fused,0,1,32824800,32824800,16777280,37,500000,500000,1,1,1,1000051
2,i64,dense,shuffled,shuffled,50,41,subtract,1000000,500000,500000,events,0,1,118169700,118169700,50331712,21,500000,500000,1,1,1,1000051
2,i64,dense,shuffled,shuffled,50,41,subtract,1000000,500000,500000,fused,1,1,33058500,33058500,16777280,37,500000,500000,1,1,1,1000051
2,i64,dense,shuffled,shuffled,50,41,subtract,1000000,500000,500000,events,1,1,118015400,118015400,50331712,21,500000,500000,1,1,1,1000051
2,i64,dense,shuffled,shuffled,50,41,subtract,1000000,500000,500000,union_scan,1,1,32333200,32333200,8000128,5,500000,500000,1,1,1,1000051
2,i64,dense,shuffled,shuffled,50,41,subtract,1000000,500000,500000,events,2,1,125741400,125741400,50331712,21,500000,500000,1,1,1,1000051
2,i64,dense,shuffled,shuffled,50,41,subtract,1000000,500000,500000,union_scan,2,1,35858900,35858900,8000128,5,500000,500000,1,1,1,1000051
2,i64,dense,shuffled,shuffled,50,41,subtract,1000000,500000,500000,fused,2,1,32366200,32366200,16777280,37,500000,500000,1,1,1,1000051
2,i64,dense,shuffled,shuffled,50,41,subtract,1000000,500000,500000,union_scan,3,1,30563700,30563700,8000128,5,500000,500000,1,1,1,1000051
2,i64,dense,shuffled,shuffled,50,41,subtract,1000000,500000,500000,fused,3,1,32101900,32101900,16777280,37,500000,500000,1,1,1,1000051
2,i64,dense,shuffled,shuffled,50,41,subtract,1000000,500000,500000,events,3,1,114681900,114681900,50331712,21,500000,500000,1,1,1,1000051
2,i64,dense,shuffled,shuffled,50,41,subtract,1000000,500000,500000,fused,4,1,31922900,31922900,16777280,37,500000,500000,1,1,1,1000051
2,i64,dense,shuffled,shuffled,50,41,subtract,1000000,500000,500000,events,4,1,113262900,113262900,50331712,21,500000,500000,1,1,1,1000051
2,i64,dense,shuffled,shuffled,50,41,subtract,1000000,500000,500000,union_scan,4,1,31005500,31005500,8000128,5,500000,500000,1,1,1,1000051
2,i64,dense,shuffled,shuffled,50,41,intersect,1000000,500000,500000,union_scan,0,1,30929400,30929400,8000128,5,500000,500000,1,1,1,1000051
2,i64,dense,shuffled,shuffled,50,41,intersect,1000000,500000,500000,fused,0,1,31826000,31826000,16777280,37,500000,500000,1,1,1,1000051
2,i64,dense,shuffled,shuffled,50,41,intersect,1000000,500000,500000,events,0,1,114128700,114128700,50331712,21,500000,500000,1,1,1,1000051
2,i64,dense,shuffled,shuffled,50,41,intersect,1000000,500000,500000,fused,1,1,32261100,32261100,16777280,37,500000,500000,1,1,1,1000051
2,i64,dense,shuffled,shuffled,50,41,intersect,1000000,500000,500000,events,1,1,113690600,113690600,50331712,21,500000,500000,1,1,1,1000051
2,i64,dense,shuffled,shuffled,50,41,intersect,1000000,500000,500000,union_scan,1,1,32054000,32054000,8000128,5,500000,500000,1,1,1,1000051
2,i64,dense,shuffled,shuffled,50,41,intersect,1000000,500000,500000,events,2,1,116864500,116864500,50331712,21,500000,500000,1,1,1,1000051
2,i64,dense,shuffled,shuffled,50,41,intersect,1000000,500000,500000,union_scan,2,1,31054300,31054300,8000128,5,500000,500000,1,1,1,1000051
2,i64,dense,shuffled,shuffled,50,41,intersect,1000000,500000,500000,fused,2,1,32394800,32394800,16777280,37,500000,500000,1,1,1,1000051
2,i64,dense,shuffled,shuffled,50,41,intersect,1000000,500000,500000,union_scan,3,1,31054200,31054200,8000128,5,500000,500000,1,1,1,1000051
2,i64,dense,shuffled,shuffled,50,41,intersect,1000000,500000,500000,fused,3,1,32124500,32124500,16777280,37,500000,500000,1,1,1,1000051
2,i64,dense,shuffled,shuffled,50,41,intersect,1000000,500000,500000,events,3,1,117866800,117866800,50331712,21,500000,500000,1,1,1,1000051
2,i64,dense,shuffled,shuffled,50,41,intersect,1000000,500000,500000,fused,4,1,33922300,33922300,16777280,37,500000,500000,1,1,1,1000051
2,i64,dense,shuffled,shuffled,50,41,intersect,1000000,500000,500000,events,4,1,120959900,120959900,50331712,21,500000,500000,1,1,1,1000051
2,i64,dense,shuffled,shuffled,50,41,intersect,1000000,500000,500000,union_scan,4,1,31736900,31736900,8000128,5,500000,500000,1,1,1,1000051
3,i64,nested,start,shuffled,50,7,subtract,1000000,500000,500000,union_scan,0,1,18149200,18149200,8000128,3,500000,500000,1,1,0,1000000
3,i64,nested,start,shuffled,50,7,subtract,1000000,500000,500000,fused,0,1,22445800,22445800,16777216,36,500000,500000,1,1,0,1000000
3,i64,nested,start,shuffled,50,7,subtract,1000000,500000,500000,events,0,1,115010800,115010800,50331648,20,500000,500000,1,1,0,1000000
3,i64,nested,start,shuffled,50,7,subtract,1000000,500000,500000,fused,1,1,21446000,21446000,16777216,36,500000,500000,1,1,0,1000000
3,i64,nested,start,shuffled,50,7,subtract,1000000,500000,500000,events,1,1,110989600,110989600,50331648,20,500000,500000,1,1,0,1000000
3,i64,nested,start,shuffled,50,7,subtract,1000000,500000,500000,union_scan,1,1,17596700,17596700,8000128,3,500000,500000,1,1,0,1000000
3,i64,nested,start,shuffled,50,7,subtract,1000000,500000,500000,events,2,1,108998700,108998700,50331648,20,500000,500000,1,1,0,1000000
3,i64,nested,start,shuffled,50,7,subtract,1000000,500000,500000,union_scan,2,1,17627700,17627700,8000128,3,500000,500000,1,1,0,1000000
3,i64,nested,start,shuffled,50,7,subtract,1000000,500000,500000,fused,2,1,21432500,21432500,16777216,36,500000,500000,1,1,0,1000000
3,i64,nested,start,shuffled,50,7,subtract,1000000,500000,500000,union_scan,3,1,16954100,16954100,8000128,3,500000,500000,1,1,0,1000000
3,i64,nested,start,shuffled,50,7,subtract,1000000,500000,500000,fused,3,1,20856900,20856900,16777216,36,500000,500000,1,1,0,1000000
3,i64,nested,start,shuffled,50,7,subtract,1000000,500000,500000,events,3,1,109934300,109934300,50331648,20,500000,500000,1,1,0,1000000
3,i64,nested,start,shuffled,50,7,subtract,1000000,500000,500000,fused,4,1,21861700,21861700,16777216,36,500000,500000,1,1,0,1000000
3,i64,nested,start,shuffled,50,7,subtract,1000000,500000,500000,events,4,1,112231200,112231200,50331648,20,500000,500000,1,1,0,1000000
3,i64,nested,start,shuffled,50,7,subtract,1000000,500000,500000,union_scan,4,1,18141500,18141500,8000128,3,500000,500000,1,1,0,1000000
3,i64,nested,start,shuffled,50,7,intersect,1000000,500000,500000,union_scan,0,1,17443000,17443000,8000128,4,500000,500000,1,1,1,1000000
3,i64,nested,start,shuffled,50,7,intersect,1000000,500000,500000,fused,0,1,20726700,20726700,16777280,37,500000,500000,1,1,1,1000000
3,i64,nested,start,shuffled,50,7,intersect,1000000,500000,500000,events,0,1,112248100,112248100,50331712,21,500000,500000,1,1,1,1000000
3,i64,nested,start,shuffled,50,7,intersect,1000000,500000,500000,fused,1,1,21472700,21472700,16777280,37,500000,500000,1,1,1,1000000
3,i64,nested,start,shuffled,50,7,intersect,1000000,500000,500000,events,1,1,111221900,111221900,50331712,21,500000,500000,1,1,1,1000000
3,i64,nested,start,shuffled,50,7,intersect,1000000,500000,500000,union_scan,1,1,17497200,17497200,8000128,4,500000,500000,1,1,1,1000000
3,i64,nested,start,shuffled,50,7,intersect,1000000,500000,500000,events,2,1,110321800,110321800,50331712,21,500000,500000,1,1,1,1000000
3,i64,nested,start,shuffled,50,7,intersect,1000000,500000,500000,union_scan,2,1,18015600,18015600,8000128,4,500000,500000,1,1,1,1000000
3,i64,nested,start,shuffled,50,7,intersect,1000000,500000,500000,fused,2,1,21843300,21843300,16777280,37,500000,500000,1,1,1,1000000
3,i64,nested,start,shuffled,50,7,intersect,1000000,500000,500000,union_scan,3,1,17139400,17139400,8000128,4,500000,500000,1,1,1,1000000
3,i64,nested,start,shuffled,50,7,intersect,1000000,500000,500000,fused,3,1,21078000,21078000,16777280,37,500000,500000,1,1,1,1000000
3,i64,nested,start,shuffled,50,7,intersect,1000000,500000,500000,events,3,1,111431900,111431900,50331712,21,500000,500000,1,1,1,1000000
3,i64,nested,start,shuffled,50,7,intersect,1000000,500000,500000,fused,4,1,21131300,21131300,16777280,37,500000,500000,1,1,1,1000000
3,i64,nested,start,shuffled,50,7,intersect,1000000,500000,500000,events,4,1,111679400,111679400,50331712,21,500000,500000,1,1,1,1000000
3,i64,nested,start,shuffled,50,7,intersect,1000000,500000,500000,union_scan,4,1,18037800,18037800,8000128,4,500000,500000,1,1,1,1000000
3,i64,nested,start,shuffled,50,41,subtract,1000000,500000,500000,union_scan,0,1,17377300,17377300,8000128,3,500000,500000,1,1,0,1000000
3,i64,nested,start,shuffled,50,41,subtract,1000000,500000,500000,fused,0,1,20784600,20784600,16777216,36,500000,500000,1,1,0,1000000
3,i64,nested,start,shuffled,50,41,subtract,1000000,500000,500000,events,0,1,114993400,114993400,50331648,20,500000,500000,1,1,0,1000000
3,i64,nested,start,shuffled,50,41,subtract,1000000,500000,500000,fused,1,1,21842200,21842200,16777216,36,500000,500000,1,1,0,1000000
3,i64,nested,start,shuffled,50,41,subtract,1000000,500000,500000,events,1,1,109180200,109180200,50331648,20,500000,500000,1,1,0,1000000
3,i64,nested,start,shuffled,50,41,subtract,1000000,500000,500000,union_scan,1,1,18770200,18770200,8000128,3,500000,500000,1,1,0,1000000
3,i64,nested,start,shuffled,50,41,subtract,1000000,500000,500000,events,2,1,111289100,111289100,50331648,20,500000,500000,1,1,0,1000000
3,i64,nested,start,shuffled,50,41,subtract,1000000,500000,500000,union_scan,2,1,18650400,18650400,8000128,3,500000,500000,1,1,0,1000000
3,i64,nested,start,shuffled,50,41,subtract,1000000,500000,500000,fused,2,1,21697700,21697700,16777216,36,500000,500000,1,1,0,1000000
3,i64,nested,start,shuffled,50,41,subtract,1000000,500000,500000,union_scan,3,1,18110300,18110300,8000128,3,500000,500000,1,1,0,1000000
3,i64,nested,start,shuffled,50,41,subtract,1000000,500000,500000,fused,3,1,21541500,21541500,16777216,36,500000,500000,1,1,0,1000000
3,i64,nested,start,shuffled,50,41,subtract,1000000,500000,500000,events,3,1,115584100,115584100,50331648,20,500000,500000,1,1,0,1000000
3,i64,nested,start,shuffled,50,41,subtract,1000000,500000,500000,fused,4,1,22089800,22089800,16777216,36,500000,500000,1,1,0,1000000
3,i64,nested,start,shuffled,50,41,subtract,1000000,500000,500000,events,4,1,118972000,118972000,50331648,20,500000,500000,1,1,0,1000000
3,i64,nested,start,shuffled,50,41,subtract,1000000,500000,500000,union_scan,4,1,18942100,18942100,8000128,3,500000,500000,1,1,0,1000000
3,i64,nested,start,shuffled,50,41,intersect,1000000,500000,500000,union_scan,0,1,17588700,17588700,8000128,4,500000,500000,1,1,1,1000000
3,i64,nested,start,shuffled,50,41,intersect,1000000,500000,500000,fused,0,1,20852300,20852300,16777280,37,500000,500000,1,1,1,1000000
3,i64,nested,start,shuffled,50,41,intersect,1000000,500000,500000,events,0,1,110391300,110391300,50331712,21,500000,500000,1,1,1,1000000
3,i64,nested,start,shuffled,50,41,intersect,1000000,500000,500000,fused,1,1,22037900,22037900,16777280,37,500000,500000,1,1,1,1000000
3,i64,nested,start,shuffled,50,41,intersect,1000000,500000,500000,events,1,1,112691200,112691200,50331712,21,500000,500000,1,1,1,1000000
3,i64,nested,start,shuffled,50,41,intersect,1000000,500000,500000,union_scan,1,1,18677200,18677200,8000128,4,500000,500000,1,1,1,1000000
3,i64,nested,start,shuffled,50,41,intersect,1000000,500000,500000,events,2,1,113616600,113616600,50331712,21,500000,500000,1,1,1,1000000
3,i64,nested,start,shuffled,50,41,intersect,1000000,500000,500000,union_scan,2,1,18583800,18583800,8000128,4,500000,500000,1,1,1,1000000
3,i64,nested,start,shuffled,50,41,intersect,1000000,500000,500000,fused,2,1,21338600,21338600,16777280,37,500000,500000,1,1,1,1000000
3,i64,nested,start,shuffled,50,41,intersect,1000000,500000,500000,union_scan,3,1,17726600,17726600,8000128,4,500000,500000,1,1,1,1000000
3,i64,nested,start,shuffled,50,41,intersect,1000000,500000,500000,fused,3,1,22044500,22044500,16777280,37,500000,500000,1,1,1,1000000
3,i64,nested,start,shuffled,50,41,intersect,1000000,500000,500000,events,3,1,113920500,113920500,50331712,21,500000,500000,1,1,1,1000000
3,i64,nested,start,shuffled,50,41,intersect,1000000,500000,500000,fused,4,1,22724100,22724100,16777280,37,500000,500000,1,1,1,1000000
3,i64,nested,start,shuffled,50,41,intersect,1000000,500000,500000,events,4,1,113631100,113631100,50331712,21,500000,500000,1,1,1,1000000
3,i64,nested,start,shuffled,50,41,intersect,1000000,500000,500000,union_scan,4,1,18202000,18202000,8000128,4,500000,500000,1,1,1,1000000
4,i64,duplicates,shuffled,reverse,50,7,subtract,1000000,500000,500000,union_scan,0,1,11874200,11874200,8000128,4,500000,500000,1,1,0,16
4,i64,duplicates,shuffled,reverse,50,7,subtract,1000000,500000,500000,fused,0,1,12913600,12913600,16777216,36,500000,500000,1,1,0,16
4,i64,duplicates,shuffled,reverse,50,7,subtract,1000000,500000,500000,events,0,1,67455700,67455700,50331648,20,500000,500000,1,1,0,16
4,i64,duplicates,shuffled,reverse,50,7,subtract,1000000,500000,500000,fused,1,1,12783200,12783200,16777216,36,500000,500000,1,1,0,16
4,i64,duplicates,shuffled,reverse,50,7,subtract,1000000,500000,500000,events,1,1,68017200,68017200,50331648,20,500000,500000,1,1,0,16
4,i64,duplicates,shuffled,reverse,50,7,subtract,1000000,500000,500000,union_scan,1,1,12123900,12123900,8000128,4,500000,500000,1,1,0,16
4,i64,duplicates,shuffled,reverse,50,7,subtract,1000000,500000,500000,events,2,1,69153400,69153400,50331648,20,500000,500000,1,1,0,16
4,i64,duplicates,shuffled,reverse,50,7,subtract,1000000,500000,500000,union_scan,2,1,12035300,12035300,8000128,4,500000,500000,1,1,0,16
4,i64,duplicates,shuffled,reverse,50,7,subtract,1000000,500000,500000,fused,2,1,12762800,12762800,16777216,36,500000,500000,1,1,0,16
4,i64,duplicates,shuffled,reverse,50,7,subtract,1000000,500000,500000,union_scan,3,1,11976400,11976400,8000128,4,500000,500000,1,1,0,16
4,i64,duplicates,shuffled,reverse,50,7,subtract,1000000,500000,500000,fused,3,1,12384500,12384500,16777216,36,500000,500000,1,1,0,16
4,i64,duplicates,shuffled,reverse,50,7,subtract,1000000,500000,500000,events,3,1,68064700,68064700,50331648,20,500000,500000,1,1,0,16
4,i64,duplicates,shuffled,reverse,50,7,subtract,1000000,500000,500000,fused,4,1,13401800,13401800,16777216,36,500000,500000,1,1,0,16
4,i64,duplicates,shuffled,reverse,50,7,subtract,1000000,500000,500000,events,4,1,67610000,67610000,50331648,20,500000,500000,1,1,0,16
4,i64,duplicates,shuffled,reverse,50,7,subtract,1000000,500000,500000,union_scan,4,1,11951100,11951100,8000128,4,500000,500000,1,1,0,16
4,i64,duplicates,shuffled,reverse,50,7,intersect,1000000,500000,500000,union_scan,0,1,12161700,12161700,8000128,5,500000,500000,1,1,1,16
4,i64,duplicates,shuffled,reverse,50,7,intersect,1000000,500000,500000,fused,0,1,12596800,12596800,16777280,37,500000,500000,1,1,1,16
4,i64,duplicates,shuffled,reverse,50,7,intersect,1000000,500000,500000,events,0,1,67915700,67915700,50331712,21,500000,500000,1,1,1,16
4,i64,duplicates,shuffled,reverse,50,7,intersect,1000000,500000,500000,fused,1,1,13730800,13730800,16777280,37,500000,500000,1,1,1,16
4,i64,duplicates,shuffled,reverse,50,7,intersect,1000000,500000,500000,events,1,1,67582200,67582200,50331712,21,500000,500000,1,1,1,16
4,i64,duplicates,shuffled,reverse,50,7,intersect,1000000,500000,500000,union_scan,1,1,12207100,12207100,8000128,5,500000,500000,1,1,1,16
4,i64,duplicates,shuffled,reverse,50,7,intersect,1000000,500000,500000,events,2,1,67735900,67735900,50331712,21,500000,500000,1,1,1,16
4,i64,duplicates,shuffled,reverse,50,7,intersect,1000000,500000,500000,union_scan,2,1,12358000,12358000,8000128,5,500000,500000,1,1,1,16
4,i64,duplicates,shuffled,reverse,50,7,intersect,1000000,500000,500000,fused,2,1,13171900,13171900,16777280,37,500000,500000,1,1,1,16
4,i64,duplicates,shuffled,reverse,50,7,intersect,1000000,500000,500000,union_scan,3,1,11781300,11781300,8000128,5,500000,500000,1,1,1,16
4,i64,duplicates,shuffled,reverse,50,7,intersect,1000000,500000,500000,fused,3,1,12991600,12991600,16777280,37,500000,500000,1,1,1,16
4,i64,duplicates,shuffled,reverse,50,7,intersect,1000000,500000,500000,events,3,1,67660400,67660400,50331712,21,500000,500000,1,1,1,16
4,i64,duplicates,shuffled,reverse,50,7,intersect,1000000,500000,500000,fused,4,1,13404700,13404700,16777280,37,500000,500000,1,1,1,16
4,i64,duplicates,shuffled,reverse,50,7,intersect,1000000,500000,500000,events,4,1,68158100,68158100,50331712,21,500000,500000,1,1,1,16
4,i64,duplicates,shuffled,reverse,50,7,intersect,1000000,500000,500000,union_scan,4,1,12857100,12857100,8000128,5,500000,500000,1,1,1,16
4,i64,duplicates,shuffled,reverse,50,41,subtract,1000000,500000,500000,union_scan,0,1,11896800,11896800,8000128,4,500000,500000,1,1,0,16
4,i64,duplicates,shuffled,reverse,50,41,subtract,1000000,500000,500000,fused,0,1,12674100,12674100,16777216,36,500000,500000,1,1,0,16
4,i64,duplicates,shuffled,reverse,50,41,subtract,1000000,500000,500000,events,0,1,67234600,67234600,50331648,20,500000,500000,1,1,0,16
4,i64,duplicates,shuffled,reverse,50,41,subtract,1000000,500000,500000,fused,1,1,13941900,13941900,16777216,36,500000,500000,1,1,0,16
4,i64,duplicates,shuffled,reverse,50,41,subtract,1000000,500000,500000,events,1,1,67687700,67687700,50331648,20,500000,500000,1,1,0,16
4,i64,duplicates,shuffled,reverse,50,41,subtract,1000000,500000,500000,union_scan,1,1,12320100,12320100,8000128,4,500000,500000,1,1,0,16
4,i64,duplicates,shuffled,reverse,50,41,subtract,1000000,500000,500000,events,2,1,67844100,67844100,50331648,20,500000,500000,1,1,0,16
4,i64,duplicates,shuffled,reverse,50,41,subtract,1000000,500000,500000,union_scan,2,1,12045600,12045600,8000128,4,500000,500000,1,1,0,16
4,i64,duplicates,shuffled,reverse,50,41,subtract,1000000,500000,500000,fused,2,1,13129700,13129700,16777216,36,500000,500000,1,1,0,16
4,i64,duplicates,shuffled,reverse,50,41,subtract,1000000,500000,500000,union_scan,3,1,12302700,12302700,8000128,4,500000,500000,1,1,0,16
4,i64,duplicates,shuffled,reverse,50,41,subtract,1000000,500000,500000,fused,3,1,13070100,13070100,16777216,36,500000,500000,1,1,0,16
4,i64,duplicates,shuffled,reverse,50,41,subtract,1000000,500000,500000,events,3,1,67110500,67110500,50331648,20,500000,500000,1,1,0,16
4,i64,duplicates,shuffled,reverse,50,41,subtract,1000000,500000,500000,fused,4,1,13572000,13572000,16777216,36,500000,500000,1,1,0,16
4,i64,duplicates,shuffled,reverse,50,41,subtract,1000000,500000,500000,events,4,1,66998700,66998700,50331648,20,500000,500000,1,1,0,16
4,i64,duplicates,shuffled,reverse,50,41,subtract,1000000,500000,500000,union_scan,4,1,12506500,12506500,8000128,4,500000,500000,1,1,0,16
4,i64,duplicates,shuffled,reverse,50,41,intersect,1000000,500000,500000,union_scan,0,1,12577800,12577800,8000128,5,500000,500000,1,1,1,16
4,i64,duplicates,shuffled,reverse,50,41,intersect,1000000,500000,500000,fused,0,1,13438300,13438300,16777280,37,500000,500000,1,1,1,16
4,i64,duplicates,shuffled,reverse,50,41,intersect,1000000,500000,500000,events,0,1,67051800,67051800,50331712,21,500000,500000,1,1,1,16
4,i64,duplicates,shuffled,reverse,50,41,intersect,1000000,500000,500000,fused,1,1,13245900,13245900,16777280,37,500000,500000,1,1,1,16
4,i64,duplicates,shuffled,reverse,50,41,intersect,1000000,500000,500000,events,1,1,67585500,67585500,50331712,21,500000,500000,1,1,1,16
4,i64,duplicates,shuffled,reverse,50,41,intersect,1000000,500000,500000,union_scan,1,1,12550700,12550700,8000128,5,500000,500000,1,1,1,16
4,i64,duplicates,shuffled,reverse,50,41,intersect,1000000,500000,500000,events,2,1,67918800,67918800,50331712,21,500000,500000,1,1,1,16
4,i64,duplicates,shuffled,reverse,50,41,intersect,1000000,500000,500000,union_scan,2,1,12794200,12794200,8000128,5,500000,500000,1,1,1,16
4,i64,duplicates,shuffled,reverse,50,41,intersect,1000000,500000,500000,fused,2,1,13071300,13071300,16777280,37,500000,500000,1,1,1,16
4,i64,duplicates,shuffled,reverse,50,41,intersect,1000000,500000,500000,union_scan,3,1,11709600,11709600,8000128,5,500000,500000,1,1,1,16
4,i64,duplicates,shuffled,reverse,50,41,intersect,1000000,500000,500000,fused,3,1,12781500,12781500,16777280,37,500000,500000,1,1,1,16
4,i64,duplicates,shuffled,reverse,50,41,intersect,1000000,500000,500000,events,3,1,66981500,66981500,50331712,21,500000,500000,1,1,1,16
4,i64,duplicates,shuffled,reverse,50,41,intersect,1000000,500000,500000,fused,4,1,14172800,14172800,16777280,37,500000,500000,1,1,1,16
4,i64,duplicates,shuffled,reverse,50,41,intersect,1000000,500000,500000,events,4,1,67521700,67521700,50331712,21,500000,500000,1,1,1,16
4,i64,duplicates,shuffled,reverse,50,41,intersect,1000000,500000,500000,union_scan,4,1,11978500,11978500,8000128,5,500000,500000,1,1,1,16
6,i64,disjoint,shuffled,shuffled,50,7,subtract,1000000,500000,500000,union_scan,0,1,39613200,39613200,25165824,56,500000,500000,500000,500000,500000,2000000
6,i64,disjoint,shuffled,shuffled,50,7,subtract,1000000,500000,500000,fused,0,1,37112900,37112900,25165824,54,500000,500000,500000,500000,500000,2000000
6,i64,disjoint,shuffled,shuffled,50,7,subtract,1000000,500000,500000,events,0,1,108435100,108435100,58720256,38,500000,500000,500000,500000,500000,2000000
6,i64,disjoint,shuffled,shuffled,50,7,subtract,1000000,500000,500000,fused,1,1,37123300,37123300,25165824,54,500000,500000,500000,500000,500000,2000000
6,i64,disjoint,shuffled,shuffled,50,7,subtract,1000000,500000,500000,events,1,1,107656700,107656700,58720256,38,500000,500000,500000,500000,500000,2000000
6,i64,disjoint,shuffled,shuffled,50,7,subtract,1000000,500000,500000,union_scan,1,1,40582500,40582500,25165824,56,500000,500000,500000,500000,500000,2000000
6,i64,disjoint,shuffled,shuffled,50,7,subtract,1000000,500000,500000,events,2,1,107871900,107871900,58720256,38,500000,500000,500000,500000,500000,2000000
6,i64,disjoint,shuffled,shuffled,50,7,subtract,1000000,500000,500000,union_scan,2,1,40728700,40728700,25165824,56,500000,500000,500000,500000,500000,2000000
6,i64,disjoint,shuffled,shuffled,50,7,subtract,1000000,500000,500000,fused,2,1,36654500,36654500,25165824,54,500000,500000,500000,500000,500000,2000000
6,i64,disjoint,shuffled,shuffled,50,7,subtract,1000000,500000,500000,union_scan,3,1,39976900,39976900,25165824,56,500000,500000,500000,500000,500000,2000000
6,i64,disjoint,shuffled,shuffled,50,7,subtract,1000000,500000,500000,fused,3,1,36527500,36527500,25165824,54,500000,500000,500000,500000,500000,2000000
6,i64,disjoint,shuffled,shuffled,50,7,subtract,1000000,500000,500000,events,3,1,108943800,108943800,58720256,38,500000,500000,500000,500000,500000,2000000
6,i64,disjoint,shuffled,shuffled,50,7,subtract,1000000,500000,500000,fused,4,1,37088200,37088200,25165824,54,500000,500000,500000,500000,500000,2000000
6,i64,disjoint,shuffled,shuffled,50,7,subtract,1000000,500000,500000,events,4,1,107752100,107752100,58720256,38,500000,500000,500000,500000,500000,2000000
6,i64,disjoint,shuffled,shuffled,50,7,subtract,1000000,500000,500000,union_scan,4,1,39837900,39837900,25165824,56,500000,500000,500000,500000,500000,2000000
6,i64,disjoint,shuffled,shuffled,50,7,intersect,1000000,500000,500000,union_scan,0,1,39445000,39445000,24777216,38,500000,500000,500000,500000,0,2000000
6,i64,disjoint,shuffled,shuffled,50,7,intersect,1000000,500000,500000,fused,0,1,34041800,34041800,16777216,36,500000,500000,500000,500000,0,2000000
6,i64,disjoint,shuffled,shuffled,50,7,intersect,1000000,500000,500000,events,0,1,107384000,107384000,50331648,20,500000,500000,500000,500000,0,2000000
6,i64,disjoint,shuffled,shuffled,50,7,intersect,1000000,500000,500000,fused,1,1,33817300,33817300,16777216,36,500000,500000,500000,500000,0,2000000
6,i64,disjoint,shuffled,shuffled,50,7,intersect,1000000,500000,500000,events,1,1,107655800,107655800,50331648,20,500000,500000,500000,500000,0,2000000
6,i64,disjoint,shuffled,shuffled,50,7,intersect,1000000,500000,500000,union_scan,1,1,40182700,40182700,24777216,38,500000,500000,500000,500000,0,2000000
6,i64,disjoint,shuffled,shuffled,50,7,intersect,1000000,500000,500000,events,2,1,108515500,108515500,50331648,20,500000,500000,500000,500000,0,2000000
6,i64,disjoint,shuffled,shuffled,50,7,intersect,1000000,500000,500000,union_scan,2,1,41057500,41057500,24777216,38,500000,500000,500000,500000,0,2000000
6,i64,disjoint,shuffled,shuffled,50,7,intersect,1000000,500000,500000,fused,2,1,33960800,33960800,16777216,36,500000,500000,500000,500000,0,2000000
6,i64,disjoint,shuffled,shuffled,50,7,intersect,1000000,500000,500000,union_scan,3,1,40137600,40137600,24777216,38,500000,500000,500000,500000,0,2000000
6,i64,disjoint,shuffled,shuffled,50,7,intersect,1000000,500000,500000,fused,3,1,33885800,33885800,16777216,36,500000,500000,500000,500000,0,2000000
6,i64,disjoint,shuffled,shuffled,50,7,intersect,1000000,500000,500000,events,3,1,110086200,110086200,50331648,20,500000,500000,500000,500000,0,2000000
6,i64,disjoint,shuffled,shuffled,50,7,intersect,1000000,500000,500000,fused,4,1,35103000,35103000,16777216,36,500000,500000,500000,500000,0,2000000
6,i64,disjoint,shuffled,shuffled,50,7,intersect,1000000,500000,500000,events,4,1,107536700,107536700,50331648,20,500000,500000,500000,500000,0,2000000
6,i64,disjoint,shuffled,shuffled,50,7,intersect,1000000,500000,500000,union_scan,4,1,40455300,40455300,24777216,38,500000,500000,500000,500000,0,2000000
6,i64,disjoint,shuffled,shuffled,50,41,subtract,1000000,500000,500000,union_scan,0,1,41341900,41341900,25165824,56,500000,500000,500000,500000,500000,2000000
6,i64,disjoint,shuffled,shuffled,50,41,subtract,1000000,500000,500000,fused,0,1,36410600,36410600,25165824,54,500000,500000,500000,500000,500000,2000000
6,i64,disjoint,shuffled,shuffled,50,41,subtract,1000000,500000,500000,events,0,1,107867900,107867900,58720256,38,500000,500000,500000,500000,500000,2000000
6,i64,disjoint,shuffled,shuffled,50,41,subtract,1000000,500000,500000,fused,1,1,36577700,36577700,25165824,54,500000,500000,500000,500000,500000,2000000
6,i64,disjoint,shuffled,shuffled,50,41,subtract,1000000,500000,500000,events,1,1,107357000,107357000,58720256,38,500000,500000,500000,500000,500000,2000000
6,i64,disjoint,shuffled,shuffled,50,41,subtract,1000000,500000,500000,union_scan,1,1,40446000,40446000,25165824,56,500000,500000,500000,500000,500000,2000000
6,i64,disjoint,shuffled,shuffled,50,41,subtract,1000000,500000,500000,events,2,1,107668600,107668600,58720256,38,500000,500000,500000,500000,500000,2000000
6,i64,disjoint,shuffled,shuffled,50,41,subtract,1000000,500000,500000,union_scan,2,1,40939100,40939100,25165824,56,500000,500000,500000,500000,500000,2000000
6,i64,disjoint,shuffled,shuffled,50,41,subtract,1000000,500000,500000,fused,2,1,36902000,36902000,25165824,54,500000,500000,500000,500000,500000,2000000
6,i64,disjoint,shuffled,shuffled,50,41,subtract,1000000,500000,500000,union_scan,3,1,39968400,39968400,25165824,56,500000,500000,500000,500000,500000,2000000
6,i64,disjoint,shuffled,shuffled,50,41,subtract,1000000,500000,500000,fused,3,1,37494600,37494600,25165824,54,500000,500000,500000,500000,500000,2000000
6,i64,disjoint,shuffled,shuffled,50,41,subtract,1000000,500000,500000,events,3,1,106882300,106882300,58720256,38,500000,500000,500000,500000,500000,2000000
6,i64,disjoint,shuffled,shuffled,50,41,subtract,1000000,500000,500000,fused,4,1,37064900,37064900,25165824,54,500000,500000,500000,500000,500000,2000000
6,i64,disjoint,shuffled,shuffled,50,41,subtract,1000000,500000,500000,events,4,1,107488700,107488700,58720256,38,500000,500000,500000,500000,500000,2000000
6,i64,disjoint,shuffled,shuffled,50,41,subtract,1000000,500000,500000,union_scan,4,1,40048300,40048300,25165824,56,500000,500000,500000,500000,500000,2000000
6,i64,disjoint,shuffled,shuffled,50,41,intersect,1000000,500000,500000,union_scan,0,1,38550200,38550200,24777216,38,500000,500000,500000,500000,0,2000000
6,i64,disjoint,shuffled,shuffled,50,41,intersect,1000000,500000,500000,fused,0,1,33163000,33163000,16777216,36,500000,500000,500000,500000,0,2000000
6,i64,disjoint,shuffled,shuffled,50,41,intersect,1000000,500000,500000,events,0,1,104490000,104490000,50331648,20,500000,500000,500000,500000,0,2000000
6,i64,disjoint,shuffled,shuffled,50,41,intersect,1000000,500000,500000,fused,1,1,33376900,33376900,16777216,36,500000,500000,500000,500000,0,2000000
6,i64,disjoint,shuffled,shuffled,50,41,intersect,1000000,500000,500000,events,1,1,103473300,103473300,50331648,20,500000,500000,500000,500000,0,2000000
6,i64,disjoint,shuffled,shuffled,50,41,intersect,1000000,500000,500000,union_scan,1,1,39180500,39180500,24777216,38,500000,500000,500000,500000,0,2000000
6,i64,disjoint,shuffled,shuffled,50,41,intersect,1000000,500000,500000,events,2,1,102935500,102935500,50331648,20,500000,500000,500000,500000,0,2000000
6,i64,disjoint,shuffled,shuffled,50,41,intersect,1000000,500000,500000,union_scan,2,1,38902500,38902500,24777216,38,500000,500000,500000,500000,0,2000000
6,i64,disjoint,shuffled,shuffled,50,41,intersect,1000000,500000,500000,fused,2,1,33302100,33302100,16777216,36,500000,500000,500000,500000,0,2000000
6,i64,disjoint,shuffled,shuffled,50,41,intersect,1000000,500000,500000,union_scan,3,1,40451000,40451000,24777216,38,500000,500000,500000,500000,0,2000000
6,i64,disjoint,shuffled,shuffled,50,41,intersect,1000000,500000,500000,fused,3,1,33606300,33606300,16777216,36,500000,500000,500000,500000,0,2000000
6,i64,disjoint,shuffled,shuffled,50,41,intersect,1000000,500000,500000,events,3,1,104131300,104131300,50331648,20,500000,500000,500000,500000,0,2000000
6,i64,disjoint,shuffled,shuffled,50,41,intersect,1000000,500000,500000,fused,4,1,33453800,33453800,16777216,36,500000,500000,500000,500000,0,2000000
6,i64,disjoint,shuffled,shuffled,50,41,intersect,1000000,500000,500000,events,4,1,104561700,104561700,50331648,20,500000,500000,500000,500000,0,2000000
6,i64,disjoint,shuffled,shuffled,50,41,intersect,1000000,500000,500000,union_scan,4,1,39413300,39413300,24777216,38,500000,500000,500000,500000,0,2000000
7,i64,availability,partial,reverse,99,7,subtract,1000000,999992,8,union_scan,0,1,41558700,41558700,33554560,42,999992,8,999992,8,1000000,2000000
7,i64,availability,partial,reverse,99,7,subtract,1000000,999992,8,fused,0,1,38266800,38266800,33554560,40,999992,8,999992,8,1000000,2000000
7,i64,availability,partial,reverse,99,7,subtract,1000000,999992,8,events,0,1,105841400,105841400,67108864,39,999992,8,999992,8,1000000,2000000
7,i64,availability,partial,reverse,99,7,subtract,1000000,999992,8,fused,1,1,38977300,38977300,33554560,40,999992,8,999992,8,1000000,2000000
7,i64,availability,partial,reverse,99,7,subtract,1000000,999992,8,events,1,1,105916600,105916600,67108864,39,999992,8,999992,8,1000000,2000000
7,i64,availability,partial,reverse,99,7,subtract,1000000,999992,8,union_scan,1,1,40734200,40734200,33554560,42,999992,8,999992,8,1000000,2000000
7,i64,availability,partial,reverse,99,7,subtract,1000000,999992,8,events,2,1,105138800,105138800,67108864,39,999992,8,999992,8,1000000,2000000
7,i64,availability,partial,reverse,99,7,subtract,1000000,999992,8,union_scan,2,1,41844300,41844300,33554560,42,999992,8,999992,8,1000000,2000000
7,i64,availability,partial,reverse,99,7,subtract,1000000,999992,8,fused,2,1,38990200,38990200,33554560,40,999992,8,999992,8,1000000,2000000
7,i64,availability,partial,reverse,99,7,subtract,1000000,999992,8,union_scan,3,1,40473800,40473800,33554560,42,999992,8,999992,8,1000000,2000000
7,i64,availability,partial,reverse,99,7,subtract,1000000,999992,8,fused,3,1,38551700,38551700,33554560,40,999992,8,999992,8,1000000,2000000
7,i64,availability,partial,reverse,99,7,subtract,1000000,999992,8,events,3,1,104480300,104480300,67108864,39,999992,8,999992,8,1000000,2000000
7,i64,availability,partial,reverse,99,7,subtract,1000000,999992,8,fused,4,1,40311600,40311600,33554560,40,999992,8,999992,8,1000000,2000000
7,i64,availability,partial,reverse,99,7,subtract,1000000,999992,8,events,4,1,106024400,106024400,67108864,39,999992,8,999992,8,1000000,2000000
7,i64,availability,partial,reverse,99,7,subtract,1000000,999992,8,union_scan,4,1,41242300,41242300,33554560,42,999992,8,999992,8,1000000,2000000
7,i64,availability,partial,reverse,99,7,intersect,1000000,999992,8,union_scan,0,1,33714100,33714100,32777088,25,999992,8,999992,8,8,2000000
7,i64,availability,partial,reverse,99,7,intersect,1000000,999992,8,fused,0,1,28212000,28212000,16777472,23,999992,8,999992,8,8,2000000
7,i64,availability,partial,reverse,99,7,intersect,1000000,999992,8,events,0,1,101406400,101406400,50331776,22,999992,8,999992,8,8,2000000
7,i64,availability,partial,reverse,99,7,intersect,1000000,999992,8,fused,1,1,28137100,28137100,16777472,23,999992,8,999992,8,8,2000000
7,i64,availability,partial,reverse,99,7,intersect,1000000,999992,8,events,1,1,99465800,99465800,50331776,22,999992,8,999992,8,8,2000000
7,i64,availability,partial,reverse,99,7,intersect,1000000,999992,8,union_scan,1,1,34223200,34223200,32777088,25,999992,8,999992,8,8,2000000
7,i64,availability,partial,reverse,99,7,intersect,1000000,999992,8,events,2,1,101478000,101478000,50331776,22,999992,8,999992,8,8,2000000
7,i64,availability,partial,reverse,99,7,intersect,1000000,999992,8,union_scan,2,1,33976300,33976300,32777088,25,999992,8,999992,8,8,2000000
7,i64,availability,partial,reverse,99,7,intersect,1000000,999992,8,fused,2,1,28376900,28376900,16777472,23,999992,8,999992,8,8,2000000
7,i64,availability,partial,reverse,99,7,intersect,1000000,999992,8,union_scan,3,1,32474400,32474400,32777088,25,999992,8,999992,8,8,2000000
7,i64,availability,partial,reverse,99,7,intersect,1000000,999992,8,fused,3,1,27873400,27873400,16777472,23,999992,8,999992,8,8,2000000
7,i64,availability,partial,reverse,99,7,intersect,1000000,999992,8,events,3,1,98882200,98882200,50331776,22,999992,8,999992,8,8,2000000
7,i64,availability,partial,reverse,99,7,intersect,1000000,999992,8,fused,4,1,29314900,29314900,16777472,23,999992,8,999992,8,8,2000000
7,i64,availability,partial,reverse,99,7,intersect,1000000,999992,8,events,4,1,99105900,99105900,50331776,22,999992,8,999992,8,8,2000000
7,i64,availability,partial,reverse,99,7,intersect,1000000,999992,8,union_scan,4,1,33386200,33386200,32777088,25,999992,8,999992,8,8,2000000
7,i64,availability,partial,reverse,99,41,subtract,1000000,999992,8,union_scan,0,1,41993800,41993800,33554560,42,999992,8,999992,8,1000000,2000000
7,i64,availability,partial,reverse,99,41,subtract,1000000,999992,8,fused,0,1,39786100,39786100,33554560,40,999992,8,999992,8,1000000,2000000
7,i64,availability,partial,reverse,99,41,subtract,1000000,999992,8,events,0,1,105299300,105299300,67108864,39,999992,8,999992,8,1000000,2000000
7,i64,availability,partial,reverse,99,41,subtract,1000000,999992,8,fused,1,1,38933000,38933000,33554560,40,999992,8,999992,8,1000000,2000000
7,i64,availability,partial,reverse,99,41,subtract,1000000,999992,8,events,1,1,105408800,105408800,67108864,39,999992,8,999992,8,1000000,2000000
7,i64,availability,partial,reverse,99,41,subtract,1000000,999992,8,union_scan,1,1,42834400,42834400,33554560,42,999992,8,999992,8,1000000,2000000
7,i64,availability,partial,reverse,99,41,subtract,1000000,999992,8,events,2,1,105088300,105088300,67108864,39,999992,8,999992,8,1000000,2000000
7,i64,availability,partial,reverse,99,41,subtract,1000000,999992,8,union_scan,2,1,43596700,43596700,33554560,42,999992,8,999992,8,1000000,2000000
7,i64,availability,partial,reverse,99,41,subtract,1000000,999992,8,fused,2,1,39195900,39195900,33554560,40,999992,8,999992,8,1000000,2000000
7,i64,availability,partial,reverse,99,41,subtract,1000000,999992,8,union_scan,3,1,40937900,40937900,33554560,42,999992,8,999992,8,1000000,2000000
7,i64,availability,partial,reverse,99,41,subtract,1000000,999992,8,fused,3,1,38980100,38980100,33554560,40,999992,8,999992,8,1000000,2000000
7,i64,availability,partial,reverse,99,41,subtract,1000000,999992,8,events,3,1,106824200,106824200,67108864,39,999992,8,999992,8,1000000,2000000
7,i64,availability,partial,reverse,99,41,subtract,1000000,999992,8,fused,4,1,39162600,39162600,33554560,40,999992,8,999992,8,1000000,2000000
7,i64,availability,partial,reverse,99,41,subtract,1000000,999992,8,events,4,1,105124400,105124400,67108864,39,999992,8,999992,8,1000000,2000000
7,i64,availability,partial,reverse,99,41,subtract,1000000,999992,8,union_scan,4,1,41251800,41251800,33554560,42,999992,8,999992,8,1000000,2000000
7,i64,availability,partial,reverse,99,41,intersect,1000000,999992,8,union_scan,0,1,32948100,32948100,32777088,25,999992,8,999992,8,8,2000000
7,i64,availability,partial,reverse,99,41,intersect,1000000,999992,8,fused,0,1,27500700,27500700,16777472,23,999992,8,999992,8,8,2000000
7,i64,availability,partial,reverse,99,41,intersect,1000000,999992,8,events,0,1,99144800,99144800,50331776,22,999992,8,999992,8,8,2000000
7,i64,availability,partial,reverse,99,41,intersect,1000000,999992,8,fused,1,1,28301400,28301400,16777472,23,999992,8,999992,8,8,2000000
7,i64,availability,partial,reverse,99,41,intersect,1000000,999992,8,events,1,1,99304700,99304700,50331776,22,999992,8,999992,8,8,2000000
7,i64,availability,partial,reverse,99,41,intersect,1000000,999992,8,union_scan,1,1,33041500,33041500,32777088,25,999992,8,999992,8,8,2000000
7,i64,availability,partial,reverse,99,41,intersect,1000000,999992,8,events,2,1,98740400,98740400,50331776,22,999992,8,999992,8,8,2000000
7,i64,availability,partial,reverse,99,41,intersect,1000000,999992,8,union_scan,2,1,32755100,32755100,32777088,25,999992,8,999992,8,8,2000000
7,i64,availability,partial,reverse,99,41,intersect,1000000,999992,8,fused,2,1,27191100,27191100,16777472,23,999992,8,999992,8,8,2000000
7,i64,availability,partial,reverse,99,41,intersect,1000000,999992,8,union_scan,3,1,33285400,33285400,32777088,25,999992,8,999992,8,8,2000000
7,i64,availability,partial,reverse,99,41,intersect,1000000,999992,8,fused,3,1,27655900,27655900,16777472,23,999992,8,999992,8,8,2000000
7,i64,availability,partial,reverse,99,41,intersect,1000000,999992,8,events,3,1,98320200,98320200,50331776,22,999992,8,999992,8,8,2000000
7,i64,availability,partial,reverse,99,41,intersect,1000000,999992,8,fused,4,1,28600000,28600000,16777472,23,999992,8,999992,8,8,2000000
7,i64,availability,partial,reverse,99,41,intersect,1000000,999992,8,events,4,1,98696600,98696600,50331776,22,999992,8,999992,8,8,2000000
7,i64,availability,partial,reverse,99,41,intersect,1000000,999992,8,union_scan,4,1,33292700,33292700,32777088,25,999992,8,999992,8,8,2000000
8,i64,holes,start,shuffled,1,7,subtract,1000000,1,999999,union_scan,0,1,45748100,45748100,33554496,40,1,999999,1,999999,1000000,2000000
8,i64,holes,start,shuffled,1,7,subtract,1000000,1,999999,fused,0,1,41289100,41289100,33554496,39,1,999999,1,999999,1000000,2000000
8,i64,holes,start,shuffled,1,7,subtract,1000000,1,999999,events,0,1,111789700,111789700,67108864,39,1,999999,1,999999,1000000,2000000
8,i64,holes,start,shuffled,1,7,subtract,1000000,1,999999,fused,1,1,41188300,41188300,33554496,39,1,999999,1,999999,1000000,2000000
8,i64,holes,start,shuffled,1,7,subtract,1000000,1,999999,events,1,1,111008100,111008100,67108864,39,1,999999,1,999999,1000000,2000000
8,i64,holes,start,shuffled,1,7,subtract,1000000,1,999999,union_scan,1,1,45180800,45180800,33554496,40,1,999999,1,999999,1000000,2000000
8,i64,holes,start,shuffled,1,7,subtract,1000000,1,999999,events,2,1,110917800,110917800,67108864,39,1,999999,1,999999,1000000,2000000
8,i64,holes,start,shuffled,1,7,subtract,1000000,1,999999,union_scan,2,1,47088900,47088900,33554496,40,1,999999,1,999999,1000000,2000000
8,i64,holes,start,shuffled,1,7,subtract,1000000,1,999999,fused,2,1,43859300,43859300,33554496,39,1,999999,1,999999,1000000,2000000
8,i64,holes,start,shuffled,1,7,subtract,1000000,1,999999,union_scan,3,1,46089500,46089500,33554496,40,1,999999,1,999999,1000000,2000000
8,i64,holes,start,shuffled,1,7,subtract,1000000,1,999999,fused,3,1,41785700,41785700,33554496,39,1,999999,1,999999,1000000,2000000
8,i64,holes,start,shuffled,1,7,subtract,1000000,1,999999,events,3,1,111072200,111072200,67108864,39,1,999999,1,999999,1000000,2000000
8,i64,holes,start,shuffled,1,7,subtract,1000000,1,999999,fused,4,1,41450300,41450300,33554496,39,1,999999,1,999999,1000000,2000000
8,i64,holes,start,shuffled,1,7,subtract,1000000,1,999999,events,4,1,112323100,112323100,67108864,39,1,999999,1,999999,1000000,2000000
8,i64,holes,start,shuffled,1,7,subtract,1000000,1,999999,union_scan,4,1,45745700,45745700,33554496,40,1,999999,1,999999,1000000,2000000
8,i64,holes,start,shuffled,1,7,intersect,1000000,1,999999,union_scan,0,1,46860100,46860100,33554496,40,1,999999,1,999999,999999,2000000
8,i64,holes,start,shuffled,1,7,intersect,1000000,1,999999,fused,0,1,40768800,40768800,33554496,39,1,999999,1,999999,999999,2000000
8,i64,holes,start,shuffled,1,7,intersect,1000000,1,999999,events,0,1,111137300,111137300,67108864,39,1,999999,1,999999,999999,2000000
8,i64,holes,start,shuffled,1,7,intersect,1000000,1,999999,fused,1,1,40864300,40864300,33554496,39,1,999999,1,999999,999999,2000000
8,i64,holes,start,shuffled,1,7,intersect,1000000,1,999999,events,1,1,111800500,111800500,67108864,39,1,999999,1,999999,999999,2000000
8,i64,holes,start,shuffled,1,7,intersect,1000000,1,999999,union_scan,1,1,46207300,46207300,33554496,40,1,999999,1,999999,999999,2000000
8,i64,holes,start,shuffled,1,7,intersect,1000000,1,999999,events,2,1,111989800,111989800,67108864,39,1,999999,1,999999,999999,2000000
8,i64,holes,start,shuffled,1,7,intersect,1000000,1,999999,union_scan,2,1,47151400,47151400,33554496,40,1,999999,1,999999,999999,2000000
8,i64,holes,start,shuffled,1,7,intersect,1000000,1,999999,fused,2,1,41246300,41246300,33554496,39,1,999999,1,999999,999999,2000000
8,i64,holes,start,shuffled,1,7,intersect,1000000,1,999999,union_scan,3,1,46147700,46147700,33554496,40,1,999999,1,999999,999999,2000000
8,i64,holes,start,shuffled,1,7,intersect,1000000,1,999999,fused,3,1,41206500,41206500,33554496,39,1,999999,1,999999,999999,2000000
8,i64,holes,start,shuffled,1,7,intersect,1000000,1,999999,events,3,1,110988200,110988200,67108864,39,1,999999,1,999999,999999,2000000
8,i64,holes,start,shuffled,1,7,intersect,1000000,1,999999,fused,4,1,41012100,41012100,33554496,39,1,999999,1,999999,999999,2000000
8,i64,holes,start,shuffled,1,7,intersect,1000000,1,999999,events,4,1,112628700,112628700,67108864,39,1,999999,1,999999,999999,2000000
8,i64,holes,start,shuffled,1,7,intersect,1000000,1,999999,union_scan,4,1,46811000,46811000,33554496,40,1,999999,1,999999,999999,2000000
8,i64,holes,start,shuffled,1,41,subtract,1000000,1,999999,union_scan,0,1,46244200,46244200,33554496,40,1,999999,1,999999,1000000,2000000
8,i64,holes,start,shuffled,1,41,subtract,1000000,1,999999,fused,0,1,41359100,41359100,33554496,39,1,999999,1,999999,1000000,2000000
8,i64,holes,start,shuffled,1,41,subtract,1000000,1,999999,events,0,1,111720100,111720100,67108864,39,1,999999,1,999999,1000000,2000000
8,i64,holes,start,shuffled,1,41,subtract,1000000,1,999999,fused,1,1,41788000,41788000,33554496,39,1,999999,1,999999,1000000,2000000
8,i64,holes,start,shuffled,1,41,subtract,1000000,1,999999,events,1,1,111053500,111053500,67108864,39,1,999999,1,999999,1000000,2000000
8,i64,holes,start,shuffled,1,41,subtract,1000000,1,999999,union_scan,1,1,45302400,45302400,33554496,40,1,999999,1,999999,1000000,2000000
8,i64,holes,start,shuffled,1,41,subtract,1000000,1,999999,events,2,1,112154500,112154500,67108864,39,1,999999,1,999999,1000000,2000000
8,i64,holes,start,shuffled,1,41,subtract,1000000,1,999999,union_scan,2,1,46416100,46416100,33554496,40,1,999999,1,999999,1000000,2000000
8,i64,holes,start,shuffled,1,41,subtract,1000000,1,999999,fused,2,1,41625900,41625900,33554496,39,1,999999,1,999999,1000000,2000000
8,i64,holes,start,shuffled,1,41,subtract,1000000,1,999999,union_scan,3,1,45795900,45795900,33554496,40,1,999999,1,999999,1000000,2000000
8,i64,holes,start,shuffled,1,41,subtract,1000000,1,999999,fused,3,1,41073100,41073100,33554496,39,1,999999,1,999999,1000000,2000000
8,i64,holes,start,shuffled,1,41,subtract,1000000,1,999999,events,3,1,111782300,111782300,67108864,39,1,999999,1,999999,1000000,2000000
8,i64,holes,start,shuffled,1,41,subtract,1000000,1,999999,fused,4,1,42169500,42169500,33554496,39,1,999999,1,999999,1000000,2000000
8,i64,holes,start,shuffled,1,41,subtract,1000000,1,999999,events,4,1,112777000,112777000,67108864,39,1,999999,1,999999,1000000,2000000
8,i64,holes,start,shuffled,1,41,subtract,1000000,1,999999,union_scan,4,1,45350600,45350600,33554496,40,1,999999,1,999999,1000000,2000000
8,i64,holes,start,shuffled,1,41,intersect,1000000,1,999999,union_scan,0,1,46262000,46262000,33554496,40,1,999999,1,999999,999999,2000000
8,i64,holes,start,shuffled,1,41,intersect,1000000,1,999999,fused,0,1,41132100,41132100,33554496,39,1,999999,1,999999,999999,2000000
8,i64,holes,start,shuffled,1,41,intersect,1000000,1,999999,events,0,1,111901700,111901700,67108864,39,1,999999,1,999999,999999,2000000
8,i64,holes,start,shuffled,1,41,intersect,1000000,1,999999,fused,1,1,41425100,41425100,33554496,39,1,999999,1,999999,999999,2000000
8,i64,holes,start,shuffled,1,41,intersect,1000000,1,999999,events,1,1,110665800,110665800,67108864,39,1,999999,1,999999,999999,2000000
8,i64,holes,start,shuffled,1,41,intersect,1000000,1,999999,union_scan,1,1,46404300,46404300,33554496,40,1,999999,1,999999,999999,2000000
8,i64,holes,start,shuffled,1,41,intersect,1000000,1,999999,events,2,1,110489900,110489900,67108864,39,1,999999,1,999999,999999,2000000
8,i64,holes,start,shuffled,1,41,intersect,1000000,1,999999,union_scan,2,1,47997000,47997000,33554496,40,1,999999,1,999999,999999,2000000
8,i64,holes,start,shuffled,1,41,intersect,1000000,1,999999,fused,2,1,40968300,40968300,33554496,39,1,999999,1,999999,999999,2000000
8,i64,holes,start,shuffled,1,41,intersect,1000000,1,999999,union_scan,3,1,46626800,46626800,33554496,40,1,999999,1,999999,999999,2000000
8,i64,holes,start,shuffled,1,41,intersect,1000000,1,999999,fused,3,1,41164200,41164200,33554496,39,1,999999,1,999999,999999,2000000
8,i64,holes,start,shuffled,1,41,intersect,1000000,1,999999,events,3,1,112222100,112222100,67108864,39,1,999999,1,999999,999999,2000000
8,i64,holes,start,shuffled,1,41,intersect,1000000,1,999999,fused,4,1,41905800,41905800,33554496,39,1,999999,1,999999,999999,2000000
8,i64,holes,start,shuffled,1,41,intersect,1000000,1,999999,events,4,1,112025100,112025100,67108864,39,1,999999,1,999999,999999,2000000
8,i64,holes,start,shuffled,1,41,intersect,1000000,1,999999,union_scan,4,1,47036700,47036700,33554496,40,1,999999,1,999999,999999,2000000
10,i64,availability,start,shuffled,0,7,subtract,1000000,0,1000000,union_scan,0,1,1592900,1592900,0,0,0,1000000,0,1000000,0,2000000
10,i64,availability,start,shuffled,0,7,subtract,1000000,0,1000000,fused,0,1,31865700,31865700,16777216,19,0,1000000,0,1000000,0,2000000
10,i64,availability,start,shuffled,0,7,subtract,1000000,0,1000000,events,0,1,104178700,104178700,50331648,20,0,1000000,0,1000000,0,2000000
10,i64,availability,start,shuffled,0,7,subtract,1000000,0,1000000,fused,1,1,32139800,32139800,16777216,19,0,1000000,0,1000000,0,2000000
10,i64,availability,start,shuffled,0,7,subtract,1000000,0,1000000,events,1,1,104000400,104000400,50331648,20,0,1000000,0,1000000,0,2000000
10,i64,availability,start,shuffled,0,7,subtract,1000000,0,1000000,union_scan,1,1,1713900,1713900,0,0,0,1000000,0,1000000,0,2000000
10,i64,availability,start,shuffled,0,7,subtract,1000000,0,1000000,events,2,1,104376100,104376100,50331648,20,0,1000000,0,1000000,0,2000000
10,i64,availability,start,shuffled,0,7,subtract,1000000,0,1000000,union_scan,2,1,1513100,1513100,0,0,0,1000000,0,1000000,0,2000000
10,i64,availability,start,shuffled,0,7,subtract,1000000,0,1000000,fused,2,1,31405200,31405200,16777216,19,0,1000000,0,1000000,0,2000000
10,i64,availability,start,shuffled,0,7,subtract,1000000,0,1000000,union_scan,3,1,1213300,1213300,0,0,0,1000000,0,1000000,0,2000000
10,i64,availability,start,shuffled,0,7,subtract,1000000,0,1000000,fused,3,1,31743800,31743800,16777216,19,0,1000000,0,1000000,0,2000000
10,i64,availability,start,shuffled,0,7,subtract,1000000,0,1000000,events,3,1,104604200,104604200,50331648,20,0,1000000,0,1000000,0,2000000
10,i64,availability,start,shuffled,0,7,subtract,1000000,0,1000000,fused,4,1,32275000,32275000,16777216,19,0,1000000,0,1000000,0,2000000
10,i64,availability,start,shuffled,0,7,subtract,1000000,0,1000000,events,4,1,103266000,103266000,50331648,20,0,1000000,0,1000000,0,2000000
10,i64,availability,start,shuffled,0,7,subtract,1000000,0,1000000,union_scan,4,1,1219900,1219900,0,0,0,1000000,0,1000000,0,2000000
10,i64,availability,start,shuffled,0,7,intersect,1000000,0,1000000,union_scan,0,1,1349800,1349800,0,0,0,1000000,0,1000000,0,2000000
10,i64,availability,start,shuffled,0,7,intersect,1000000,0,1000000,fused,0,1,32149100,32149100,16777216,19,0,1000000,0,1000000,0,2000000
10,i64,availability,start,shuffled,0,7,intersect,1000000,0,1000000,events,0,1,104731800,104731800,50331648,20,0,1000000,0,1000000,0,2000000
10,i64,availability,start,shuffled,0,7,intersect,1000000,0,1000000,fused,1,1,33037900,33037900,16777216,19,0,1000000,0,1000000,0,2000000
10,i64,availability,start,shuffled,0,7,intersect,1000000,0,1000000,events,1,1,103423700,103423700,50331648,20,0,1000000,0,1000000,0,2000000
10,i64,availability,start,shuffled,0,7,intersect,1000000,0,1000000,union_scan,1,1,1632900,1632900,0,0,0,1000000,0,1000000,0,2000000
10,i64,availability,start,shuffled,0,7,intersect,1000000,0,1000000,events,2,1,105293500,105293500,50331648,20,0,1000000,0,1000000,0,2000000
10,i64,availability,start,shuffled,0,7,intersect,1000000,0,1000000,union_scan,2,1,1656900,1656900,0,0,0,1000000,0,1000000,0,2000000
10,i64,availability,start,shuffled,0,7,intersect,1000000,0,1000000,fused,2,1,31448400,31448400,16777216,19,0,1000000,0,1000000,0,2000000
10,i64,availability,start,shuffled,0,7,intersect,1000000,0,1000000,union_scan,3,1,1158600,1158600,0,0,0,1000000,0,1000000,0,2000000
10,i64,availability,start,shuffled,0,7,intersect,1000000,0,1000000,fused,3,1,31821500,31821500,16777216,19,0,1000000,0,1000000,0,2000000
10,i64,availability,start,shuffled,0,7,intersect,1000000,0,1000000,events,3,1,105718800,105718800,50331648,20,0,1000000,0,1000000,0,2000000
10,i64,availability,start,shuffled,0,7,intersect,1000000,0,1000000,fused,4,1,32573000,32573000,16777216,19,0,1000000,0,1000000,0,2000000
10,i64,availability,start,shuffled,0,7,intersect,1000000,0,1000000,events,4,1,106499500,106499500,50331648,20,0,1000000,0,1000000,0,2000000
10,i64,availability,start,shuffled,0,7,intersect,1000000,0,1000000,union_scan,4,1,1693100,1693100,0,0,0,1000000,0,1000000,0,2000000
10,i64,availability,start,shuffled,0,41,subtract,1000000,0,1000000,union_scan,0,1,1580100,1580100,0,0,0,1000000,0,1000000,0,2000000
10,i64,availability,start,shuffled,0,41,subtract,1000000,0,1000000,fused,0,1,31275300,31275300,16777216,19,0,1000000,0,1000000,0,2000000
10,i64,availability,start,shuffled,0,41,subtract,1000000,0,1000000,events,0,1,104616100,104616100,50331648,20,0,1000000,0,1000000,0,2000000
10,i64,availability,start,shuffled,0,41,subtract,1000000,0,1000000,fused,1,1,32310900,32310900,16777216,19,0,1000000,0,1000000,0,2000000
10,i64,availability,start,shuffled,0,41,subtract,1000000,0,1000000,events,1,1,104340400,104340400,50331648,20,0,1000000,0,1000000,0,2000000
10,i64,availability,start,shuffled,0,41,subtract,1000000,0,1000000,union_scan,1,1,1728900,1728900,0,0,0,1000000,0,1000000,0,2000000
10,i64,availability,start,shuffled,0,41,subtract,1000000,0,1000000,events,2,1,104486200,104486200,50331648,20,0,1000000,0,1000000,0,2000000
10,i64,availability,start,shuffled,0,41,subtract,1000000,0,1000000,union_scan,2,1,1576300,1576300,0,0,0,1000000,0,1000000,0,2000000
10,i64,availability,start,shuffled,0,41,subtract,1000000,0,1000000,fused,2,1,30903800,30903800,16777216,19,0,1000000,0,1000000,0,2000000
10,i64,availability,start,shuffled,0,41,subtract,1000000,0,1000000,union_scan,3,1,1208300,1208300,0,0,0,1000000,0,1000000,0,2000000
10,i64,availability,start,shuffled,0,41,subtract,1000000,0,1000000,fused,3,1,31491900,31491900,16777216,19,0,1000000,0,1000000,0,2000000
10,i64,availability,start,shuffled,0,41,subtract,1000000,0,1000000,events,3,1,104361600,104361600,50331648,20,0,1000000,0,1000000,0,2000000
10,i64,availability,start,shuffled,0,41,subtract,1000000,0,1000000,fused,4,1,32437900,32437900,16777216,19,0,1000000,0,1000000,0,2000000
10,i64,availability,start,shuffled,0,41,subtract,1000000,0,1000000,events,4,1,106580500,106580500,50331648,20,0,1000000,0,1000000,0,2000000
10,i64,availability,start,shuffled,0,41,subtract,1000000,0,1000000,union_scan,4,1,1471900,1471900,0,0,0,1000000,0,1000000,0,2000000
10,i64,availability,start,shuffled,0,41,intersect,1000000,0,1000000,union_scan,0,1,1477800,1477800,0,0,0,1000000,0,1000000,0,2000000
10,i64,availability,start,shuffled,0,41,intersect,1000000,0,1000000,fused,0,1,31289200,31289200,16777216,19,0,1000000,0,1000000,0,2000000
10,i64,availability,start,shuffled,0,41,intersect,1000000,0,1000000,events,0,1,104519400,104519400,50331648,20,0,1000000,0,1000000,0,2000000
10,i64,availability,start,shuffled,0,41,intersect,1000000,0,1000000,fused,1,1,32159700,32159700,16777216,19,0,1000000,0,1000000,0,2000000
10,i64,availability,start,shuffled,0,41,intersect,1000000,0,1000000,events,1,1,104629000,104629000,50331648,20,0,1000000,0,1000000,0,2000000
10,i64,availability,start,shuffled,0,41,intersect,1000000,0,1000000,union_scan,1,1,1603000,1603000,0,0,0,1000000,0,1000000,0,2000000
10,i64,availability,start,shuffled,0,41,intersect,1000000,0,1000000,events,2,1,104009100,104009100,50331648,20,0,1000000,0,1000000,0,2000000
10,i64,availability,start,shuffled,0,41,intersect,1000000,0,1000000,union_scan,2,1,1421700,1421700,0,0,0,1000000,0,1000000,0,2000000
10,i64,availability,start,shuffled,0,41,intersect,1000000,0,1000000,fused,2,1,31579400,31579400,16777216,19,0,1000000,0,1000000,0,2000000
10,i64,availability,start,shuffled,0,41,intersect,1000000,0,1000000,union_scan,3,1,1141900,1141900,0,0,0,1000000,0,1000000,0,2000000
10,i64,availability,start,shuffled,0,41,intersect,1000000,0,1000000,fused,3,1,30973400,30973400,16777216,19,0,1000000,0,1000000,0,2000000
10,i64,availability,start,shuffled,0,41,intersect,1000000,0,1000000,events,3,1,103759000,103759000,50331648,20,0,1000000,0,1000000,0,2000000
10,i64,availability,start,shuffled,0,41,intersect,1000000,0,1000000,fused,4,1,32362400,32362400,16777216,19,0,1000000,0,1000000,0,2000000
10,i64,availability,start,shuffled,0,41,intersect,1000000,0,1000000,events,4,1,104443600,104443600,50331648,20,0,1000000,0,1000000,0,2000000
10,i64,availability,start,shuffled,0,41,intersect,1000000,0,1000000,union_scan,4,1,1623600,1623600,0,0,0,1000000,0,1000000,0,2000000
