case,family,left_order,right_order,dtype,groups,matching,chunks,payload,source,seed,n,operation,scope,method,sample,ns,left_n,right_n,left_useful,right_useful,p,q,z,distinct_endpoints,left_groups,matched_groups,key_match_fraction,largest_left_group,largest_left_group_fraction,left_chunks,right_chunks
1,availability,shuffled,reverse,i64,0,all,1,0,memory,7,1000,subtract,lazy_complete,production,0,1180300,500,500,500,500,500,500,1000,2000,1,1,1,500,1.0,1,1
1,availability,shuffled,reverse,i64,0,all,1,0,memory,7,1000,subtract,lazy_complete,native,0,6984700,500,500,500,500,500,500,1000,2000,1,1,1,500,1.0,1,1
1,availability,shuffled,reverse,i64,0,all,1,0,memory,7,1000,subtract,lazy_complete,native,1,6946800,500,500,500,500,500,500,1000,2000,1,1,1,500,1.0,1,1
1,availability,shuffled,reverse,i64,0,all,1,0,memory,7,1000,subtract,lazy_complete,production,1,1192500,500,500,500,500,500,500,1000,2000,1,1,1,500,1.0,1,1
1,availability,shuffled,reverse,i64,0,all,1,0,memory,7,1000,subtract,lazy_complete,production,2,1047500,500,500,500,500,500,500,1000,2000,1,1,1,500,1.0,1,1
1,availability,shuffled,reverse,i64,0,all,1,0,memory,7,1000,subtract,lazy_complete,native,2,6875300,500,500,500,500,500,500,1000,2000,1,1,1,500,1.0,1,1
1,availability,shuffled,reverse,i64,0,all,1,0,memory,7,1000,subtract,lazy_complete,native,3,10088200,500,500,500,500,500,500,1000,2000,1,1,1,500,1.0,1,1
1,availability,shuffled,reverse,i64,0,all,1,0,memory,7,1000,subtract,lazy_complete,production,3,1186400,500,500,500,500,500,500,1000,2000,1,1,1,500,1.0,1,1
1,availability,shuffled,reverse,i64,0,all,1,0,memory,7,1000,subtract,lazy_complete,production,4,763600,500,500,500,500,500,500,1000,2000,1,1,1,500,1.0,1,1
1,availability,shuffled,reverse,i64,0,all,1,0,memory,7,1000,subtract,lazy_complete,native,4,8736000,500,500,500,500,500,500,1000,2000,1,1,1,500,1.0,1,1
1,availability,shuffled,reverse,i64,0,all,1,0,memory,7,1000,intersect,lazy_complete,production,0,1545000,500,500,500,500,500,500,500,2000,1,1,1,500,1.0,1,1
1,availability,shuffled,reverse,i64,0,all,1,0,memory,7,1000,intersect,lazy_complete,native,0,12316500,500,500,500,500,500,500,500,2000,1,1,1,500,1.0,1,1
1,availability,shuffled,reverse,i64,0,all,1,0,memory,7,1000,intersect,lazy_complete,native,1,9015800,500,500,500,500,500,500,500,2000,1,1,1,500,1.0,1,1
1,availability,shuffled,reverse,i64,0,all,1,0,memory,7,1000,intersect,lazy_complete,production,1,1146100,500,500,500,500,500,500,500,2000,1,1,1,500,1.0,1,1
1,availability,shuffled,reverse,i64,0,all,1,0,memory,7,1000,intersect,lazy_complete,production,2,1041500,500,500,500,500,500,500,500,2000,1,1,1,500,1.0,1,1
1,availability,shuffled,reverse,i64,0,all,1,0,memory,7,1000,intersect,lazy_complete,native,2,8603500,500,500,500,500,500,500,500,2000,1,1,1,500,1.0,1,1
1,availability,shuffled,reverse,i64,0,all,1,0,memory,7,1000,intersect,lazy_complete,native,3,8801100,500,500,500,500,500,500,500,2000,1,1,1,500,1.0,1,1
1,availability,shuffled,reverse,i64,0,all,1,0,memory,7,1000,intersect,lazy_complete,production,3,1591800,500,500,500,500,500,500,500,2000,1,1,1,500,1.0,1,1
1,availability,shuffled,reverse,i64,0,all,1,0,memory,7,1000,intersect,lazy_complete,production,4,1149300,500,500,500,500,500,500,500,2000,1,1,1,500,1.0,1,1
1,availability,shuffled,reverse,i64,0,all,1,0,memory,7,1000,intersect,lazy_complete,native,4,7628300,500,500,500,500,500,500,500,2000,1,1,1,500,1.0,1,1
1,availability,shuffled,reverse,i64,0,all,1,0,memory,41,1000,subtract,lazy_complete,production,0,1299400,500,500,500,500,500,500,1000,2000,1,1,1,500,1.0,1,1
1,availability,shuffled,reverse,i64,0,all,1,0,memory,41,1000,subtract,lazy_complete,native,0,10380800,500,500,500,500,500,500,1000,2000,1,1,1,500,1.0,1,1
1,availability,shuffled,reverse,i64,0,all,1,0,memory,41,1000,subtract,lazy_complete,native,1,7931800,500,500,500,500,500,500,1000,2000,1,1,1,500,1.0,1,1
1,availability,shuffled,reverse,i64,0,all,1,0,memory,41,1000,subtract,lazy_complete,production,1,1214500,500,500,500,500,500,500,1000,2000,1,1,1,500,1.0,1,1
1,availability,shuffled,reverse,i64,0,all,1,0,memory,41,1000,subtract,lazy_complete,production,2,1055200,500,500,500,500,500,500,1000,2000,1,1,1,500,1.0,1,1
1,availability,shuffled,reverse,i64,0,all,1,0,memory,41,1000,subtract,lazy_complete,native,2,6937700,500,500,500,500,500,500,1000,2000,1,1,1,500,1.0,1,1
1,availability,shuffled,reverse,i64,0,all,1,0,memory,41,1000,subtract,lazy_complete,native,3,13270900,500,500,500,500,500,500,1000,2000,1,1,1,500,1.0,1,1
1,availability,shuffled,reverse,i64,0,all,1,0,memory,41,1000,subtract,lazy_complete,production,3,1239100,500,500,500,500,500,500,1000,2000,1,1,1,500,1.0,1,1
1,availability,shuffled,reverse,i64,0,all,1,0,memory,41,1000,subtract,lazy_complete,production,4,875900,500,500,500,500,500,500,1000,2000,1,1,1,500,1.0,1,1
1,availability,shuffled,reverse,i64,0,all,1,0,memory,41,1000,subtract,lazy_complete,native,4,9643800,500,500,500,500,500,500,1000,2000,1,1,1,500,1.0,1,1
1,availability,shuffled,reverse,i64,0,all,1,0,memory,41,1000,intersect,lazy_complete,production,0,1294500,500,500,500,500,500,500,500,2000,1,1,1,500,1.0,1,1
1,availability,shuffled,reverse,i64,0,all,1,0,memory,41,1000,intersect,lazy_complete,native,0,7111500,500,500,500,500,500,500,500,2000,1,1,1,500,1.0,1,1
1,availability,shuffled,reverse,i64,0,all,1,0,memory,41,1000,intersect,lazy_complete,native,1,10207100,500,500,500,500,500,500,500,2000,1,1,1,500,1.0,1,1
1,availability,shuffled,reverse,i64,0,all,1,0,memory,41,1000,intersect,lazy_complete,production,1,2028800,500,500,500,500,500,500,500,2000,1,1,1,500,1.0,1,1
1,availability,shuffled,reverse,i64,0,all,1,0,memory,41,1000,intersect,lazy_complete,production,2,854000,500,500,500,500,500,500,500,2000,1,1,1,500,1.0,1,1
1,availability,shuffled,reverse,i64,0,all,1,0,memory,41,1000,intersect,lazy_complete,native,2,8368400,500,500,500,500,500,500,500,2000,1,1,1,500,1.0,1,1
1,availability,shuffled,reverse,i64,0,all,1,0,memory,41,1000,intersect,lazy_complete,native,3,7987500,500,500,500,500,500,500,500,2000,1,1,1,500,1.0,1,1
1,availability,shuffled,reverse,i64,0,all,1,0,memory,41,1000,intersect,lazy_complete,production,3,1254200,500,500,500,500,500,500,500,2000,1,1,1,500,1.0,1,1
1,availability,shuffled,reverse,i64,0,all,1,0,memory,41,1000,intersect,lazy_complete,production,4,1026400,500,500,500,500,500,500,500,2000,1,1,1,500,1.0,1,1
1,availability,shuffled,reverse,i64,0,all,1,0,memory,41,1000,intersect,lazy_complete,native,4,6754000,500,500,500,500,500,500,500,2000,1,1,1,500,1.0,1,1
1,availability,shuffled,reverse,i64,0,all,1,0,memory,7,100000,subtract,lazy_complete,production,0,11091600,50000,50000,50000,50000,50000,50000,100000,200000,1,1,1,50000,1.0,24,1
1,availability,shuffled,reverse,i64,0,all,1,0,memory,7,100000,subtract,lazy_complete,native,0,53451000,50000,50000,50000,50000,50000,50000,100000,200000,1,1,1,50000,1.0,24,1
1,availability,shuffled,reverse,i64,0,all,1,0,memory,7,100000,subtract,lazy_complete,native,1,48561000,50000,50000,50000,50000,50000,50000,100000,200000,1,1,1,50000,1.0,24,1
1,availability,shuffled,reverse,i64,0,all,1,0,memory,7,100000,subtract,lazy_complete,production,1,8995300,50000,50000,50000,50000,50000,50000,100000,200000,1,1,1,50000,1.0,24,1
1,availability,shuffled,reverse,i64,0,all,1,0,memory,7,100000,subtract,lazy_complete,production,2,9022600,50000,50000,50000,50000,50000,50000,100000,200000,1,1,1,50000,1.0,24,1
1,availability,shuffled,reverse,i64,0,all,1,0,memory,7,100000,subtract,lazy_complete,native,2,51606600,50000,50000,50000,50000,50000,50000,100000,200000,1,1,1,50000,1.0,24,1
1,availability,shuffled,reverse,i64,0,all,1,0,memory,7,100000,subtract,lazy_complete,native,3,58156100,50000,50000,50000,50000,50000,50000,100000,200000,1,1,1,50000,1.0,24,1
1,availability,shuffled,reverse,i64,0,all,1,0,memory,7,100000,subtract,lazy_complete,production,3,9255400,50000,50000,50000,50000,50000,50000,100000,200000,1,1,1,50000,1.0,24,1
1,availability,shuffled,reverse,i64,0,all,1,0,memory,7,100000,subtract,lazy_complete,production,4,8858800,50000,50000,50000,50000,50000,50000,100000,200000,1,1,1,50000,1.0,24,1
1,availability,shuffled,reverse,i64,0,all,1,0,memory,7,100000,subtract,lazy_complete,native,4,46442600,50000,50000,50000,50000,50000,50000,100000,200000,1,1,1,50000,1.0,24,1
1,availability,shuffled,reverse,i64,0,all,1,0,memory,7,100000,intersect,lazy_complete,production,0,8399800,50000,50000,50000,50000,50000,50000,50000,200000,1,1,1,50000,1.0,24,1
1,availability,shuffled,reverse,i64,0,all,1,0,memory,7,100000,intersect,lazy_complete,native,0,40493100,50000,50000,50000,50000,50000,50000,50000,200000,1,1,1,50000,1.0,24,1
1,availability,shuffled,reverse,i64,0,all,1,0,memory,7,100000,intersect,lazy_complete,native,1,37798200,50000,50000,50000,50000,50000,50000,50000,200000,1,1,1,50000,1.0,24,1
1,availability,shuffled,reverse,i64,0,all,1,0,memory,7,100000,intersect,lazy_complete,production,1,8078900,50000,50000,50000,50000,50000,50000,50000,200000,1,1,1,50000,1.0,24,1
1,availability,shuffled,reverse,i64,0,all,1,0,memory,7,100000,intersect,lazy_complete,production,2,7479900,50000,50000,50000,50000,50000,50000,50000,200000,1,1,1,50000,1.0,24,1
1,availability,shuffled,reverse,i64,0,all,1,0,memory,7,100000,intersect,lazy_complete,native,2,37214000,50000,50000,50000,50000,50000,50000,50000,200000,1,1,1,50000,1.0,24,1
1,availability,shuffled,reverse,i64,0,all,1,0,memory,7,100000,intersect,lazy_complete,native,3,40101900,50000,50000,50000,50000,50000,50000,50000,200000,1,1,1,50000,1.0,24,1
1,availability,shuffled,reverse,i64,0,all,1,0,memory,7,100000,intersect,lazy_complete,production,3,8565700,50000,50000,50000,50000,50000,50000,50000,200000,1,1,1,50000,1.0,24,1
1,availability,shuffled,reverse,i64,0,all,1,0,memory,7,100000,intersect,lazy_complete,production,4,8023000,50000,50000,50000,50000,50000,50000,50000,200000,1,1,1,50000,1.0,24,1
1,availability,shuffled,reverse,i64,0,all,1,0,memory,7,100000,intersect,lazy_complete,native,4,37328700,50000,50000,50000,50000,50000,50000,50000,200000,1,1,1,50000,1.0,24,1
1,availability,shuffled,reverse,i64,0,all,1,0,memory,41,100000,subtract,lazy_complete,production,0,8812500,50000,50000,50000,50000,50000,50000,100000,200000,1,1,1,50000,1.0,24,1
1,availability,shuffled,reverse,i64,0,all,1,0,memory,41,100000,subtract,lazy_complete,native,0,42784500,50000,50000,50000,50000,50000,50000,100000,200000,1,1,1,50000,1.0,24,1
1,availability,shuffled,reverse,i64,0,all,1,0,memory,41,100000,subtract,lazy_complete,native,1,39828300,50000,50000,50000,50000,50000,50000,100000,200000,1,1,1,50000,1.0,24,1
1,availability,shuffled,reverse,i64,0,all,1,0,memory,41,100000,subtract,lazy_complete,production,1,8306300,50000,50000,50000,50000,50000,50000,100000,200000,1,1,1,50000,1.0,24,1
1,availability,shuffled,reverse,i64,0,all,1,0,memory,41,100000,subtract,lazy_complete,production,2,8771900,50000,50000,50000,50000,50000,50000,100000,200000,1,1,1,50000,1.0,24,1
1,availability,shuffled,reverse,i64,0,all,1,0,memory,41,100000,subtract,lazy_complete,native,2,40369800,50000,50000,50000,50000,50000,50000,100000,200000,1,1,1,50000,1.0,24,1
1,availability,shuffled,reverse,i64,0,all,1,0,memory,41,100000,subtract,lazy_complete,native,3,40944700,50000,50000,50000,50000,50000,50000,100000,200000,1,1,1,50000,1.0,24,1
1,availability,shuffled,reverse,i64,0,all,1,0,memory,41,100000,subtract,lazy_complete,production,3,8443300,50000,50000,50000,50000,50000,50000,100000,200000,1,1,1,50000,1.0,24,1
1,availability,shuffled,reverse,i64,0,all,1,0,memory,41,100000,subtract,lazy_complete,production,4,8780900,50000,50000,50000,50000,50000,50000,100000,200000,1,1,1,50000,1.0,24,1
1,availability,shuffled,reverse,i64,0,all,1,0,memory,41,100000,subtract,lazy_complete,native,4,44675700,50000,50000,50000,50000,50000,50000,100000,200000,1,1,1,50000,1.0,24,1
1,availability,shuffled,reverse,i64,0,all,1,0,memory,41,100000,intersect,lazy_complete,production,0,10009600,50000,50000,50000,50000,50000,50000,50000,200000,1,1,1,50000,1.0,24,1
1,availability,shuffled,reverse,i64,0,all,1,0,memory,41,100000,intersect,lazy_complete,native,0,48555400,50000,50000,50000,50000,50000,50000,50000,200000,1,1,1,50000,1.0,24,1
1,availability,shuffled,reverse,i64,0,all,1,0,memory,41,100000,intersect,lazy_complete,native,1,63827400,50000,50000,50000,50000,50000,50000,50000,200000,1,1,1,50000,1.0,24,1
1,availability,shuffled,reverse,i64,0,all,1,0,memory,41,100000,intersect,lazy_complete,production,1,9017200,50000,50000,50000,50000,50000,50000,50000,200000,1,1,1,50000,1.0,24,1
1,availability,shuffled,reverse,i64,0,all,1,0,memory,41,100000,intersect,lazy_complete,production,2,8818600,50000,50000,50000,50000,50000,50000,50000,200000,1,1,1,50000,1.0,24,1
1,availability,shuffled,reverse,i64,0,all,1,0,memory,41,100000,intersect,lazy_complete,native,2,51688900,50000,50000,50000,50000,50000,50000,50000,200000,1,1,1,50000,1.0,24,1
1,availability,shuffled,reverse,i64,0,all,1,0,memory,41,100000,intersect,lazy_complete,native,3,40734900,50000,50000,50000,50000,50000,50000,50000,200000,1,1,1,50000,1.0,24,1
1,availability,shuffled,reverse,i64,0,all,1,0,memory,41,100000,intersect,lazy_complete,production,3,8630200,50000,50000,50000,50000,50000,50000,50000,200000,1,1,1,50000,1.0,24,1
1,availability,shuffled,reverse,i64,0,all,1,0,memory,41,100000,intersect,lazy_complete,production,4,8206100,50000,50000,50000,50000,50000,50000,50000,200000,1,1,1,50000,1.0,24,1
1,availability,shuffled,reverse,i64,0,all,1,0,memory,41,100000,intersect,lazy_complete,native,4,37476400,50000,50000,50000,50000,50000,50000,50000,200000,1,1,1,50000,1.0,24,1
1,availability,shuffled,reverse,i64,0,all,1,0,memory,7,1000000,subtract,lazy_complete,production,0,83787800,500000,500000,500000,500000,500000,500000,1000000,2000000,1,1,1,500000,1.0,24,1
1,availability,shuffled,reverse,i64,0,all,1,0,memory,7,1000000,subtract,lazy_complete,native,0,509167800,500000,500000,500000,500000,500000,500000,1000000,2000000,1,1,1,500000,1.0,24,1
1,availability,shuffled,reverse,i64,0,all,1,0,memory,7,1000000,subtract,lazy_complete,native,1,607469500,500000,500000,500000,500000,500000,500000,1000000,2000000,1,1,1,500000,1.0,24,1
1,availability,shuffled,reverse,i64,0,all,1,0,memory,7,1000000,subtract,lazy_complete,production,1,93660100,500000,500000,500000,500000,500000,500000,1000000,2000000,1,1,1,500000,1.0,24,1
1,availability,shuffled,reverse,i64,0,all,1,0,memory,7,1000000,subtract,lazy_complete,production,2,80068000,500000,500000,500000,500000,500000,500000,1000000,2000000,1,1,1,500000,1.0,24,1
1,availability,shuffled,reverse,i64,0,all,1,0,memory,7,1000000,subtract,lazy_complete,native,2,433263400,500000,500000,500000,500000,500000,500000,1000000,2000000,1,1,1,500000,1.0,24,1
1,availability,shuffled,reverse,i64,0,all,1,0,memory,7,1000000,subtract,lazy_complete,native,3,553576700,500000,500000,500000,500000,500000,500000,1000000,2000000,1,1,1,500000,1.0,24,1
1,availability,shuffled,reverse,i64,0,all,1,0,memory,7,1000000,subtract,lazy_complete,production,3,96990400,500000,500000,500000,500000,500000,500000,1000000,2000000,1,1,1,500000,1.0,24,1
1,availability,shuffled,reverse,i64,0,all,1,0,memory,7,1000000,subtract,lazy_complete,production,4,76254100,500000,500000,500000,500000,500000,500000,1000000,2000000,1,1,1,500000,1.0,24,1
1,availability,shuffled,reverse,i64,0,all,1,0,memory,7,1000000,subtract,lazy_complete,native,4,453759300,500000,500000,500000,500000,500000,500000,1000000,2000000,1,1,1,500000,1.0,24,1
1,availability,shuffled,reverse,i64,0,all,1,0,memory,7,1000000,intersect,lazy_complete,production,0,92737300,500000,500000,500000,500000,500000,500000,500000,2000000,1,1,1,500000,1.0,24,1
1,availability,shuffled,reverse,i64,0,all,1,0,memory,7,1000000,intersect,lazy_complete,native,0,497868100,500000,500000,500000,500000,500000,500000,500000,2000000,1,1,1,500000,1.0,24,1
1,availability,shuffled,reverse,i64,0,all,1,0,memory,7,1000000,intersect,lazy_complete,native,1,357997900,500000,500000,500000,500000,500000,500000,500000,2000000,1,1,1,500000,1.0,24,1
1,availability,shuffled,reverse,i64,0,all,1,0,memory,7,1000000,intersect,lazy_complete,production,1,81022800,500000,500000,500000,500000,500000,500000,500000,2000000,1,1,1,500000,1.0,24,1
1,availability,shuffled,reverse,i64,0,all,1,0,memory,7,1000000,intersect,lazy_complete,production,2,81329000,500000,500000,500000,500000,500000,500000,500000,2000000,1,1,1,500000,1.0,24,1
1,availability,shuffled,reverse,i64,0,all,1,0,memory,7,1000000,intersect,lazy_complete,native,2,383184700,500000,500000,500000,500000,500000,500000,500000,2000000,1,1,1,500000,1.0,24,1
1,availability,shuffled,reverse,i64,0,all,1,0,memory,7,1000000,intersect,lazy_complete,native,3,393652900,500000,500000,500000,500000,500000,500000,500000,2000000,1,1,1,500000,1.0,24,1
1,availability,shuffled,reverse,i64,0,all,1,0,memory,7,1000000,intersect,lazy_complete,production,3,71188000,500000,500000,500000,500000,500000,500000,500000,2000000,1,1,1,500000,1.0,24,1
1,availability,shuffled,reverse,i64,0,all,1,0,memory,7,1000000,intersect,lazy_complete,production,4,80136900,500000,500000,500000,500000,500000,500000,500000,2000000,1,1,1,500000,1.0,24,1
1,availability,shuffled,reverse,i64,0,all,1,0,memory,7,1000000,intersect,lazy_complete,native,4,466406300,500000,500000,500000,500000,500000,500000,500000,2000000,1,1,1,500000,1.0,24,1
1,availability,shuffled,reverse,i64,0,all,1,0,memory,41,1000000,subtract,lazy_complete,production,0,76600800,500000,500000,500000,500000,500000,500000,1000000,2000000,1,1,1,500000,1.0,24,1
1,availability,shuffled,reverse,i64,0,all,1,0,memory,41,1000000,subtract,lazy_complete,native,0,449771500,500000,500000,500000,500000,500000,500000,1000000,2000000,1,1,1,500000,1.0,24,1
1,availability,shuffled,reverse,i64,0,all,1,0,memory,41,1000000,subtract,lazy_complete,native,1,493390700,500000,500000,500000,500000,500000,500000,1000000,2000000,1,1,1,500000,1.0,24,1
1,availability,shuffled,reverse,i64,0,all,1,0,memory,41,1000000,subtract,lazy_complete,production,1,75363800,500000,500000,500000,500000,500000,500000,1000000,2000000,1,1,1,500000,1.0,24,1
1,availability,shuffled,reverse,i64,0,all,1,0,memory,41,1000000,subtract,lazy_complete,production,2,97066900,500000,500000,500000,500000,500000,500000,1000000,2000000,1,1,1,500000,1.0,24,1
1,availability,shuffled,reverse,i64,0,all,1,0,memory,41,1000000,subtract,lazy_complete,native,2,469222700,500000,500000,500000,500000,500000,500000,1000000,2000000,1,1,1,500000,1.0,24,1
1,availability,shuffled,reverse,i64,0,all,1,0,memory,41,1000000,subtract,lazy_complete,native,3,511084000,500000,500000,500000,500000,500000,500000,1000000,2000000,1,1,1,500000,1.0,24,1
1,availability,shuffled,reverse,i64,0,all,1,0,memory,41,1000000,subtract,lazy_complete,production,3,73684300,500000,500000,500000,500000,500000,500000,1000000,2000000,1,1,1,500000,1.0,24,1
1,availability,shuffled,reverse,i64,0,all,1,0,memory,41,1000000,subtract,lazy_complete,production,4,100029800,500000,500000,500000,500000,500000,500000,1000000,2000000,1,1,1,500000,1.0,24,1
1,availability,shuffled,reverse,i64,0,all,1,0,memory,41,1000000,subtract,lazy_complete,native,4,456611200,500000,500000,500000,500000,500000,500000,1000000,2000000,1,1,1,500000,1.0,24,1
1,availability,shuffled,reverse,i64,0,all,1,0,memory,41,1000000,intersect,lazy_complete,production,0,74144300,500000,500000,500000,500000,500000,500000,500000,2000000,1,1,1,500000,1.0,24,1
1,availability,shuffled,reverse,i64,0,all,1,0,memory,41,1000000,intersect,lazy_complete,native,0,374848500,500000,500000,500000,500000,500000,500000,500000,2000000,1,1,1,500000,1.0,24,1
1,availability,shuffled,reverse,i64,0,all,1,0,memory,41,1000000,intersect,lazy_complete,native,1,380057500,500000,500000,500000,500000,500000,500000,500000,2000000,1,1,1,500000,1.0,24,1
1,availability,shuffled,reverse,i64,0,all,1,0,memory,41,1000000,intersect,lazy_complete,production,1,77027700,500000,500000,500000,500000,500000,500000,500000,2000000,1,1,1,500000,1.0,24,1
1,availability,shuffled,reverse,i64,0,all,1,0,memory,41,1000000,intersect,lazy_complete,production,2,78764600,500000,500000,500000,500000,500000,500000,500000,2000000,1,1,1,500000,1.0,24,1
1,availability,shuffled,reverse,i64,0,all,1,0,memory,41,1000000,intersect,lazy_complete,native,2,455094400,500000,500000,500000,500000,500000,500000,500000,2000000,1,1,1,500000,1.0,24,1
1,availability,shuffled,reverse,i64,0,all,1,0,memory,41,1000000,intersect,lazy_complete,native,3,366721300,500000,500000,500000,500000,500000,500000,500000,2000000,1,1,1,500000,1.0,24,1
1,availability,shuffled,reverse,i64,0,all,1,0,memory,41,1000000,intersect,lazy_complete,production,3,75623700,500000,500000,500000,500000,500000,500000,500000,2000000,1,1,1,500000,1.0,24,1
1,availability,shuffled,reverse,i64,0,all,1,0,memory,41,1000000,intersect,lazy_complete,production,4,67982700,500000,500000,500000,500000,500000,500000,500000,2000000,1,1,1,500000,1.0,24,1
1,availability,shuffled,reverse,i64,0,all,1,0,memory,41,1000000,intersect,lazy_complete,native,4,446090100,500000,500000,500000,500000,500000,500000,500000,2000000,1,1,1,500000,1.0,24,1
3,nested,start,shuffled,i64,0,all,1,0,memory,7,1000,subtract,lazy_complete,production,0,1315500,500,500,500,500,1,1,0,1000,1,1,1,500,1.0,1,1
3,nested,start,shuffled,i64,0,all,1,0,memory,7,1000,subtract,lazy_complete,native,0,8425700,500,500,500,500,1,1,0,1000,1,1,1,500,1.0,1,1
3,nested,start,shuffled,i64,0,all,1,0,memory,7,1000,subtract,lazy_complete,native,1,7266800,500,500,500,500,1,1,0,1000,1,1,1,500,1.0,1,1
3,nested,start,shuffled,i64,0,all,1,0,memory,7,1000,subtract,lazy_complete,production,1,1233300,500,500,500,500,1,1,0,1000,1,1,1,500,1.0,1,1
3,nested,start,shuffled,i64,0,all,1,0,memory,7,1000,subtract,lazy_complete,production,2,999800,500,500,500,500,1,1,0,1000,1,1,1,500,1.0,1,1
3,nested,start,shuffled,i64,0,all,1,0,memory,7,1000,subtract,lazy_complete,native,2,6126700,500,500,500,500,1,1,0,1000,1,1,1,500,1.0,1,1
3,nested,start,shuffled,i64,0,all,1,0,memory,7,1000,subtract,lazy_complete,native,3,8090600,500,500,500,500,1,1,0,1000,1,1,1,500,1.0,1,1
3,nested,start,shuffled,i64,0,all,1,0,memory,7,1000,subtract,lazy_complete,production,3,1238600,500,500,500,500,1,1,0,1000,1,1,1,500,1.0,1,1
3,nested,start,shuffled,i64,0,all,1,0,memory,7,1000,subtract,lazy_complete,production,4,1226600,500,500,500,500,1,1,0,1000,1,1,1,500,1.0,1,1
3,nested,start,shuffled,i64,0,all,1,0,memory,7,1000,subtract,lazy_complete,native,4,6753500,500,500,500,500,1,1,0,1000,1,1,1,500,1.0,1,1
3,nested,start,shuffled,i64,0,all,1,0,memory,7,1000,intersect,lazy_complete,production,0,1549100,500,500,500,500,1,1,1,1000,1,1,1,500,1.0,1,1
3,nested,start,shuffled,i64,0,all,1,0,memory,7,1000,intersect,lazy_complete,native,0,10507300,500,500,500,500,1,1,1,1000,1,1,1,500,1.0,1,1
3,nested,start,shuffled,i64,0,all,1,0,memory,7,1000,intersect,lazy_complete,native,1,9283400,500,500,500,500,1,1,1,1000,1,1,1,500,1.0,1,1
3,nested,start,shuffled,i64,0,all,1,0,memory,7,1000,intersect,lazy_complete,production,1,1205400,500,500,500,500,1,1,1,1000,1,1,1,500,1.0,1,1
3,nested,start,shuffled,i64,0,all,1,0,memory,7,1000,intersect,lazy_complete,production,2,788000,500,500,500,500,1,1,1,1000,1,1,1,500,1.0,1,1
3,nested,start,shuffled,i64,0,all,1,0,memory,7,1000,intersect,lazy_complete,native,2,11590700,500,500,500,500,1,1,1,1000,1,1,1,500,1.0,1,1
3,nested,start,shuffled,i64,0,all,1,0,memory,7,1000,intersect,lazy_complete,native,3,9608900,500,500,500,500,1,1,1,1000,1,1,1,500,1.0,1,1
3,nested,start,shuffled,i64,0,all,1,0,memory,7,1000,intersect,lazy_complete,production,3,1319900,500,500,500,500,1,1,1,1000,1,1,1,500,1.0,1,1
3,nested,start,shuffled,i64,0,all,1,0,memory,7,1000,intersect,lazy_complete,production,4,1145600,500,500,500,500,1,1,1,1000,1,1,1,500,1.0,1,1
3,nested,start,shuffled,i64,0,all,1,0,memory,7,1000,intersect,lazy_complete,native,4,7262900,500,500,500,500,1,1,1,1000,1,1,1,500,1.0,1,1
3,nested,start,shuffled,i64,0,all,1,0,memory,41,1000,subtract,lazy_complete,production,0,1225900,500,500,500,500,1,1,0,1000,1,1,1,500,1.0,1,1
3,nested,start,shuffled,i64,0,all,1,0,memory,41,1000,subtract,lazy_complete,native,0,6777800,500,500,500,500,1,1,0,1000,1,1,1,500,1.0,1,1
3,nested,start,shuffled,i64,0,all,1,0,memory,41,1000,subtract,lazy_complete,native,1,7285200,500,500,500,500,1,1,0,1000,1,1,1,500,1.0,1,1
3,nested,start,shuffled,i64,0,all,1,0,memory,41,1000,subtract,lazy_complete,production,1,1328500,500,500,500,500,1,1,0,1000,1,1,1,500,1.0,1,1
3,nested,start,shuffled,i64,0,all,1,0,memory,41,1000,subtract,lazy_complete,production,2,764700,500,500,500,500,1,1,0,1000,1,1,1,500,1.0,1,1
3,nested,start,shuffled,i64,0,all,1,0,memory,41,1000,subtract,lazy_complete,native,2,6489800,500,500,500,500,1,1,0,1000,1,1,1,500,1.0,1,1
3,nested,start,shuffled,i64,0,all,1,0,memory,41,1000,subtract,lazy_complete,native,3,5644800,500,500,500,500,1,1,0,1000,1,1,1,500,1.0,1,1
3,nested,start,shuffled,i64,0,all,1,0,memory,41,1000,subtract,lazy_complete,production,3,1240000,500,500,500,500,1,1,0,1000,1,1,1,500,1.0,1,1
3,nested,start,shuffled,i64,0,all,1,0,memory,41,1000,subtract,lazy_complete,production,4,1007500,500,500,500,500,1,1,0,1000,1,1,1,500,1.0,1,1
3,nested,start,shuffled,i64,0,all,1,0,memory,41,1000,subtract,lazy_complete,native,4,8210300,500,500,500,500,1,1,0,1000,1,1,1,500,1.0,1,1
3,nested,start,shuffled,i64,0,all,1,0,memory,41,1000,intersect,lazy_complete,production,0,1332700,500,500,500,500,1,1,1,1000,1,1,1,500,1.0,1,1
3,nested,start,shuffled,i64,0,all,1,0,memory,41,1000,intersect,lazy_complete,native,0,7009700,500,500,500,500,1,1,1,1000,1,1,1,500,1.0,1,1
3,nested,start,shuffled,i64,0,all,1,0,memory,41,1000,intersect,lazy_complete,native,1,7411100,500,500,500,500,1,1,1,1000,1,1,1,500,1.0,1,1
3,nested,start,shuffled,i64,0,all,1,0,memory,41,1000,intersect,lazy_complete,production,1,1289700,500,500,500,500,1,1,1,1000,1,1,1,500,1.0,1,1
3,nested,start,shuffled,i64,0,all,1,0,memory,41,1000,intersect,lazy_complete,production,2,968300,500,500,500,500,1,1,1,1000,1,1,1,500,1.0,1,1
3,nested,start,shuffled,i64,0,all,1,0,memory,41,1000,intersect,lazy_complete,native,2,8827300,500,500,500,500,1,1,1,1000,1,1,1,500,1.0,1,1
3,nested,start,shuffled,i64,0,all,1,0,memory,41,1000,intersect,lazy_complete,native,3,9722600,500,500,500,500,1,1,1,1000,1,1,1,500,1.0,1,1
3,nested,start,shuffled,i64,0,all,1,0,memory,41,1000,intersect,lazy_complete,production,3,1271000,500,500,500,500,1,1,1,1000,1,1,1,500,1.0,1,1
3,nested,start,shuffled,i64,0,all,1,0,memory,41,1000,intersect,lazy_complete,production,4,765500,500,500,500,500,1,1,1,1000,1,1,1,500,1.0,1,1
3,nested,start,shuffled,i64,0,all,1,0,memory,41,1000,intersect,lazy_complete,native,4,7729900,500,500,500,500,1,1,1,1000,1,1,1,500,1.0,1,1
3,nested,start,shuffled,i64,0,all,1,0,memory,7,100000,subtract,lazy_complete,production,0,6029400,50000,50000,50000,50000,1,1,0,100000,1,1,1,50000,1.0,1,24
3,nested,start,shuffled,i64,0,all,1,0,memory,7,100000,subtract,lazy_complete,native,0,24406000,50000,50000,50000,50000,1,1,0,100000,1,1,1,50000,1.0,1,24
3,nested,start,shuffled,i64,0,all,1,0,memory,7,100000,subtract,lazy_complete,native,1,23716400,50000,50000,50000,50000,1,1,0,100000,1,1,1,50000,1.0,1,24
3,nested,start,shuffled,i64,0,all,1,0,memory,7,100000,subtract,lazy_complete,production,1,5989400,50000,50000,50000,50000,1,1,0,100000,1,1,1,50000,1.0,1,24
3,nested,start,shuffled,i64,0,all,1,0,memory,7,100000,subtract,lazy_complete,production,2,7198700,50000,50000,50000,50000,1,1,0,100000,1,1,1,50000,1.0,1,24
3,nested,start,shuffled,i64,0,all,1,0,memory,7,100000,subtract,lazy_complete,native,2,25739100,50000,50000,50000,50000,1,1,0,100000,1,1,1,50000,1.0,1,24
3,nested,start,shuffled,i64,0,all,1,0,memory,7,100000,subtract,lazy_complete,native,3,22521300,50000,50000,50000,50000,1,1,0,100000,1,1,1,50000,1.0,1,24
3,nested,start,shuffled,i64,0,all,1,0,memory,7,100000,subtract,lazy_complete,production,3,5560700,50000,50000,50000,50000,1,1,0,100000,1,1,1,50000,1.0,1,24
3,nested,start,shuffled,i64,0,all,1,0,memory,7,100000,subtract,lazy_complete,production,4,6152900,50000,50000,50000,50000,1,1,0,100000,1,1,1,50000,1.0,1,24
3,nested,start,shuffled,i64,0,all,1,0,memory,7,100000,subtract,lazy_complete,native,4,20422900,50000,50000,50000,50000,1,1,0,100000,1,1,1,50000,1.0,1,24
3,nested,start,shuffled,i64,0,all,1,0,memory,7,100000,intersect,lazy_complete,production,0,5885300,50000,50000,50000,50000,1,1,1,100000,1,1,1,50000,1.0,1,24
3,nested,start,shuffled,i64,0,all,1,0,memory,7,100000,intersect,lazy_complete,native,0,27669900,50000,50000,50000,50000,1,1,1,100000,1,1,1,50000,1.0,1,24
3,nested,start,shuffled,i64,0,all,1,0,memory,7,100000,intersect,lazy_complete,native,1,29682500,50000,50000,50000,50000,1,1,1,100000,1,1,1,50000,1.0,1,24
3,nested,start,shuffled,i64,0,all,1,0,memory,7,100000,intersect,lazy_complete,production,1,6587200,50000,50000,50000,50000,1,1,1,100000,1,1,1,50000,1.0,1,24
3,nested,start,shuffled,i64,0,all,1,0,memory,7,100000,intersect,lazy_complete,production,2,6453600,50000,50000,50000,50000,1,1,1,100000,1,1,1,50000,1.0,1,24
3,nested,start,shuffled,i64,0,all,1,0,memory,7,100000,intersect,lazy_complete,native,2,29854300,50000,50000,50000,50000,1,1,1,100000,1,1,1,50000,1.0,1,24
3,nested,start,shuffled,i64,0,all,1,0,memory,7,100000,intersect,lazy_complete,native,3,32668300,50000,50000,50000,50000,1,1,1,100000,1,1,1,50000,1.0,1,24
3,nested,start,shuffled,i64,0,all,1,0,memory,7,100000,intersect,lazy_complete,production,3,7383000,50000,50000,50000,50000,1,1,1,100000,1,1,1,50000,1.0,1,24
3,nested,start,shuffled,i64,0,all,1,0,memory,7,100000,intersect,lazy_complete,production,4,7655200,50000,50000,50000,50000,1,1,1,100000,1,1,1,50000,1.0,1,24
3,nested,start,shuffled,i64,0,all,1,0,memory,7,100000,intersect,lazy_complete,native,4,37583900,50000,50000,50000,50000,1,1,1,100000,1,1,1,50000,1.0,1,24
3,nested,start,shuffled,i64,0,all,1,0,memory,41,100000,subtract,lazy_complete,production,0,7873400,50000,50000,50000,50000,1,1,0,100000,1,1,1,50000,1.0,1,24
3,nested,start,shuffled,i64,0,all,1,0,memory,41,100000,subtract,lazy_complete,native,0,26916600,50000,50000,50000,50000,1,1,0,100000,1,1,1,50000,1.0,1,24
3,nested,start,shuffled,i64,0,all,1,0,memory,41,100000,subtract,lazy_complete,native,1,22661600,50000,50000,50000,50000,1,1,0,100000,1,1,1,50000,1.0,1,24
3,nested,start,shuffled,i64,0,all,1,0,memory,41,100000,subtract,lazy_complete,production,1,6289800,50000,50000,50000,50000,1,1,0,100000,1,1,1,50000,1.0,1,24
3,nested,start,shuffled,i64,0,all,1,0,memory,41,100000,subtract,lazy_complete,production,2,7072200,50000,50000,50000,50000,1,1,0,100000,1,1,1,50000,1.0,1,24
3,nested,start,shuffled,i64,0,all,1,0,memory,41,100000,subtract,lazy_complete,native,2,29188600,50000,50000,50000,50000,1,1,0,100000,1,1,1,50000,1.0,1,24
3,nested,start,shuffled,i64,0,all,1,0,memory,41,100000,subtract,lazy_complete,native,3,31660400,50000,50000,50000,50000,1,1,0,100000,1,1,1,50000,1.0,1,24
3,nested,start,shuffled,i64,0,all,1,0,memory,41,100000,subtract,lazy_complete,production,3,7941100,50000,50000,50000,50000,1,1,0,100000,1,1,1,50000,1.0,1,24
3,nested,start,shuffled,i64,0,all,1,0,memory,41,100000,subtract,lazy_complete,production,4,7839100,50000,50000,50000,50000,1,1,0,100000,1,1,1,50000,1.0,1,24
3,nested,start,shuffled,i64,0,all,1,0,memory,41,100000,subtract,lazy_complete,native,4,35005700,50000,50000,50000,50000,1,1,0,100000,1,1,1,50000,1.0,1,24
3,nested,start,shuffled,i64,0,all,1,0,memory,41,100000,intersect,lazy_complete,production,0,6110000,50000,50000,50000,50000,1,1,1,100000,1,1,1,50000,1.0,1,24
3,nested,start,shuffled,i64,0,all,1,0,memory,41,100000,intersect,lazy_complete,native,0,30161100,50000,50000,50000,50000,1,1,1,100000,1,1,1,50000,1.0,1,24
3,nested,start,shuffled,i64,0,all,1,0,memory,41,100000,intersect,lazy_complete,native,1,27707200,50000,50000,50000,50000,1,1,1,100000,1,1,1,50000,1.0,1,24
3,nested,start,shuffled,i64,0,all,1,0,memory,41,100000,intersect,lazy_complete,production,1,6546800,50000,50000,50000,50000,1,1,1,100000,1,1,1,50000,1.0,1,24
3,nested,start,shuffled,i64,0,all,1,0,memory,41,100000,intersect,lazy_complete,production,2,6758700,50000,50000,50000,50000,1,1,1,100000,1,1,1,50000,1.0,1,24
3,nested,start,shuffled,i64,0,all,1,0,memory,41,100000,intersect,lazy_complete,native,2,29534300,50000,50000,50000,50000,1,1,1,100000,1,1,1,50000,1.0,1,24
3,nested,start,shuffled,i64,0,all,1,0,memory,41,100000,intersect,lazy_complete,native,3,33077900,50000,50000,50000,50000,1,1,1,100000,1,1,1,50000,1.0,1,24
3,nested,start,shuffled,i64,0,all,1,0,memory,41,100000,intersect,lazy_complete,production,3,6795900,50000,50000,50000,50000,1,1,1,100000,1,1,1,50000,1.0,1,24
3,nested,start,shuffled,i64,0,all,1,0,memory,41,100000,intersect,lazy_complete,production,4,6169300,50000,50000,50000,50000,1,1,1,100000,1,1,1,50000,1.0,1,24
3,nested,start,shuffled,i64,0,all,1,0,memory,41,100000,intersect,lazy_complete,native,4,29157000,50000,50000,50000,50000,1,1,1,100000,1,1,1,50000,1.0,1,24
3,nested,start,shuffled,i64,0,all,1,0,memory,7,1000000,subtract,lazy_complete,production,0,71474500,500000,500000,500000,500000,1,1,0,1000000,1,1,1,500000,1.0,1,24
3,nested,start,shuffled,i64,0,all,1,0,memory,7,1000000,subtract,lazy_complete,native,0,277694100,500000,500000,500000,500000,1,1,0,1000000,1,1,1,500000,1.0,1,24
3,nested,start,shuffled,i64,0,all,1,0,memory,7,1000000,subtract,lazy_complete,native,1,206383700,500000,500000,500000,500000,1,1,0,1000000,1,1,1,500000,1.0,1,24
3,nested,start,shuffled,i64,0,all,1,0,memory,7,1000000,subtract,lazy_complete,production,1,56858900,500000,500000,500000,500000,1,1,0,1000000,1,1,1,500000,1.0,1,24
3,nested,start,shuffled,i64,0,all,1,0,memory,7,1000000,subtract,lazy_complete,production,2,55734700,500000,500000,500000,500000,1,1,0,1000000,1,1,1,500000,1.0,1,24
3,nested,start,shuffled,i64,0,all,1,0,memory,7,1000000,subtract,lazy_complete,native,2,202213200,500000,500000,500000,500000,1,1,0,1000000,1,1,1,500000,1.0,1,24
3,nested,start,shuffled,i64,0,all,1,0,memory,7,1000000,subtract,lazy_complete,native,3,187157200,500000,500000,500000,500000,1,1,0,1000000,1,1,1,500000,1.0,1,24
3,nested,start,shuffled,i64,0,all,1,0,memory,7,1000000,subtract,lazy_complete,production,3,55506900,500000,500000,500000,500000,1,1,0,1000000,1,1,1,500000,1.0,1,24
3,nested,start,shuffled,i64,0,all,1,0,memory,7,1000000,subtract,lazy_complete,production,4,55219100,500000,500000,500000,500000,1,1,0,1000000,1,1,1,500000,1.0,1,24
3,nested,start,shuffled,i64,0,all,1,0,memory,7,1000000,subtract,lazy_complete,native,4,210973200,500000,500000,500000,500000,1,1,0,1000000,1,1,1,500000,1.0,1,24
3,nested,start,shuffled,i64,0,all,1,0,memory,7,1000000,intersect,lazy_complete,production,0,63360000,500000,500000,500000,500000,1,1,1,1000000,1,1,1,500000,1.0,1,24
3,nested,start,shuffled,i64,0,all,1,0,memory,7,1000000,intersect,lazy_complete,native,0,245190700,500000,500000,500000,500000,1,1,1,1000000,1,1,1,500000,1.0,1,24
3,nested,start,shuffled,i64,0,all,1,0,memory,7,1000000,intersect,lazy_complete,native,1,228059300,500000,500000,500000,500000,1,1,1,1000000,1,1,1,500000,1.0,1,24
3,nested,start,shuffled,i64,0,all,1,0,memory,7,1000000,intersect,lazy_complete,production,1,54681600,500000,500000,500000,500000,1,1,1,1000000,1,1,1,500000,1.0,1,24
3,nested,start,shuffled,i64,0,all,1,0,memory,7,1000000,intersect,lazy_complete,production,2,62443200,500000,500000,500000,500000,1,1,1,1000000,1,1,1,500000,1.0,1,24
3,nested,start,shuffled,i64,0,all,1,0,memory,7,1000000,intersect,lazy_complete,native,2,320781000,500000,500000,500000,500000,1,1,1,1000000,1,1,1,500000,1.0,1,24
3,nested,start,shuffled,i64,0,all,1,0,memory,7,1000000,intersect,lazy_complete,native,3,304294700,500000,500000,500000,500000,1,1,1,1000000,1,1,1,500000,1.0,1,24
3,nested,start,shuffled,i64,0,all,1,0,memory,7,1000000,intersect,lazy_complete,production,3,60447500,500000,500000,500000,500000,1,1,1,1000000,1,1,1,500000,1.0,1,24
3,nested,start,shuffled,i64,0,all,1,0,memory,7,1000000,intersect,lazy_complete,production,4,66658600,500000,500000,500000,500000,1,1,1,1000000,1,1,1,500000,1.0,1,24
3,nested,start,shuffled,i64,0,all,1,0,memory,7,1000000,intersect,lazy_complete,native,4,295285100,500000,500000,500000,500000,1,1,1,1000000,1,1,1,500000,1.0,1,24
3,nested,start,shuffled,i64,0,all,1,0,memory,41,1000000,subtract,lazy_complete,production,0,75666700,500000,500000,500000,500000,1,1,0,1000000,1,1,1,500000,1.0,1,24
3,nested,start,shuffled,i64,0,all,1,0,memory,41,1000000,subtract,lazy_complete,native,0,260395000,500000,500000,500000,500000,1,1,0,1000000,1,1,1,500000,1.0,1,24
3,nested,start,shuffled,i64,0,all,1,0,memory,41,1000000,subtract,lazy_complete,native,1,195514100,500000,500000,500000,500000,1,1,0,1000000,1,1,1,500000,1.0,1,24
3,nested,start,shuffled,i64,0,all,1,0,memory,41,1000000,subtract,lazy_complete,production,1,54136800,500000,500000,500000,500000,1,1,0,1000000,1,1,1,500000,1.0,1,24
3,nested,start,shuffled,i64,0,all,1,0,memory,41,1000000,subtract,lazy_complete,production,2,55916200,500000,500000,500000,500000,1,1,0,1000000,1,1,1,500000,1.0,1,24
3,nested,start,shuffled,i64,0,all,1,0,memory,41,1000000,subtract,lazy_complete,native,2,210532200,500000,500000,500000,500000,1,1,0,1000000,1,1,1,500000,1.0,1,24
3,nested,start,shuffled,i64,0,all,1,0,memory,41,1000000,subtract,lazy_complete,native,3,183294400,500000,500000,500000,500000,1,1,0,1000000,1,1,1,500000,1.0,1,24
3,nested,start,shuffled,i64,0,all,1,0,memory,41,1000000,subtract,lazy_complete,production,3,59655800,500000,500000,500000,500000,1,1,0,1000000,1,1,1,500000,1.0,1,24
3,nested,start,shuffled,i64,0,all,1,0,memory,41,1000000,subtract,lazy_complete,production,4,58929100,500000,500000,500000,500000,1,1,0,1000000,1,1,1,500000,1.0,1,24
3,nested,start,shuffled,i64,0,all,1,0,memory,41,1000000,subtract,lazy_complete,native,4,223046600,500000,500000,500000,500000,1,1,0,1000000,1,1,1,500000,1.0,1,24
3,nested,start,shuffled,i64,0,all,1,0,memory,41,1000000,intersect,lazy_complete,production,0,55690800,500000,500000,500000,500000,1,1,1,1000000,1,1,1,500000,1.0,1,24
3,nested,start,shuffled,i64,0,all,1,0,memory,41,1000000,intersect,lazy_complete,native,0,232678500,500000,500000,500000,500000,1,1,1,1000000,1,1,1,500000,1.0,1,24
3,nested,start,shuffled,i64,0,all,1,0,memory,41,1000000,intersect,lazy_complete,native,1,236890100,500000,500000,500000,500000,1,1,1,1000000,1,1,1,500000,1.0,1,24
3,nested,start,shuffled,i64,0,all,1,0,memory,41,1000000,intersect,lazy_complete,production,1,64539300,500000,500000,500000,500000,1,1,1,1000000,1,1,1,500000,1.0,1,24
3,nested,start,shuffled,i64,0,all,1,0,memory,41,1000000,intersect,lazy_complete,production,2,65033000,500000,500000,500000,500000,1,1,1,1000000,1,1,1,500000,1.0,1,24
3,nested,start,shuffled,i64,0,all,1,0,memory,41,1000000,intersect,lazy_complete,native,2,306393600,500000,500000,500000,500000,1,1,1,1000000,1,1,1,500000,1.0,1,24
3,nested,start,shuffled,i64,0,all,1,0,memory,41,1000000,intersect,lazy_complete,native,3,250253400,500000,500000,500000,500000,1,1,1,1000000,1,1,1,500000,1.0,1,24
3,nested,start,shuffled,i64,0,all,1,0,memory,41,1000000,intersect,lazy_complete,production,3,55870300,500000,500000,500000,500000,1,1,1,1000000,1,1,1,500000,1.0,1,24
3,nested,start,shuffled,i64,0,all,1,0,memory,41,1000000,intersect,lazy_complete,production,4,54991800,500000,500000,500000,500000,1,1,1,1000000,1,1,1,500000,1.0,1,24
3,nested,start,shuffled,i64,0,all,1,0,memory,41,1000000,intersect,lazy_complete,native,4,251944600,500000,500000,500000,500000,1,1,1,1000000,1,1,1,500000,1.0,1,24
10,availability,shuffled,reverse,datetime_ns,1000,all,7,0,memory,7,1000,subtract,lazy_complete,production,0,1903600,500,500,500,500,500,500,1000,2000,474,474,1.0,27,0.054,8,8
10,availability,shuffled,reverse,datetime_ns,1000,all,7,0,memory,7,1000,subtract,lazy_complete,native,0,14979100,500,500,500,500,500,500,1000,2000,474,474,1.0,27,0.054,8,8
10,availability,shuffled,reverse,datetime_ns,1000,all,7,0,memory,7,1000,subtract,lazy_complete,native,1,15148900,500,500,500,500,500,500,1000,2000,474,474,1.0,27,0.054,8,8
10,availability,shuffled,reverse,datetime_ns,1000,all,7,0,memory,7,1000,subtract,lazy_complete,production,1,1801100,500,500,500,500,500,500,1000,2000,474,474,1.0,27,0.054,8,8
10,availability,shuffled,reverse,datetime_ns,1000,all,7,0,memory,7,1000,subtract,lazy_complete,production,2,1094700,500,500,500,500,500,500,1000,2000,474,474,1.0,27,0.054,8,8
10,availability,shuffled,reverse,datetime_ns,1000,all,7,0,memory,7,1000,subtract,lazy_complete,native,2,14236000,500,500,500,500,500,500,1000,2000,474,474,1.0,27,0.054,8,8
10,availability,shuffled,reverse,datetime_ns,1000,all,7,0,memory,7,1000,subtract,lazy_complete,native,3,13164600,500,500,500,500,500,500,1000,2000,474,474,1.0,27,0.054,8,8
10,availability,shuffled,reverse,datetime_ns,1000,all,7,0,memory,7,1000,subtract,lazy_complete,production,3,1789100,500,500,500,500,500,500,1000,2000,474,474,1.0,27,0.054,8,8
10,availability,shuffled,reverse,datetime_ns,1000,all,7,0,memory,7,1000,subtract,lazy_complete,production,4,1286200,500,500,500,500,500,500,1000,2000,474,474,1.0,27,0.054,8,8
10,availability,shuffled,reverse,datetime_ns,1000,all,7,0,memory,7,1000,subtract,lazy_complete,native,4,15263300,500,500,500,500,500,500,1000,2000,474,474,1.0,27,0.054,8,8
10,availability,shuffled,reverse,datetime_ns,1000,all,7,0,memory,7,1000,intersect,lazy_complete,production,0,1938800,500,500,500,500,500,500,500,2000,474,474,1.0,27,0.054,8,8
10,availability,shuffled,reverse,datetime_ns,1000,all,7,0,memory,7,1000,intersect,lazy_complete,native,0,17814600,500,500,500,500,500,500,500,2000,474,474,1.0,27,0.054,8,8
10,availability,shuffled,reverse,datetime_ns,1000,all,7,0,memory,7,1000,intersect,lazy_complete,native,1,23977300,500,500,500,500,500,500,500,2000,474,474,1.0,27,0.054,8,8
10,availability,shuffled,reverse,datetime_ns,1000,all,7,0,memory,7,1000,intersect,lazy_complete,production,1,2277700,500,500,500,500,500,500,500,2000,474,474,1.0,27,0.054,8,8
10,availability,shuffled,reverse,datetime_ns,1000,all,7,0,memory,7,1000,intersect,lazy_complete,production,2,1773700,500,500,500,500,500,500,500,2000,474,474,1.0,27,0.054,8,8
10,availability,shuffled,reverse,datetime_ns,1000,all,7,0,memory,7,1000,intersect,lazy_complete,native,2,17353200,500,500,500,500,500,500,500,2000,474,474,1.0,27,0.054,8,8
10,availability,shuffled,reverse,datetime_ns,1000,all,7,0,memory,7,1000,intersect,lazy_complete,native,3,21695000,500,500,500,500,500,500,500,2000,474,474,1.0,27,0.054,8,8
10,availability,shuffled,reverse,datetime_ns,1000,all,7,0,memory,7,1000,intersect,lazy_complete,production,3,2001300,500,500,500,500,500,500,500,2000,474,474,1.0,27,0.054,8,8
10,availability,shuffled,reverse,datetime_ns,1000,all,7,0,memory,7,1000,intersect,lazy_complete,production,4,1467000,500,500,500,500,500,500,500,2000,474,474,1.0,27,0.054,8,8
10,availability,shuffled,reverse,datetime_ns,1000,all,7,0,memory,7,1000,intersect,lazy_complete,native,4,19906700,500,500,500,500,500,500,500,2000,474,474,1.0,27,0.054,8,8
10,availability,shuffled,reverse,datetime_ns,1000,all,7,0,memory,41,1000,subtract,lazy_complete,production,0,1901300,500,500,500,500,500,500,1000,2000,474,474,1.0,27,0.054,8,8
10,availability,shuffled,reverse,datetime_ns,1000,all,7,0,memory,41,1000,subtract,lazy_complete,native,0,16315500,500,500,500,500,500,500,1000,2000,474,474,1.0,27,0.054,8,8
10,availability,shuffled,reverse,datetime_ns,1000,all,7,0,memory,41,1000,subtract,lazy_complete,native,1,14311900,500,500,500,500,500,500,1000,2000,474,474,1.0,27,0.054,8,8
10,availability,shuffled,reverse,datetime_ns,1000,all,7,0,memory,41,1000,subtract,lazy_complete,production,1,1635900,500,500,500,500,500,500,1000,2000,474,474,1.0,27,0.054,8,8
10,availability,shuffled,reverse,datetime_ns,1000,all,7,0,memory,41,1000,subtract,lazy_complete,production,2,1741300,500,500,500,500,500,500,1000,2000,474,474,1.0,27,0.054,8,8
10,availability,shuffled,reverse,datetime_ns,1000,all,7,0,memory,41,1000,subtract,lazy_complete,native,2,14663800,500,500,500,500,500,500,1000,2000,474,474,1.0,27,0.054,8,8
10,availability,shuffled,reverse,datetime_ns,1000,all,7,0,memory,41,1000,subtract,lazy_complete,native,3,14339900,500,500,500,500,500,500,1000,2000,474,474,1.0,27,0.054,8,8
10,availability,shuffled,reverse,datetime_ns,1000,all,7,0,memory,41,1000,subtract,lazy_complete,production,3,1937200,500,500,500,500,500,500,1000,2000,474,474,1.0,27,0.054,8,8
10,availability,shuffled,reverse,datetime_ns,1000,all,7,0,memory,41,1000,subtract,lazy_complete,production,4,1367800,500,500,500,500,500,500,1000,2000,474,474,1.0,27,0.054,8,8
10,availability,shuffled,reverse,datetime_ns,1000,all,7,0,memory,41,1000,subtract,lazy_complete,native,4,13746400,500,500,500,500,500,500,1000,2000,474,474,1.0,27,0.054,8,8
10,availability,shuffled,reverse,datetime_ns,1000,all,7,0,memory,41,1000,intersect,lazy_complete,production,0,1579400,500,500,500,500,500,500,500,2000,474,474,1.0,27,0.054,8,8
10,availability,shuffled,reverse,datetime_ns,1000,all,7,0,memory,41,1000,intersect,lazy_complete,native,0,14122100,500,500,500,500,500,500,500,2000,474,474,1.0,27,0.054,8,8
10,availability,shuffled,reverse,datetime_ns,1000,all,7,0,memory,41,1000,intersect,lazy_complete,native,1,12014400,500,500,500,500,500,500,500,2000,474,474,1.0,27,0.054,8,8
10,availability,shuffled,reverse,datetime_ns,1000,all,7,0,memory,41,1000,intersect,lazy_complete,production,1,1650600,500,500,500,500,500,500,500,2000,474,474,1.0,27,0.054,8,8
10,availability,shuffled,reverse,datetime_ns,1000,all,7,0,memory,41,1000,intersect,lazy_complete,production,2,1457600,500,500,500,500,500,500,500,2000,474,474,1.0,27,0.054,8,8
10,availability,shuffled,reverse,datetime_ns,1000,all,7,0,memory,41,1000,intersect,lazy_complete,native,2,11077100,500,500,500,500,500,500,500,2000,474,474,1.0,27,0.054,8,8
10,availability,shuffled,reverse,datetime_ns,1000,all,7,0,memory,41,1000,intersect,lazy_complete,native,3,12302600,500,500,500,500,500,500,500,2000,474,474,1.0,27,0.054,8,8
10,availability,shuffled,reverse,datetime_ns,1000,all,7,0,memory,41,1000,intersect,lazy_complete,production,3,1686600,500,500,500,500,500,500,500,2000,474,474,1.0,27,0.054,8,8
10,availability,shuffled,reverse,datetime_ns,1000,all,7,0,memory,41,1000,intersect,lazy_complete,production,4,1148200,500,500,500,500,500,500,500,2000,474,474,1.0,27,0.054,8,8
10,availability,shuffled,reverse,datetime_ns,1000,all,7,0,memory,41,1000,intersect,lazy_complete,native,4,12393600,500,500,500,500,500,500,500,2000,474,474,1.0,27,0.054,8,8
10,availability,shuffled,reverse,datetime_ns,1000,all,7,0,memory,7,100000,subtract,lazy_complete,production,0,14755500,50000,50000,50000,50000,50000,50000,100000,200000,1001,1001,1.0,2632,0.05264,31,8
10,availability,shuffled,reverse,datetime_ns,1000,all,7,0,memory,7,100000,subtract,lazy_complete,native,0,58875200,50000,50000,50000,50000,50000,50000,100000,200000,1001,1001,1.0,2632,0.05264,31,8
10,availability,shuffled,reverse,datetime_ns,1000,all,7,0,memory,7,100000,subtract,lazy_complete,native,1,57220700,50000,50000,50000,50000,50000,50000,100000,200000,1001,1001,1.0,2632,0.05264,31,8
10,availability,shuffled,reverse,datetime_ns,1000,all,7,0,memory,7,100000,subtract,lazy_complete,production,1,15448500,50000,50000,50000,50000,50000,50000,100000,200000,1001,1001,1.0,2632,0.05264,31,8
10,availability,shuffled,reverse,datetime_ns,1000,all,7,0,memory,7,100000,subtract,lazy_complete,production,2,18497600,50000,50000,50000,50000,50000,50000,100000,200000,1001,1001,1.0,2632,0.05264,31,8
10,availability,shuffled,reverse,datetime_ns,1000,all,7,0,memory,7,100000,subtract,lazy_complete,native,2,76993600,50000,50000,50000,50000,50000,50000,100000,200000,1001,1001,1.0,2632,0.05264,31,8
10,availability,shuffled,reverse,datetime_ns,1000,all,7,0,memory,7,100000,subtract,lazy_complete,native,3,73853900,50000,50000,50000,50000,50000,50000,100000,200000,1001,1001,1.0,2632,0.05264,31,8
10,availability,shuffled,reverse,datetime_ns,1000,all,7,0,memory,7,100000,subtract,lazy_complete,production,3,15659800,50000,50000,50000,50000,50000,50000,100000,200000,1001,1001,1.0,2632,0.05264,31,8
10,availability,shuffled,reverse,datetime_ns,1000,all,7,0,memory,7,100000,subtract,lazy_complete,production,4,19376500,50000,50000,50000,50000,50000,50000,100000,200000,1001,1001,1.0,2632,0.05264,31,8
10,availability,shuffled,reverse,datetime_ns,1000,all,7,0,memory,7,100000,subtract,lazy_complete,native,4,81096400,50000,50000,50000,50000,50000,50000,100000,200000,1001,1001,1.0,2632,0.05264,31,8
10,availability,shuffled,reverse,datetime_ns,1000,all,7,0,memory,7,100000,intersect,lazy_complete,production,0,13407800,50000,50000,50000,50000,50000,50000,50000,200000,1001,1001,1.0,2632,0.05264,31,8
10,availability,shuffled,reverse,datetime_ns,1000,all,7,0,memory,7,100000,intersect,lazy_complete,native,0,54055400,50000,50000,50000,50000,50000,50000,50000,200000,1001,1001,1.0,2632,0.05264,31,8
10,availability,shuffled,reverse,datetime_ns,1000,all,7,0,memory,7,100000,intersect,lazy_complete,native,1,51732500,50000,50000,50000,50000,50000,50000,50000,200000,1001,1001,1.0,2632,0.05264,31,8
10,availability,shuffled,reverse,datetime_ns,1000,all,7,0,memory,7,100000,intersect,lazy_complete,production,1,13020600,50000,50000,50000,50000,50000,50000,50000,200000,1001,1001,1.0,2632,0.05264,31,8
10,availability,shuffled,reverse,datetime_ns,1000,all,7,0,memory,7,100000,intersect,lazy_complete,production,2,12815400,50000,50000,50000,50000,50000,50000,50000,200000,1001,1001,1.0,2632,0.05264,31,8
10,availability,shuffled,reverse,datetime_ns,1000,all,7,0,memory,7,100000,intersect,lazy_complete,native,2,49085600,50000,50000,50000,50000,50000,50000,50000,200000,1001,1001,1.0,2632,0.05264,31,8
10,availability,shuffled,reverse,datetime_ns,1000,all,7,0,memory,7,100000,intersect,lazy_complete,native,3,46369400,50000,50000,50000,50000,50000,50000,50000,200000,1001,1001,1.0,2632,0.05264,31,8
10,availability,shuffled,reverse,datetime_ns,1000,all,7,0,memory,7,100000,intersect,lazy_complete,production,3,13995000,50000,50000,50000,50000,50000,50000,50000,200000,1001,1001,1.0,2632,0.05264,31,8
10,availability,shuffled,reverse,datetime_ns,1000,all,7,0,memory,7,100000,intersect,lazy_complete,production,4,13486900,50000,50000,50000,50000,50000,50000,50000,200000,1001,1001,1.0,2632,0.05264,31,8
10,availability,shuffled,reverse,datetime_ns,1000,all,7,0,memory,7,100000,intersect,lazy_complete,native,4,47827200,50000,50000,50000,50000,50000,50000,50000,200000,1001,1001,1.0,2632,0.05264,31,8
10,availability,shuffled,reverse,datetime_ns,1000,all,7,0,memory,41,100000,subtract,lazy_complete,production,0,15671500,50000,50000,50000,50000,50000,50000,100000,200000,1001,1001,1.0,2632,0.05264,31,8
10,availability,shuffled,reverse,datetime_ns,1000,all,7,0,memory,41,100000,subtract,lazy_complete,native,0,54125100,50000,50000,50000,50000,50000,50000,100000,200000,1001,1001,1.0,2632,0.05264,31,8
10,availability,shuffled,reverse,datetime_ns,1000,all,7,0,memory,41,100000,subtract,lazy_complete,native,1,61328700,50000,50000,50000,50000,50000,50000,100000,200000,1001,1001,1.0,2632,0.05264,31,8
10,availability,shuffled,reverse,datetime_ns,1000,all,7,0,memory,41,100000,subtract,lazy_complete,production,1,18859100,50000,50000,50000,50000,50000,50000,100000,200000,1001,1001,1.0,2632,0.05264,31,8
10,availability,shuffled,reverse,datetime_ns,1000,all,7,0,memory,41,100000,subtract,lazy_complete,production,2,19401800,50000,50000,50000,50000,50000,50000,100000,200000,1001,1001,1.0,2632,0.05264,31,8
10,availability,shuffled,reverse,datetime_ns,1000,all,7,0,memory,41,100000,subtract,lazy_complete,native,2,69525700,50000,50000,50000,50000,50000,50000,100000,200000,1001,1001,1.0,2632,0.05264,31,8
10,availability,shuffled,reverse,datetime_ns,1000,all,7,0,memory,41,100000,subtract,lazy_complete,native,3,78695700,50000,50000,50000,50000,50000,50000,100000,200000,1001,1001,1.0,2632,0.05264,31,8
10,availability,shuffled,reverse,datetime_ns,1000,all,7,0,memory,41,100000,subtract,lazy_complete,production,3,18252600,50000,50000,50000,50000,50000,50000,100000,200000,1001,1001,1.0,2632,0.05264,31,8
10,availability,shuffled,reverse,datetime_ns,1000,all,7,0,memory,41,100000,subtract,lazy_complete,production,4,16583200,50000,50000,50000,50000,50000,50000,100000,200000,1001,1001,1.0,2632,0.05264,31,8
10,availability,shuffled,reverse,datetime_ns,1000,all,7,0,memory,41,100000,subtract,lazy_complete,native,4,65317000,50000,50000,50000,50000,50000,50000,100000,200000,1001,1001,1.0,2632,0.05264,31,8
10,availability,shuffled,reverse,datetime_ns,1000,all,7,0,memory,41,100000,intersect,lazy_complete,production,0,18986100,50000,50000,50000,50000,50000,50000,50000,200000,1001,1001,1.0,2632,0.05264,31,8
10,availability,shuffled,reverse,datetime_ns,1000,all,7,0,memory,41,100000,intersect,lazy_complete,native,0,65514900,50000,50000,50000,50000,50000,50000,50000,200000,1001,1001,1.0,2632,0.05264,31,8
10,availability,shuffled,reverse,datetime_ns,1000,all,7,0,memory,41,100000,intersect,lazy_complete,native,1,60250000,50000,50000,50000,50000,50000,50000,50000,200000,1001,1001,1.0,2632,0.05264,31,8
10,availability,shuffled,reverse,datetime_ns,1000,all,7,0,memory,41,100000,intersect,lazy_complete,production,1,16223700,50000,50000,50000,50000,50000,50000,50000,200000,1001,1001,1.0,2632,0.05264,31,8
10,availability,shuffled,reverse,datetime_ns,1000,all,7,0,memory,41,100000,intersect,lazy_complete,production,2,16905900,50000,50000,50000,50000,50000,50000,50000,200000,1001,1001,1.0,2632,0.05264,31,8
10,availability,shuffled,reverse,datetime_ns,1000,all,7,0,memory,41,100000,intersect,lazy_complete,native,2,67761200,50000,50000,50000,50000,50000,50000,50000,200000,1001,1001,1.0,2632,0.05264,31,8
10,availability,shuffled,reverse,datetime_ns,1000,all,7,0,memory,41,100000,intersect,lazy_complete,native,3,49884300,50000,50000,50000,50000,50000,50000,50000,200000,1001,1001,1.0,2632,0.05264,31,8
10,availability,shuffled,reverse,datetime_ns,1000,all,7,0,memory,41,100000,intersect,lazy_complete,production,3,14308700,50000,50000,50000,50000,50000,50000,50000,200000,1001,1001,1.0,2632,0.05264,31,8
10,availability,shuffled,reverse,datetime_ns,1000,all,7,0,memory,41,100000,intersect,lazy_complete,production,4,13706800,50000,50000,50000,50000,50000,50000,50000,200000,1001,1001,1.0,2632,0.05264,31,8
10,availability,shuffled,reverse,datetime_ns,1000,all,7,0,memory,41,100000,intersect,lazy_complete,native,4,66004900,50000,50000,50000,50000,50000,50000,50000,200000,1001,1001,1.0,2632,0.05264,31,8
10,availability,shuffled,reverse,datetime_ns,1000,all,7,0,memory,7,1000000,subtract,lazy_complete,production,0,173912300,500000,500000,500000,500000,500000,500000,1000000,2000000,1001,1001,1.0,26316,0.052632,31,8
10,availability,shuffled,reverse,datetime_ns,1000,all,7,0,memory,7,1000000,subtract,lazy_complete,native,0,505871200,500000,500000,500000,500000,500000,500000,1000000,2000000,1001,1001,1.0,26316,0.052632,31,8
10,availability,shuffled,reverse,datetime_ns,1000,all,7,0,memory,7,1000000,subtract,lazy_complete,native,1,593449300,500000,500000,500000,500000,500000,500000,1000000,2000000,1001,1001,1.0,26316,0.052632,31,8
10,availability,shuffled,reverse,datetime_ns,1000,all,7,0,memory,7,1000000,subtract,lazy_complete,production,1,175256100,500000,500000,500000,500000,500000,500000,1000000,2000000,1001,1001,1.0,26316,0.052632,31,8
10,availability,shuffled,reverse,datetime_ns,1000,all,7,0,memory,7,1000000,subtract,lazy_complete,production,2,154927100,500000,500000,500000,500000,500000,500000,1000000,2000000,1001,1001,1.0,26316,0.052632,31,8
10,availability,shuffled,reverse,datetime_ns,1000,all,7,0,memory,7,1000000,subtract,lazy_complete,native,2,538480900,500000,500000,500000,500000,500000,500000,1000000,2000000,1001,1001,1.0,26316,0.052632,31,8
10,availability,shuffled,reverse,datetime_ns,1000,all,7,0,memory,7,1000000,subtract,lazy_complete,native,3,637205800,500000,500000,500000,500000,500000,500000,1000000,2000000,1001,1001,1.0,26316,0.052632,31,8
10,availability,shuffled,reverse,datetime_ns,1000,all,7,0,memory,7,1000000,subtract,lazy_complete,production,3,131023900,500000,500000,500000,500000,500000,500000,1000000,2000000,1001,1001,1.0,26316,0.052632,31,8
10,availability,shuffled,reverse,datetime_ns,1000,all,7,0,memory,7,1000000,subtract,lazy_complete,production,4,137490900,500000,500000,500000,500000,500000,500000,1000000,2000000,1001,1001,1.0,26316,0.052632,31,8
10,availability,shuffled,reverse,datetime_ns,1000,all,7,0,memory,7,1000000,subtract,lazy_complete,native,4,618804700,500000,500000,500000,500000,500000,500000,1000000,2000000,1001,1001,1.0,26316,0.052632,31,8
10,availability,shuffled,reverse,datetime_ns,1000,all,7,0,memory,7,1000000,intersect,lazy_complete,production,0,127476700,500000,500000,500000,500000,500000,500000,500000,2000000,1001,1001,1.0,26316,0.052632,31,8
10,availability,shuffled,reverse,datetime_ns,1000,all,7,0,memory,7,1000000,intersect,lazy_complete,native,0,514498300,500000,500000,500000,500000,500000,500000,500000,2000000,1001,1001,1.0,26316,0.052632,31,8
10,availability,shuffled,reverse,datetime_ns,1000,all,7,0,memory,7,1000000,intersect,lazy_complete,native,1,554790100,500000,500000,500000,500000,500000,500000,500000,2000000,1001,1001,1.0,26316,0.052632,31,8
10,availability,shuffled,reverse,datetime_ns,1000,all,7,0,memory,7,1000000,intersect,lazy_complete,production,1,123737100,500000,500000,500000,500000,500000,500000,500000,2000000,1001,1001,1.0,26316,0.052632,31,8
10,availability,shuffled,reverse,datetime_ns,1000,all,7,0,memory,7,1000000,intersect,lazy_complete,production,2,131083700,500000,500000,500000,500000,500000,500000,500000,2000000,1001,1001,1.0,26316,0.052632,31,8
10,availability,shuffled,reverse,datetime_ns,1000,all,7,0,memory,7,1000000,intersect,lazy_complete,native,2,597582300,500000,500000,500000,500000,500000,500000,500000,2000000,1001,1001,1.0,26316,0.052632,31,8
10,availability,shuffled,reverse,datetime_ns,1000,all,7,0,memory,7,1000000,intersect,lazy_complete,native,3,441341600,500000,500000,500000,500000,500000,500000,500000,2000000,1001,1001,1.0,26316,0.052632,31,8
10,availability,shuffled,reverse,datetime_ns,1000,all,7,0,memory,7,1000000,intersect,lazy_complete,production,3,124852300,500000,500000,500000,500000,500000,500000,500000,2000000,1001,1001,1.0,26316,0.052632,31,8
10,availability,shuffled,reverse,datetime_ns,1000,all,7,0,memory,7,1000000,intersect,lazy_complete,production,4,188017300,500000,500000,500000,500000,500000,500000,500000,2000000,1001,1001,1.0,26316,0.052632,31,8
10,availability,shuffled,reverse,datetime_ns,1000,all,7,0,memory,7,1000000,intersect,lazy_complete,native,4,523583400,500000,500000,500000,500000,500000,500000,500000,2000000,1001,1001,1.0,26316,0.052632,31,8
10,availability,shuffled,reverse,datetime_ns,1000,all,7,0,memory,41,1000000,subtract,lazy_complete,production,0,156286300,500000,500000,500000,500000,500000,500000,1000000,2000000,1001,1001,1.0,26316,0.052632,31,8
10,availability,shuffled,reverse,datetime_ns,1000,all,7,0,memory,41,1000000,subtract,lazy_complete,native,0,527003100,500000,500000,500000,500000,500000,500000,1000000,2000000,1001,1001,1.0,26316,0.052632,31,8
10,availability,shuffled,reverse,datetime_ns,1000,all,7,0,memory,41,1000000,subtract,lazy_complete,native,1,474612100,500000,500000,500000,500000,500000,500000,1000000,2000000,1001,1001,1.0,26316,0.052632,31,8
10,availability,shuffled,reverse,datetime_ns,1000,all,7,0,memory,41,1000000,subtract,lazy_complete,production,1,134548200,500000,500000,500000,500000,500000,500000,1000000,2000000,1001,1001,1.0,26316,0.052632,31,8
10,availability,shuffled,reverse,datetime_ns,1000,all,7,0,memory,41,1000000,subtract,lazy_complete,production,2,132201000,500000,500000,500000,500000,500000,500000,1000000,2000000,1001,1001,1.0,26316,0.052632,31,8
10,availability,shuffled,reverse,datetime_ns,1000,all,7,0,memory,41,1000000,subtract,lazy_complete,native,2,606474400,500000,500000,500000,500000,500000,500000,1000000,2000000,1001,1001,1.0,26316,0.052632,31,8
10,availability,shuffled,reverse,datetime_ns,1000,all,7,0,memory,41,1000000,subtract,lazy_complete,native,3,448685100,500000,500000,500000,500000,500000,500000,1000000,2000000,1001,1001,1.0,26316,0.052632,31,8
10,availability,shuffled,reverse,datetime_ns,1000,all,7,0,memory,41,1000000,subtract,lazy_complete,production,3,141297600,500000,500000,500000,500000,500000,500000,1000000,2000000,1001,1001,1.0,26316,0.052632,31,8
10,availability,shuffled,reverse,datetime_ns,1000,all,7,0,memory,41,1000000,subtract,lazy_complete,production,4,178320300,500000,500000,500000,500000,500000,500000,1000000,2000000,1001,1001,1.0,26316,0.052632,31,8
10,availability,shuffled,reverse,datetime_ns,1000,all,7,0,memory,41,1000000,subtract,lazy_complete,native,4,530132200,500000,500000,500000,500000,500000,500000,1000000,2000000,1001,1001,1.0,26316,0.052632,31,8
10,availability,shuffled,reverse,datetime_ns,1000,all,7,0,memory,41,1000000,intersect,lazy_complete,production,0,126573800,500000,500000,500000,500000,500000,500000,500000,2000000,1001,1001,1.0,26316,0.052632,31,8
10,availability,shuffled,reverse,datetime_ns,1000,all,7,0,memory,41,1000000,intersect,lazy_complete,native,0,484734500,500000,500000,500000,500000,500000,500000,500000,2000000,1001,1001,1.0,26316,0.052632,31,8
10,availability,shuffled,reverse,datetime_ns,1000,all,7,0,memory,41,1000000,intersect,lazy_complete,native,1,411512100,500000,500000,500000,500000,500000,500000,500000,2000000,1001,1001,1.0,26316,0.052632,31,8
10,availability,shuffled,reverse,datetime_ns,1000,all,7,0,memory,41,1000000,intersect,lazy_complete,production,1,134510600,500000,500000,500000,500000,500000,500000,500000,2000000,1001,1001,1.0,26316,0.052632,31,8
10,availability,shuffled,reverse,datetime_ns,1000,all,7,0,memory,41,1000000,intersect,lazy_complete,production,2,114163900,500000,500000,500000,500000,500000,500000,500000,2000000,1001,1001,1.0,26316,0.052632,31,8
10,availability,shuffled,reverse,datetime_ns,1000,all,7,0,memory,41,1000000,intersect,lazy_complete,native,2,464897500,500000,500000,500000,500000,500000,500000,500000,2000000,1001,1001,1.0,26316,0.052632,31,8
10,availability,shuffled,reverse,datetime_ns,1000,all,7,0,memory,41,1000000,intersect,lazy_complete,native,3,431076900,500000,500000,500000,500000,500000,500000,500000,2000000,1001,1001,1.0,26316,0.052632,31,8
10,availability,shuffled,reverse,datetime_ns,1000,all,7,0,memory,41,1000000,intersect,lazy_complete,production,3,124647600,500000,500000,500000,500000,500000,500000,500000,2000000,1001,1001,1.0,26316,0.052632,31,8
10,availability,shuffled,reverse,datetime_ns,1000,all,7,0,memory,41,1000000,intersect,lazy_complete,production,4,162804100,500000,500000,500000,500000,500000,500000,500000,2000000,1001,1001,1.0,26316,0.052632,31,8
10,availability,shuffled,reverse,datetime_ns,1000,all,7,0,memory,41,1000000,intersect,lazy_complete,native,4,604384700,500000,500000,500000,500000,500000,500000,500000,2000000,1001,1001,1.0,26316,0.052632,31,8
