case,family,left_order,right_order,dtype,groups,matching,chunks,payload,source,seed,n,operation,scope,method,sample,ns,left_n,right_n,left_useful,right_useful,p,q,z,distinct_endpoints,left_groups,matched_groups,key_match_fraction,largest_left_group,largest_left_group_fraction,left_chunks,right_chunks
16,empty_rows,start,shuffled,i64,32,all,7,0,memory,7,1000,subtract,eager,production,0,1323800,500,500,0,0,0,0,0,1000,33,33,1.0,27,0.054,8,8
16,empty_rows,start,shuffled,i64,32,all,7,0,memory,7,1000,subtract,eager,native,0,8747000,500,500,0,0,0,0,0,1000,33,33,1.0,27,0.054,8,8
16,empty_rows,start,shuffled,i64,32,all,7,0,memory,7,1000,subtract,eager,native,1,8838600,500,500,0,0,0,0,0,1000,33,33,1.0,27,0.054,8,8
16,empty_rows,start,shuffled,i64,32,all,7,0,memory,7,1000,subtract,eager,production,1,1685800,500,500,0,0,0,0,0,1000,33,33,1.0,27,0.054,8,8
16,empty_rows,start,shuffled,i64,32,all,7,0,memory,7,1000,subtract,eager,production,2,1275600,500,500,0,0,0,0,0,1000,33,33,1.0,27,0.054,8,8
16,empty_rows,start,shuffled,i64,32,all,7,0,memory,7,1000,subtract,eager,native,2,7954100,500,500,0,0,0,0,0,1000,33,33,1.0,27,0.054,8,8
16,empty_rows,start,shuffled,i64,32,all,7,0,memory,7,1000,subtract,eager,native,3,8472100,500,500,0,0,0,0,0,1000,33,33,1.0,27,0.054,8,8
16,empty_rows,start,shuffled,i64,32,all,7,0,memory,7,1000,subtract,eager,production,3,1428900,500,500,0,0,0,0,0,1000,33,33,1.0,27,0.054,8,8
16,empty_rows,start,shuffled,i64,32,all,7,0,memory,7,1000,subtract,eager,production,4,1059300,500,500,0,0,0,0,0,1000,33,33,1.0,27,0.054,8,8
16,empty_rows,start,shuffled,i64,32,all,7,0,memory,7,1000,subtract,eager,native,4,8183800,500,500,0,0,0,0,0,1000,33,33,1.0,27,0.054,8,8
16,empty_rows,start,shuffled,i64,32,all,7,0,memory,7,1000,subtract,lazy_complete,production,0,1612100,500,500,0,0,0,0,0,1000,33,33,1.0,27,0.054,8,8
16,empty_rows,start,shuffled,i64,32,all,7,0,memory,7,1000,subtract,lazy_complete,native,0,9191400,500,500,0,0,0,0,0,1000,33,33,1.0,27,0.054,8,8
16,empty_rows,start,shuffled,i64,32,all,7,0,memory,7,1000,subtract,lazy_complete,native,1,8553600,500,500,0,0,0,0,0,1000,33,33,1.0,27,0.054,8,8
16,empty_rows,start,shuffled,i64,32,all,7,0,memory,7,1000,subtract,lazy_complete,production,1,1657500,500,500,0,0,0,0,0,1000,33,33,1.0,27,0.054,8,8
16,empty_rows,start,shuffled,i64,32,all,7,0,memory,7,1000,subtract,lazy_complete,production,2,1396000,500,500,0,0,0,0,0,1000,33,33,1.0,27,0.054,8,8
16,empty_rows,start,shuffled,i64,32,all,7,0,memory,7,1000,subtract,lazy_complete,native,2,8178100,500,500,0,0,0,0,0,1000,33,33,1.0,27,0.054,8,8
16,empty_rows,start,shuffled,i64,32,all,7,0,memory,7,1000,subtract,lazy_complete,native,3,7820200,500,500,0,0,0,0,0,1000,33,33,1.0,27,0.054,8,8
16,empty_rows,start,shuffled,i64,32,all,7,0,memory,7,1000,subtract,lazy_complete,production,3,1586900,500,500,0,0,0,0,0,1000,33,33,1.0,27,0.054,8,8
16,empty_rows,start,shuffled,i64,32,all,7,0,memory,7,1000,subtract,lazy_complete,production,4,1642500,500,500,0,0,0,0,0,1000,33,33,1.0,27,0.054,8,8
16,empty_rows,start,shuffled,i64,32,all,7,0,memory,7,1000,subtract,lazy_complete,native,4,7891900,500,500,0,0,0,0,0,1000,33,33,1.0,27,0.054,8,8
16,empty_rows,start,shuffled,i64,32,all,7,0,memory,7,1000,intersect,eager,production,0,1445300,500,500,0,0,0,0,0,1000,33,33,1.0,27,0.054,8,8
16,empty_rows,start,shuffled,i64,32,all,7,0,memory,7,1000,intersect,eager,native,0,8291900,500,500,0,0,0,0,0,1000,33,33,1.0,27,0.054,8,8
16,empty_rows,start,shuffled,i64,32,all,7,0,memory,7,1000,intersect,eager,native,1,11308500,500,500,0,0,0,0,0,1000,33,33,1.0,27,0.054,8,8
16,empty_rows,start,shuffled,i64,32,all,7,0,memory,7,1000,intersect,eager,production,1,2640200,500,500,0,0,0,0,0,1000,33,33,1.0,27,0.054,8,8
16,empty_rows,start,shuffled,i64,32,all,7,0,memory,7,1000,intersect,eager,production,2,1768500,500,500,0,0,0,0,0,1000,33,33,1.0,27,0.054,8,8
16,empty_rows,start,shuffled,i64,32,all,7,0,memory,7,1000,intersect,eager,native,2,10296900,500,500,0,0,0,0,0,1000,33,33,1.0,27,0.054,8,8
16,empty_rows,start,shuffled,i64,32,all,7,0,memory,7,1000,intersect,eager,native,3,10549300,500,500,0,0,0,0,0,1000,33,33,1.0,27,0.054,8,8
16,empty_rows,start,shuffled,i64,32,all,7,0,memory,7,1000,intersect,eager,production,3,1401900,500,500,0,0,0,0,0,1000,33,33,1.0,27,0.054,8,8
16,empty_rows,start,shuffled,i64,32,all,7,0,memory,7,1000,intersect,eager,production,4,1619800,500,500,0,0,0,0,0,1000,33,33,1.0,27,0.054,8,8
16,empty_rows,start,shuffled,i64,32,all,7,0,memory,7,1000,intersect,eager,native,4,8789800,500,500,0,0,0,0,0,1000,33,33,1.0,27,0.054,8,8
16,empty_rows,start,shuffled,i64,32,all,7,0,memory,7,1000,intersect,lazy_complete,production,0,1651200,500,500,0,0,0,0,0,1000,33,33,1.0,27,0.054,8,8
16,empty_rows,start,shuffled,i64,32,all,7,0,memory,7,1000,intersect,lazy_complete,native,0,7702200,500,500,0,0,0,0,0,1000,33,33,1.0,27,0.054,8,8
16,empty_rows,start,shuffled,i64,32,all,7,0,memory,7,1000,intersect,lazy_complete,native,1,8032100,500,500,0,0,0,0,0,1000,33,33,1.0,27,0.054,8,8
16,empty_rows,start,shuffled,i64,32,all,7,0,memory,7,1000,intersect,lazy_complete,production,1,1414500,500,500,0,0,0,0,0,1000,33,33,1.0,27,0.054,8,8
16,empty_rows,start,shuffled,i64,32,all,7,0,memory,7,1000,intersect,lazy_complete,production,2,1097100,500,500,0,0,0,0,0,1000,33,33,1.0,27,0.054,8,8
16,empty_rows,start,shuffled,i64,32,all,7,0,memory,7,1000,intersect,lazy_complete,native,2,8434100,500,500,0,0,0,0,0,1000,33,33,1.0,27,0.054,8,8
16,empty_rows,start,shuffled,i64,32,all,7,0,memory,7,1000,intersect,lazy_complete,native,3,8854500,500,500,0,0,0,0,0,1000,33,33,1.0,27,0.054,8,8
16,empty_rows,start,shuffled,i64,32,all,7,0,memory,7,1000,intersect,lazy_complete,production,3,1906400,500,500,0,0,0,0,0,1000,33,33,1.0,27,0.054,8,8
16,empty_rows,start,shuffled,i64,32,all,7,0,memory,7,1000,intersect,lazy_complete,production,4,1608800,500,500,0,0,0,0,0,1000,33,33,1.0,27,0.054,8,8
16,empty_rows,start,shuffled,i64,32,all,7,0,memory,7,1000,intersect,lazy_complete,native,4,10373700,500,500,0,0,0,0,0,1000,33,33,1.0,27,0.054,8,8
16,empty_rows,start,shuffled,i64,32,all,7,0,memory,41,1000,subtract,eager,production,0,1600300,500,500,0,0,0,0,0,1000,33,33,1.0,27,0.054,8,8
16,empty_rows,start,shuffled,i64,32,all,7,0,memory,41,1000,subtract,eager,native,0,9535400,500,500,0,0,0,0,0,1000,33,33,1.0,27,0.054,8,8
16,empty_rows,start,shuffled,i64,32,all,7,0,memory,41,1000,subtract,eager,native,1,10236400,500,500,0,0,0,0,0,1000,33,33,1.0,27,0.054,8,8
16,empty_rows,start,shuffled,i64,32,all,7,0,memory,41,1000,subtract,eager,production,1,1492900,500,500,0,0,0,0,0,1000,33,33,1.0,27,0.054,8,8
16,empty_rows,start,shuffled,i64,32,all,7,0,memory,41,1000,subtract,eager,production,2,1275900,500,500,0,0,0,0,0,1000,33,33,1.0,27,0.054,8,8
16,empty_rows,start,shuffled,i64,32,all,7,0,memory,41,1000,subtract,eager,native,2,7222200,500,500,0,0,0,0,0,1000,33,33,1.0,27,0.054,8,8
16,empty_rows,start,shuffled,i64,32,all,7,0,memory,41,1000,subtract,eager,native,3,8524800,500,500,0,0,0,0,0,1000,33,33,1.0,27,0.054,8,8
16,empty_rows,start,shuffled,i64,32,all,7,0,memory,41,1000,subtract,eager,production,3,1382800,500,500,0,0,0,0,0,1000,33,33,1.0,27,0.054,8,8
16,empty_rows,start,shuffled,i64,32,all,7,0,memory,41,1000,subtract,eager,production,4,1794300,500,500,0,0,0,0,0,1000,33,33,1.0,27,0.054,8,8
16,empty_rows,start,shuffled,i64,32,all,7,0,memory,41,1000,subtract,eager,native,4,9362600,500,500,0,0,0,0,0,1000,33,33,1.0,27,0.054,8,8
16,empty_rows,start,shuffled,i64,32,all,7,0,memory,41,1000,subtract,lazy_complete,production,0,2011800,500,500,0,0,0,0,0,1000,33,33,1.0,27,0.054,8,8
16,empty_rows,start,shuffled,i64,32,all,7,0,memory,41,1000,subtract,lazy_complete,native,0,9406600,500,500,0,0,0,0,0,1000,33,33,1.0,27,0.054,8,8
16,empty_rows,start,shuffled,i64,32,all,7,0,memory,41,1000,subtract,lazy_complete,native,1,7278200,500,500,0,0,0,0,0,1000,33,33,1.0,27,0.054,8,8
16,empty_rows,start,shuffled,i64,32,all,7,0,memory,41,1000,subtract,lazy_complete,production,1,1354400,500,500,0,0,0,0,0,1000,33,33,1.0,27,0.054,8,8
16,empty_rows,start,shuffled,i64,32,all,7,0,memory,41,1000,subtract,lazy_complete,production,2,976300,500,500,0,0,0,0,0,1000,33,33,1.0,27,0.054,8,8
16,empty_rows,start,shuffled,i64,32,all,7,0,memory,41,1000,subtract,lazy_complete,native,2,6180400,500,500,0,0,0,0,0,1000,33,33,1.0,27,0.054,8,8
16,empty_rows,start,shuffled,i64,32,all,7,0,memory,41,1000,subtract,lazy_complete,native,3,7114900,500,500,0,0,0,0,0,1000,33,33,1.0,27,0.054,8,8
16,empty_rows,start,shuffled,i64,32,all,7,0,memory,41,1000,subtract,lazy_complete,production,3,1355800,500,500,0,0,0,0,0,1000,33,33,1.0,27,0.054,8,8
16,empty_rows,start,shuffled,i64,32,all,7,0,memory,41,1000,subtract,lazy_complete,production,4,1255600,500,500,0,0,0,0,0,1000,33,33,1.0,27,0.054,8,8
16,empty_rows,start,shuffled,i64,32,all,7,0,memory,41,1000,subtract,lazy_complete,native,4,7012900,500,500,0,0,0,0,0,1000,33,33,1.0,27,0.054,8,8
16,empty_rows,start,shuffled,i64,32,all,7,0,memory,41,1000,intersect,eager,production,0,2746700,500,500,0,0,0,0,0,1000,33,33,1.0,27,0.054,8,8
16,empty_rows,start,shuffled,i64,32,all,7,0,memory,41,1000,intersect,eager,native,0,10397600,500,500,0,0,0,0,0,1000,33,33,1.0,27,0.054,8,8
16,empty_rows,start,shuffled,i64,32,all,7,0,memory,41,1000,intersect,eager,native,1,11373400,500,500,0,0,0,0,0,1000,33,33,1.0,27,0.054,8,8
16,empty_rows,start,shuffled,i64,32,all,7,0,memory,41,1000,intersect,eager,production,1,2435200,500,500,0,0,0,0,0,1000,33,33,1.0,27,0.054,8,8
16,empty_rows,start,shuffled,i64,32,all,7,0,memory,41,1000,intersect,eager,production,2,887300,500,500,0,0,0,0,0,1000,33,33,1.0,27,0.054,8,8
16,empty_rows,start,shuffled,i64,32,all,7,0,memory,41,1000,intersect,eager,native,2,9255800,500,500,0,0,0,0,0,1000,33,33,1.0,27,0.054,8,8
16,empty_rows,start,shuffled,i64,32,all,7,0,memory,41,1000,intersect,eager,native,3,9459700,500,500,0,0,0,0,0,1000,33,33,1.0,27,0.054,8,8
16,empty_rows,start,shuffled,i64,32,all,7,0,memory,41,1000,intersect,eager,production,3,1545500,500,500,0,0,0,0,0,1000,33,33,1.0,27,0.054,8,8
16,empty_rows,start,shuffled,i64,32,all,7,0,memory,41,1000,intersect,eager,production,4,1675600,500,500,0,0,0,0,0,1000,33,33,1.0,27,0.054,8,8
16,empty_rows,start,shuffled,i64,32,all,7,0,memory,41,1000,intersect,eager,native,4,11876400,500,500,0,0,0,0,0,1000,33,33,1.0,27,0.054,8,8
16,empty_rows,start,shuffled,i64,32,all,7,0,memory,41,1000,intersect,lazy_complete,production,0,1509200,500,500,0,0,0,0,0,1000,33,33,1.0,27,0.054,8,8
16,empty_rows,start,shuffled,i64,32,all,7,0,memory,41,1000,intersect,lazy_complete,native,0,8249600,500,500,0,0,0,0,0,1000,33,33,1.0,27,0.054,8,8
16,empty_rows,start,shuffled,i64,32,all,7,0,memory,41,1000,intersect,lazy_complete,native,1,10787100,500,500,0,0,0,0,0,1000,33,33,1.0,27,0.054,8,8
16,empty_rows,start,shuffled,i64,32,all,7,0,memory,41,1000,intersect,lazy_complete,production,1,1876300,500,500,0,0,0,0,0,1000,33,33,1.0,27,0.054,8,8
16,empty_rows,start,shuffled,i64,32,all,7,0,memory,41,1000,intersect,lazy_complete,production,2,1907600,500,500,0,0,0,0,0,1000,33,33,1.0,27,0.054,8,8
16,empty_rows,start,shuffled,i64,32,all,7,0,memory,41,1000,intersect,lazy_complete,native,2,8707600,500,500,0,0,0,0,0,1000,33,33,1.0,27,0.054,8,8
16,empty_rows,start,shuffled,i64,32,all,7,0,memory,41,1000,intersect,lazy_complete,native,3,7727200,500,500,0,0,0,0,0,1000,33,33,1.0,27,0.054,8,8
16,empty_rows,start,shuffled,i64,32,all,7,0,memory,41,1000,intersect,lazy_complete,production,3,1565900,500,500,0,0,0,0,0,1000,33,33,1.0,27,0.054,8,8
16,empty_rows,start,shuffled,i64,32,all,7,0,memory,41,1000,intersect,lazy_complete,production,4,1252600,500,500,0,0,0,0,0,1000,33,33,1.0,27,0.054,8,8
16,empty_rows,start,shuffled,i64,32,all,7,0,memory,41,1000,intersect,lazy_complete,native,4,8222500,500,500,0,0,0,0,0,1000,33,33,1.0,27,0.054,8,8
16,empty_rows,start,shuffled,i64,32,all,7,0,memory,7,100000,subtract,eager,production,0,7890500,50000,50000,0,0,0,0,0,100000,33,33,1.0,2632,0.05264,8,31
16,empty_rows,start,shuffled,i64,32,all,7,0,memory,7,100000,subtract,eager,native,0,15207900,50000,50000,0,0,0,0,0,100000,33,33,1.0,2632,0.05264,8,31
16,empty_rows,start,shuffled,i64,32,all,7,0,memory,7,100000,subtract,eager,native,1,13961100,50000,50000,0,0,0,0,0,100000,33,33,1.0,2632,0.05264,8,31
16,empty_rows,start,shuffled,i64,32,all,7,0,memory,7,100000,subtract,eager,production,1,6564100,50000,50000,0,0,0,0,0,100000,33,33,1.0,2632,0.05264,8,31
16,empty_rows,start,shuffled,i64,32,all,7,0,memory,7,100000,subtract,eager,production,2,6592200,50000,50000,0,0,0,0,0,100000,33,33,1.0,2632,0.05264,8,31
16,empty_rows,start,shuffled,i64,32,all,7,0,memory,7,100000,subtract,eager,native,2,9513800,50000,50000,0,0,0,0,0,100000,33,33,1.0,2632,0.05264,8,31
16,empty_rows,start,shuffled,i64,32,all,7,0,memory,7,100000,subtract,eager,native,3,10663600,50000,50000,0,0,0,0,0,100000,33,33,1.0,2632,0.05264,8,31
16,empty_rows,start,shuffled,i64,32,all,7,0,memory,7,100000,subtract,eager,production,3,5704800,50000,50000,0,0,0,0,0,100000,33,33,1.0,2632,0.05264,8,31
16,empty_rows,start,shuffled,i64,32,all,7,0,memory,7,100000,subtract,eager,production,4,5214700,50000,50000,0,0,0,0,0,100000,33,33,1.0,2632,0.05264,8,31
16,empty_rows,start,shuffled,i64,32,all,7,0,memory,7,100000,subtract,eager,native,4,8450200,50000,50000,0,0,0,0,0,100000,33,33,1.0,2632,0.05264,8,31
16,empty_rows,start,shuffled,i64,32,all,7,0,memory,7,100000,subtract,lazy_complete,production,0,8931400,50000,50000,0,0,0,0,0,100000,33,33,1.0,2632,0.05264,8,31
16,empty_rows,start,shuffled,i64,32,all,7,0,memory,7,100000,subtract,lazy_complete,native,0,7045200,50000,50000,0,0,0,0,0,100000,33,33,1.0,2632,0.05264,8,31
16,empty_rows,start,shuffled,i64,32,all,7,0,memory,7,100000,subtract,lazy_complete,native,1,7835400,50000,50000,0,0,0,0,0,100000,33,33,1.0,2632,0.05264,8,31
16,empty_rows,start,shuffled,i64,32,all,7,0,memory,7,100000,subtract,lazy_complete,production,1,9440800,50000,50000,0,0,0,0,0,100000,33,33,1.0,2632,0.05264,8,31
16,empty_rows,start,shuffled,i64,32,all,7,0,memory,7,100000,subtract,lazy_complete,production,2,8946500,50000,50000,0,0,0,0,0,100000,33,33,1.0,2632,0.05264,8,31
16,empty_rows,start,shuffled,i64,32,all,7,0,memory,7,100000,subtract,lazy_complete,native,2,6734700,50000,50000,0,0,0,0,0,100000,33,33,1.0,2632,0.05264,8,31
16,empty_rows,start,shuffled,i64,32,all,7,0,memory,7,100000,subtract,lazy_complete,native,3,7706100,50000,50000,0,0,0,0,0,100000,33,33,1.0,2632,0.05264,8,31
16,empty_rows,start,shuffled,i64,32,all,7,0,memory,7,100000,subtract,lazy_complete,production,3,8911400,50000,50000,0,0,0,0,0,100000,33,33,1.0,2632,0.05264,8,31
16,empty_rows,start,shuffled,i64,32,all,7,0,memory,7,100000,subtract,lazy_complete,production,4,8691000,50000,50000,0,0,0,0,0,100000,33,33,1.0,2632,0.05264,8,31
16,empty_rows,start,shuffled,i64,32,all,7,0,memory,7,100000,subtract,lazy_complete,native,4,7139200,50000,50000,0,0,0,0,0,100000,33,33,1.0,2632,0.05264,8,31
16,empty_rows,start,shuffled,i64,32,all,7,0,memory,7,100000,intersect,eager,production,0,5183300,50000,50000,0,0,0,0,0,100000,33,33,1.0,2632,0.05264,8,31
16,empty_rows,start,shuffled,i64,32,all,7,0,memory,7,100000,intersect,eager,native,0,7844500,50000,50000,0,0,0,0,0,100000,33,33,1.0,2632,0.05264,8,31
16,empty_rows,start,shuffled,i64,32,all,7,0,memory,7,100000,intersect,eager,native,1,8642700,50000,50000,0,0,0,0,0,100000,33,33,1.0,2632,0.05264,8,31
16,empty_rows,start,shuffled,i64,32,all,7,0,memory,7,100000,intersect,eager,production,1,5189900,50000,50000,0,0,0,0,0,100000,33,33,1.0,2632,0.05264,8,31
16,empty_rows,start,shuffled,i64,32,all,7,0,memory,7,100000,intersect,eager,production,2,4298500,50000,50000,0,0,0,0,0,100000,33,33,1.0,2632,0.05264,8,31
16,empty_rows,start,shuffled,i64,32,all,7,0,memory,7,100000,intersect,eager,native,2,7155300,50000,50000,0,0,0,0,0,100000,33,33,1.0,2632,0.05264,8,31
16,empty_rows,start,shuffled,i64,32,all,7,0,memory,7,100000,intersect,eager,native,3,7916200,50000,50000,0,0,0,0,0,100000,33,33,1.0,2632,0.05264,8,31
16,empty_rows,start,shuffled,i64,32,all,7,0,memory,7,100000,intersect,eager,production,3,5030200,50000,50000,0,0,0,0,0,100000,33,33,1.0,2632,0.05264,8,31
16,empty_rows,start,shuffled,i64,32,all,7,0,memory,7,100000,intersect,eager,production,4,5622300,50000,50000,0,0,0,0,0,100000,33,33,1.0,2632,0.05264,8,31
16,empty_rows,start,shuffled,i64,32,all,7,0,memory,7,100000,intersect,eager,native,4,8975500,50000,50000,0,0,0,0,0,100000,33,33,1.0,2632,0.05264,8,31
16,empty_rows,start,shuffled,i64,32,all,7,0,memory,7,100000,intersect,lazy_complete,production,0,9275500,50000,50000,0,0,0,0,0,100000,33,33,1.0,2632,0.05264,8,31
16,empty_rows,start,shuffled,i64,32,all,7,0,memory,7,100000,intersect,lazy_complete,native,0,7407300,50000,50000,0,0,0,0,0,100000,33,33,1.0,2632,0.05264,8,31
16,empty_rows,start,shuffled,i64,32,all,7,0,memory,7,100000,intersect,lazy_complete,native,1,8987600,50000,50000,0,0,0,0,0,100000,33,33,1.0,2632,0.05264,8,31
16,empty_rows,start,shuffled,i64,32,all,7,0,memory,7,100000,intersect,lazy_complete,production,1,10073200,50000,50000,0,0,0,0,0,100000,33,33,1.0,2632,0.05264,8,31
16,empty_rows,start,shuffled,i64,32,all,7,0,memory,7,100000,intersect,lazy_complete,production,2,10571600,50000,50000,0,0,0,0,0,100000,33,33,1.0,2632,0.05264,8,31
16,empty_rows,start,shuffled,i64,32,all,7,0,memory,7,100000,intersect,lazy_complete,native,2,8139200,50000,50000,0,0,0,0,0,100000,33,33,1.0,2632,0.05264,8,31
16,empty_rows,start,shuffled,i64,32,all,7,0,memory,7,100000,intersect,lazy_complete,native,3,8190800,50000,50000,0,0,0,0,0,100000,33,33,1.0,2632,0.05264,8,31
16,empty_rows,start,shuffled,i64,32,all,7,0,memory,7,100000,intersect,lazy_complete,production,3,10904700,50000,50000,0,0,0,0,0,100000,33,33,1.0,2632,0.05264,8,31
16,empty_rows,start,shuffled,i64,32,all,7,0,memory,7,100000,intersect,lazy_complete,production,4,10200100,50000,50000,0,0,0,0,0,100000,33,33,1.0,2632,0.05264,8,31
16,empty_rows,start,shuffled,i64,32,all,7,0,memory,7,100000,intersect,lazy_complete,native,4,7782000,50000,50000,0,0,0,0,0,100000,33,33,1.0,2632,0.05264,8,31
16,empty_rows,start,shuffled,i64,32,all,7,0,memory,41,100000,subtract,eager,production,0,5278600,50000,50000,0,0,0,0,0,100000,33,33,1.0,2632,0.05264,8,31
16,empty_rows,start,shuffled,i64,32,all,7,0,memory,41,100000,subtract,eager,native,0,7636700,50000,50000,0,0,0,0,0,100000,33,33,1.0,2632,0.05264,8,31
16,empty_rows,start,shuffled,i64,32,all,7,0,memory,41,100000,subtract,eager,native,1,7788700,50000,50000,0,0,0,0,0,100000,33,33,1.0,2632,0.05264,8,31
16,empty_rows,start,shuffled,i64,32,all,7,0,memory,41,100000,subtract,eager,production,1,4728200,50000,50000,0,0,0,0,0,100000,33,33,1.0,2632,0.05264,8,31
16,empty_rows,start,shuffled,i64,32,all,7,0,memory,41,100000,subtract,eager,production,2,4371500,50000,50000,0,0,0,0,0,100000,33,33,1.0,2632,0.05264,8,31
16,empty_rows,start,shuffled,i64,32,all,7,0,memory,41,100000,subtract,eager,native,2,7479400,50000,50000,0,0,0,0,0,100000,33,33,1.0,2632,0.05264,8,31
16,empty_rows,start,shuffled,i64,32,all,7,0,memory,41,100000,subtract,eager,native,3,7590300,50000,50000,0,0,0,0,0,100000,33,33,1.0,2632,0.05264,8,31
16,empty_rows,start,shuffled,i64,32,all,7,0,memory,41,100000,subtract,eager,production,3,4673500,50000,50000,0,0,0,0,0,100000,33,33,1.0,2632,0.05264,8,31
16,empty_rows,start,shuffled,i64,32,all,7,0,memory,41,100000,subtract,eager,production,4,4894900,50000,50000,0,0,0,0,0,100000,33,33,1.0,2632,0.05264,8,31
16,empty_rows,start,shuffled,i64,32,all,7,0,memory,41,100000,subtract,eager,native,4,8013700,50000,50000,0,0,0,0,0,100000,33,33,1.0,2632,0.05264,8,31
16,empty_rows,start,shuffled,i64,32,all,7,0,memory,41,100000,subtract,lazy_complete,production,0,8318600,50000,50000,0,0,0,0,0,100000,33,33,1.0,2632,0.05264,8,31
16,empty_rows,start,shuffled,i64,32,all,7,0,memory,41,100000,subtract,lazy_complete,native,0,6753100,50000,50000,0,0,0,0,0,100000,33,33,1.0,2632,0.05264,8,31
16,empty_rows,start,shuffled,i64,32,all,7,0,memory,41,100000,subtract,lazy_complete,native,1,6921800,50000,50000,0,0,0,0,0,100000,33,33,1.0,2632,0.05264,8,31
16,empty_rows,start,shuffled,i64,32,all,7,0,memory,41,100000,subtract,lazy_complete,production,1,9167400,50000,50000,0,0,0,0,0,100000,33,33,1.0,2632,0.05264,8,31
16,empty_rows,start,shuffled,i64,32,all,7,0,memory,41,100000,subtract,lazy_complete,production,2,9242200,50000,50000,0,0,0,0,0,100000,33,33,1.0,2632,0.05264,8,31
16,empty_rows,start,shuffled,i64,32,all,7,0,memory,41,100000,subtract,lazy_complete,native,2,7033900,50000,50000,0,0,0,0,0,100000,33,33,1.0,2632,0.05264,8,31
16,empty_rows,start,shuffled,i64,32,all,7,0,memory,41,100000,subtract,lazy_complete,native,3,6724800,50000,50000,0,0,0,0,0,100000,33,33,1.0,2632,0.05264,8,31
16,empty_rows,start,shuffled,i64,32,all,7,0,memory,41,100000,subtract,lazy_complete,production,3,8193500,50000,50000,0,0,0,0,0,100000,33,33,1.0,2632,0.05264,8,31
16,empty_rows,start,shuffled,i64,32,all,7,0,memory,41,100000,subtract,lazy_complete,production,4,9044100,50000,50000,0,0,0,0,0,100000,33,33,1.0,2632,0.05264,8,31
16,empty_rows,start,shuffled,i64,32,all,7,0,memory,41,100000,subtract,lazy_complete,native,4,6521700,50000,50000,0,0,0,0,0,100000,33,33,1.0,2632,0.05264,8,31
16,empty_rows,start,shuffled,i64,32,all,7,0,memory,41,100000,intersect,eager,production,0,4729900,50000,50000,0,0,0,0,0,100000,33,33,1.0,2632,0.05264,8,31
16,empty_rows,start,shuffled,i64,32,all,7,0,memory,41,100000,intersect,eager,native,0,8241600,50000,50000,0,0,0,0,0,100000,33,33,1.0,2632,0.05264,8,31
16,empty_rows,start,shuffled,i64,32,all,7,0,memory,41,100000,intersect,eager,native,1,7568100,50000,50000,0,0,0,0,0,100000,33,33,1.0,2632,0.05264,8,31
16,empty_rows,start,shuffled,i64,32,all,7,0,memory,41,100000,intersect,eager,production,1,4631400,50000,50000,0,0,0,0,0,100000,33,33,1.0,2632,0.05264,8,31
16,empty_rows,start,shuffled,i64,32,all,7,0,memory,41,100000,intersect,eager,production,2,5032500,50000,50000,0,0,0,0,0,100000,33,33,1.0,2632,0.05264,8,31
16,empty_rows,start,shuffled,i64,32,all,7,0,memory,41,100000,intersect,eager,native,2,7896500,50000,50000,0,0,0,0,0,100000,33,33,1.0,2632,0.05264,8,31
16,empty_rows,start,shuffled,i64,32,all,7,0,memory,41,100000,intersect,eager,native,3,8201300,50000,50000,0,0,0,0,0,100000,33,33,1.0,2632,0.05264,8,31
16,empty_rows,start,shuffled,i64,32,all,7,0,memory,41,100000,intersect,eager,production,3,3942900,50000,50000,0,0,0,0,0,100000,33,33,1.0,2632,0.05264,8,31
16,empty_rows,start,shuffled,i64,32,all,7,0,memory,41,100000,intersect,eager,production,4,5057400,50000,50000,0,0,0,0,0,100000,33,33,1.0,2632,0.05264,8,31
16,empty_rows,start,shuffled,i64,32,all,7,0,memory,41,100000,intersect,eager,native,4,7431200,50000,50000,0,0,0,0,0,100000,33,33,1.0,2632,0.05264,8,31
16,empty_rows,start,shuffled,i64,32,all,7,0,memory,41,100000,intersect,lazy_complete,production,0,8663500,50000,50000,0,0,0,0,0,100000,33,33,1.0,2632,0.05264,8,31
16,empty_rows,start,shuffled,i64,32,all,7,0,memory,41,100000,intersect,lazy_complete,native,0,7344000,50000,50000,0,0,0,0,0,100000,33,33,1.0,2632,0.05264,8,31
16,empty_rows,start,shuffled,i64,32,all,7,0,memory,41,100000,intersect,lazy_complete,native,1,7269300,50000,50000,0,0,0,0,0,100000,33,33,1.0,2632,0.05264,8,31
16,empty_rows,start,shuffled,i64,32,all,7,0,memory,41,100000,intersect,lazy_complete,production,1,8372500,50000,50000,0,0,0,0,0,100000,33,33,1.0,2632,0.05264,8,31
16,empty_rows,start,shuffled,i64,32,all,7,0,memory,41,100000,intersect,lazy_complete,production,2,8545200,50000,50000,0,0,0,0,0,100000,33,33,1.0,2632,0.05264,8,31
16,empty_rows,start,shuffled,i64,32,all,7,0,memory,41,100000,intersect,lazy_complete,native,2,6355400,50000,50000,0,0,0,0,0,100000,33,33,1.0,2632,0.05264,8,31
16,empty_rows,start,shuffled,i64,32,all,7,0,memory,41,100000,intersect,lazy_complete,native,3,7043700,50000,50000,0,0,0,0,0,100000,33,33,1.0,2632,0.05264,8,31
16,empty_rows,start,shuffled,i64,32,all,7,0,memory,41,100000,intersect,lazy_complete,production,3,8771400,50000,50000,0,0,0,0,0,100000,33,33,1.0,2632,0.05264,8,31
16,empty_rows,start,shuffled,i64,32,all,7,0,memory,41,100000,intersect,lazy_complete,production,4,8906500,50000,50000,0,0,0,0,0,100000,33,33,1.0,2632,0.05264,8,31
16,empty_rows,start,shuffled,i64,32,all,7,0,memory,41,100000,intersect,lazy_complete,native,4,6593800,50000,50000,0,0,0,0,0,100000,33,33,1.0,2632,0.05264,8,31
16,empty_rows,start,shuffled,i64,32,all,7,0,memory,7,1000000,subtract,eager,production,0,37472100,500000,500000,0,0,0,0,0,1000000,33,33,1.0,26316,0.052632,8,31
16,empty_rows,start,shuffled,i64,32,all,7,0,memory,7,1000000,subtract,eager,native,0,17627900,500000,500000,0,0,0,0,0,1000000,33,33,1.0,26316,0.052632,8,31
16,empty_rows,start,shuffled,i64,32,all,7,0,memory,7,1000000,subtract,eager,native,1,18118500,500000,500000,0,0,0,0,0,1000000,33,33,1.0,26316,0.052632,8,31
16,empty_rows,start,shuffled,i64,32,all,7,0,memory,7,1000000,subtract,eager,production,1,40033700,500000,500000,0,0,0,0,0,1000000,33,33,1.0,26316,0.052632,8,31
16,empty_rows,start,shuffled,i64,32,all,7,0,memory,7,1000000,subtract,eager,production,2,37367600,500000,500000,0,0,0,0,0,1000000,33,33,1.0,26316,0.052632,8,31
16,empty_rows,start,shuffled,i64,32,all,7,0,memory,7,1000000,subtract,eager,native,2,17623500,500000,500000,0,0,0,0,0,1000000,33,33,1.0,26316,0.052632,8,31
16,empty_rows,start,shuffled,i64,32,all,7,0,memory,7,1000000,subtract,eager,native,3,17812600,500000,500000,0,0,0,0,0,1000000,33,33,1.0,26316,0.052632,8,31
16,empty_rows,start,shuffled,i64,32,all,7,0,memory,7,1000000,subtract,eager,production,3,44397500,500000,500000,0,0,0,0,0,1000000,33,33,1.0,26316,0.052632,8,31
16,empty_rows,start,shuffled,i64,32,all,7,0,memory,7,1000000,subtract,eager,production,4,56768000,500000,500000,0,0,0,0,0,1000000,33,33,1.0,26316,0.052632,8,31
16,empty_rows,start,shuffled,i64,32,all,7,0,memory,7,1000000,subtract,eager,native,4,24518200,500000,500000,0,0,0,0,0,1000000,33,33,1.0,26316,0.052632,8,31
16,empty_rows,start,shuffled,i64,32,all,7,0,memory,7,1000000,subtract,lazy_complete,production,0,130380000,500000,500000,0,0,0,0,0,1000000,33,33,1.0,26316,0.052632,8,31
16,empty_rows,start,shuffled,i64,32,all,7,0,memory,7,1000000,subtract,lazy_complete,native,0,22955900,500000,500000,0,0,0,0,0,1000000,33,33,1.0,26316,0.052632,8,31
16,empty_rows,start,shuffled,i64,32,all,7,0,memory,7,1000000,subtract,lazy_complete,native,1,18837400,500000,500000,0,0,0,0,0,1000000,33,33,1.0,26316,0.052632,8,31
16,empty_rows,start,shuffled,i64,32,all,7,0,memory,7,1000000,subtract,lazy_complete,production,1,84744100,500000,500000,0,0,0,0,0,1000000,33,33,1.0,26316,0.052632,8,31
16,empty_rows,start,shuffled,i64,32,all,7,0,memory,7,1000000,subtract,lazy_complete,production,2,81925600,500000,500000,0,0,0,0,0,1000000,33,33,1.0,26316,0.052632,8,31
16,empty_rows,start,shuffled,i64,32,all,7,0,memory,7,1000000,subtract,lazy_complete,native,2,17530100,500000,500000,0,0,0,0,0,1000000,33,33,1.0,26316,0.052632,8,31
16,empty_rows,start,shuffled,i64,32,all,7,0,memory,7,1000000,subtract,lazy_complete,native,3,17709100,500000,500000,0,0,0,0,0,1000000,33,33,1.0,26316,0.052632,8,31
16,empty_rows,start,shuffled,i64,32,all,7,0,memory,7,1000000,subtract,lazy_complete,production,3,81514400,500000,500000,0,0,0,0,0,1000000,33,33,1.0,26316,0.052632,8,31
16,empty_rows,start,shuffled,i64,32,all,7,0,memory,7,1000000,subtract,lazy_complete,production,4,93132600,500000,500000,0,0,0,0,0,1000000,33,33,1.0,26316,0.052632,8,31
16,empty_rows,start,shuffled,i64,32,all,7,0,memory,7,1000000,subtract,lazy_complete,native,4,18730800,500000,500000,0,0,0,0,0,1000000,33,33,1.0,26316,0.052632,8,31
16,empty_rows,start,shuffled,i64,32,all,7,0,memory,7,1000000,intersect,eager,production,0,62995300,500000,500000,0,0,0,0,0,1000000,33,33,1.0,26316,0.052632,8,31
16,empty_rows,start,shuffled,i64,32,all,7,0,memory,7,1000000,intersect,eager,native,0,26380600,500000,500000,0,0,0,0,0,1000000,33,33,1.0,26316,0.052632,8,31
16,empty_rows,start,shuffled,i64,32,all,7,0,memory,7,1000000,intersect,eager,native,1,24867200,500000,500000,0,0,0,0,0,1000000,33,33,1.0,26316,0.052632,8,31
16,empty_rows,start,shuffled,i64,32,all,7,0,memory,7,1000000,intersect,eager,production,1,62710800,500000,500000,0,0,0,0,0,1000000,33,33,1.0,26316,0.052632,8,31
16,empty_rows,start,shuffled,i64,32,all,7,0,memory,7,1000000,intersect,eager,production,2,57679100,500000,500000,0,0,0,0,0,1000000,33,33,1.0,26316,0.052632,8,31
16,empty_rows,start,shuffled,i64,32,all,7,0,memory,7,1000000,intersect,eager,native,2,23428600,500000,500000,0,0,0,0,0,1000000,33,33,1.0,26316,0.052632,8,31
16,empty_rows,start,shuffled,i64,32,all,7,0,memory,7,1000000,intersect,eager,native,3,22622000,500000,500000,0,0,0,0,0,1000000,33,33,1.0,26316,0.052632,8,31
16,empty_rows,start,shuffled,i64,32,all,7,0,memory,7,1000000,intersect,eager,production,3,68909700,500000,500000,0,0,0,0,0,1000000,33,33,1.0,26316,0.052632,8,31
16,empty_rows,start,shuffled,i64,32,all,7,0,memory,7,1000000,intersect,eager,production,4,65082000,500000,500000,0,0,0,0,0,1000000,33,33,1.0,26316,0.052632,8,31
16,empty_rows,start,shuffled,i64,32,all,7,0,memory,7,1000000,intersect,eager,native,4,24135200,500000,500000,0,0,0,0,0,1000000,33,33,1.0,26316,0.052632,8,31
16,empty_rows,start,shuffled,i64,32,all,7,0,memory,7,1000000,intersect,lazy_complete,production,0,84432900,500000,500000,0,0,0,0,0,1000000,33,33,1.0,26316,0.052632,8,31
16,empty_rows,start,shuffled,i64,32,all,7,0,memory,7,1000000,intersect,lazy_complete,native,0,18468500,500000,500000,0,0,0,0,0,1000000,33,33,1.0,26316,0.052632,8,31
16,empty_rows,start,shuffled,i64,32,all,7,0,memory,7,1000000,intersect,lazy_complete,native,1,17051300,500000,500000,0,0,0,0,0,1000000,33,33,1.0,26316,0.052632,8,31
16,empty_rows,start,shuffled,i64,32,all,7,0,memory,7,1000000,intersect,lazy_complete,production,1,85618600,500000,500000,0,0,0,0,0,1000000,33,33,1.0,26316,0.052632,8,31
16,empty_rows,start,shuffled,i64,32,all,7,0,memory,7,1000000,intersect,lazy_complete,production,2,83271700,500000,500000,0,0,0,0,0,1000000,33,33,1.0,26316,0.052632,8,31
16,empty_rows,start,shuffled,i64,32,all,7,0,memory,7,1000000,intersect,lazy_complete,native,2,17469600,500000,500000,0,0,0,0,0,1000000,33,33,1.0,26316,0.052632,8,31
16,empty_rows,start,shuffled,i64,32,all,7,0,memory,7,1000000,intersect,lazy_complete,native,3,18363300,500000,500000,0,0,0,0,0,1000000,33,33,1.0,26316,0.052632,8,31
16,empty_rows,start,shuffled,i64,32,all,7,0,memory,7,1000000,intersect,lazy_complete,production,3,109839600,500000,500000,0,0,0,0,0,1000000,33,33,1.0,26316,0.052632,8,31
16,empty_rows,start,shuffled,i64,32,all,7,0,memory,7,1000000,intersect,lazy_complete,production,4,117171800,500000,500000,0,0,0,0,0,1000000,33,33,1.0,26316,0.052632,8,31
16,empty_rows,start,shuffled,i64,32,all,7,0,memory,7,1000000,intersect,lazy_complete,native,4,21279100,500000,500000,0,0,0,0,0,1000000,33,33,1.0,26316,0.052632,8,31
16,empty_rows,start,shuffled,i64,32,all,7,0,memory,41,1000000,subtract,eager,production,0,47062100,500000,500000,0,0,0,0,0,1000000,33,33,1.0,26316,0.052632,8,31
16,empty_rows,start,shuffled,i64,32,all,7,0,memory,41,1000000,subtract,eager,native,0,17685400,500000,500000,0,0,0,0,0,1000000,33,33,1.0,26316,0.052632,8,31
16,empty_rows,start,shuffled,i64,32,all,7,0,memory,41,1000000,subtract,eager,native,1,18170900,500000,500000,0,0,0,0,0,1000000,33,33,1.0,26316,0.052632,8,31
16,empty_rows,start,shuffled,i64,32,all,7,0,memory,41,1000000,subtract,eager,production,1,43438400,500000,500000,0,0,0,0,0,1000000,33,33,1.0,26316,0.052632,8,31
16,empty_rows,start,shuffled,i64,32,all,7,0,memory,41,1000000,subtract,eager,production,2,43499400,500000,500000,0,0,0,0,0,1000000,33,33,1.0,26316,0.052632,8,31
16,empty_rows,start,shuffled,i64,32,all,7,0,memory,41,1000000,subtract,eager,native,2,20611500,500000,500000,0,0,0,0,0,1000000,33,33,1.0,26316,0.052632,8,31
16,empty_rows,start,shuffled,i64,32,all,7,0,memory,41,1000000,subtract,eager,native,3,18084700,500000,500000,0,0,0,0,0,1000000,33,33,1.0,26316,0.052632,8,31
16,empty_rows,start,shuffled,i64,32,all,7,0,memory,41,1000000,subtract,eager,production,3,41385200,500000,500000,0,0,0,0,0,1000000,33,33,1.0,26316,0.052632,8,31
16,empty_rows,start,shuffled,i64,32,all,7,0,memory,41,1000000,subtract,eager,production,4,40857300,500000,500000,0,0,0,0,0,1000000,33,33,1.0,26316,0.052632,8,31
16,empty_rows,start,shuffled,i64,32,all,7,0,memory,41,1000000,subtract,eager,native,4,18749700,500000,500000,0,0,0,0,0,1000000,33,33,1.0,26316,0.052632,8,31
16,empty_rows,start,shuffled,i64,32,all,7,0,memory,41,1000000,subtract,lazy_complete,production,0,80317800,500000,500000,0,0,0,0,0,1000000,33,33,1.0,26316,0.052632,8,31
16,empty_rows,start,shuffled,i64,32,all,7,0,memory,41,1000000,subtract,lazy_complete,native,0,17467600,500000,500000,0,0,0,0,0,1000000,33,33,1.0,26316,0.052632,8,31
16,empty_rows,start,shuffled,i64,32,all,7,0,memory,41,1000000,subtract,lazy_complete,native,1,17728200,500000,500000,0,0,0,0,0,1000000,33,33,1.0,26316,0.052632,8,31
16,empty_rows,start,shuffled,i64,32,all,7,0,memory,41,1000000,subtract,lazy_complete,production,1,96096900,500000,500000,0,0,0,0,0,1000000,33,33,1.0,26316,0.052632,8,31
16,empty_rows,start,shuffled,i64,32,all,7,0,memory,41,1000000,subtract,lazy_complete,production,2,120343400,500000,500000,0,0,0,0,0,1000000,33,33,1.0,26316,0.052632,8,31
16,empty_rows,start,shuffled,i64,32,all,7,0,memory,41,1000000,subtract,lazy_complete,native,2,22463500,500000,500000,0,0,0,0,0,1000000,33,33,1.0,26316,0.052632,8,31
16,empty_rows,start,shuffled,i64,32,all,7,0,memory,41,1000000,subtract,lazy_complete,native,3,20424000,500000,500000,0,0,0,0,0,1000000,33,33,1.0,26316,0.052632,8,31
16,empty_rows,start,shuffled,i64,32,all,7,0,memory,41,1000000,subtract,lazy_complete,production,3,116309600,500000,500000,0,0,0,0,0,1000000,33,33,1.0,26316,0.052632,8,31
16,empty_rows,start,shuffled,i64,32,all,7,0,memory,41,1000000,subtract,lazy_complete,production,4,118362700,500000,500000,0,0,0,0,0,1000000,33,33,1.0,26316,0.052632,8,31
16,empty_rows,start,shuffled,i64,32,all,7,0,memory,41,1000000,subtract,lazy_complete,native,4,24513200,500000,500000,0,0,0,0,0,1000000,33,33,1.0,26316,0.052632,8,31
16,empty_rows,start,shuffled,i64,32,all,7,0,memory,41,1000000,intersect,eager,production,0,47261100,500000,500000,0,0,0,0,0,1000000,33,33,1.0,26316,0.052632,8,31
16,empty_rows,start,shuffled,i64,32,all,7,0,memory,41,1000000,intersect,eager,native,0,18665700,500000,500000,0,0,0,0,0,1000000,33,33,1.0,26316,0.052632,8,31
16,empty_rows,start,shuffled,i64,32,all,7,0,memory,41,1000000,intersect,eager,native,1,20217100,500000,500000,0,0,0,0,0,1000000,33,33,1.0,26316,0.052632,8,31
16,empty_rows,start,shuffled,i64,32,all,7,0,memory,41,1000000,intersect,eager,production,1,45809200,500000,500000,0,0,0,0,0,1000000,33,33,1.0,26316,0.052632,8,31
16,empty_rows,start,shuffled,i64,32,all,7,0,memory,41,1000000,intersect,eager,production,2,40007000,500000,500000,0,0,0,0,0,1000000,33,33,1.0,26316,0.052632,8,31
16,empty_rows,start,shuffled,i64,32,all,7,0,memory,41,1000000,intersect,eager,native,2,18358100,500000,500000,0,0,0,0,0,1000000,33,33,1.0,26316,0.052632,8,31
16,empty_rows,start,shuffled,i64,32,all,7,0,memory,41,1000000,intersect,eager,native,3,18754900,500000,500000,0,0,0,0,0,1000000,33,33,1.0,26316,0.052632,8,31
16,empty_rows,start,shuffled,i64,32,all,7,0,memory,41,1000000,intersect,eager,production,3,40334100,500000,500000,0,0,0,0,0,1000000,33,33,1.0,26316,0.052632,8,31
16,empty_rows,start,shuffled,i64,32,all,7,0,memory,41,1000000,intersect,eager,production,4,38657400,500000,500000,0,0,0,0,0,1000000,33,33,1.0,26316,0.052632,8,31
16,empty_rows,start,shuffled,i64,32,all,7,0,memory,41,1000000,intersect,eager,native,4,18174700,500000,500000,0,0,0,0,0,1000000,33,33,1.0,26316,0.052632,8,31
16,empty_rows,start,shuffled,i64,32,all,7,0,memory,41,1000000,intersect,lazy_complete,production,0,100871100,500000,500000,0,0,0,0,0,1000000,33,33,1.0,26316,0.052632,8,31
16,empty_rows,start,shuffled,i64,32,all,7,0,memory,41,1000000,intersect,lazy_complete,native,0,28172900,500000,500000,0,0,0,0,0,1000000,33,33,1.0,26316,0.052632,8,31
16,empty_rows,start,shuffled,i64,32,all,7,0,memory,41,1000000,intersect,lazy_complete,native,1,18501000,500000,500000,0,0,0,0,0,1000000,33,33,1.0,26316,0.052632,8,31
16,empty_rows,start,shuffled,i64,32,all,7,0,memory,41,1000000,intersect,lazy_complete,production,1,106366800,500000,500000,0,0,0,0,0,1000000,33,33,1.0,26316,0.052632,8,31
16,empty_rows,start,shuffled,i64,32,all,7,0,memory,41,1000000,intersect,lazy_complete,production,2,114770800,500000,500000,0,0,0,0,0,1000000,33,33,1.0,26316,0.052632,8,31
16,empty_rows,start,shuffled,i64,32,all,7,0,memory,41,1000000,intersect,lazy_complete,native,2,27587100,500000,500000,0,0,0,0,0,1000000,33,33,1.0,26316,0.052632,8,31
16,empty_rows,start,shuffled,i64,32,all,7,0,memory,41,1000000,intersect,lazy_complete,native,3,24148500,500000,500000,0,0,0,0,0,1000000,33,33,1.0,26316,0.052632,8,31
16,empty_rows,start,shuffled,i64,32,all,7,0,memory,41,1000000,intersect,lazy_complete,production,3,113320000,500000,500000,0,0,0,0,0,1000000,33,33,1.0,26316,0.052632,8,31
16,empty_rows,start,shuffled,i64,32,all,7,0,memory,41,1000000,intersect,lazy_complete,production,4,101768700,500000,500000,0,0,0,0,0,1000000,33,33,1.0,26316,0.052632,8,31
16,empty_rows,start,shuffled,i64,32,all,7,0,memory,41,1000000,intersect,lazy_complete,native,4,19079000,500000,500000,0,0,0,0,0,1000000,33,33,1.0,26316,0.052632,8,31
