case,workload_corpus,workload_id,workload_family,workload_population,workload_seed,workload_order,workload_workload,workload_engine,workload_groups,method,x,median,min,max,samples
Interior empties,handcrafted,8f532cfb8eea51ee3ab762f0b5f4030eb642874c67585a8721cb97e6a1042e85,handcrafted,handcrafted,0,fixture,integer,auto,1,balanced,11,0.09999999999999999,0.09069999999999999,0.1042,5
Interior empties,handcrafted,8f532cfb8eea51ee3ab762f0b5f4030eb642874c67585a8721cb97e6a1042e85,handcrafted,handcrafted,0,fixture,integer,auto,1,baseline,11,0.0887,0.08689999999999999,0.11649999999999999,5
Interior empties,handcrafted,8f532cfb8eea51ee3ab762f0b5f4030eb642874c67585a8721cb97e6a1042e85,handcrafted,handcrafted,0,fixture,integer,auto,1,repair,11,0.1055,0.09799999999999999,0.1144,5
"Late clique, k=8",handcrafted,64ea4da24da1f13fbb2c45cd8fc428700d2ceb9eeabbd935d2226a80ada42b40,handcrafted,handcrafted,0,fixture,integer,auto,1,balanced,100000,3.7643999999999997,3.5852999999999997,4.487299999999999,5
"Late clique, k=8",handcrafted,64ea4da24da1f13fbb2c45cd8fc428700d2ceb9eeabbd935d2226a80ada42b40,handcrafted,handcrafted,0,fixture,integer,auto,1,baseline,100000,0.9107,0.8236,1.0301,5
"Late clique, k=8",handcrafted,64ea4da24da1f13fbb2c45cd8fc428700d2ceb9eeabbd935d2226a80ada42b40,handcrafted,handcrafted,0,fixture,integer,auto,1,repair,100000,3.1702999999999997,3.0904,3.7094,5
"Forced star, k=2",handcrafted,4f2c81e93bef3f123fd64f5813677c287061935e13724607764f4f5f01714779,handcrafted,handcrafted,0,fixture,integer,auto,1,balanced,100000,9.4112,9.1238,10.0229,5
"Forced star, k=2",handcrafted,4f2c81e93bef3f123fd64f5813677c287061935e13724607764f4f5f01714779,handcrafted,handcrafted,0,fixture,integer,auto,1,baseline,100000,1.1593,1.0413999999999999,1.2604,5
"Forced star, k=2",handcrafted,4f2c81e93bef3f123fd64f5813677c287061935e13724607764f4f5f01714779,handcrafted,handcrafted,0,fixture,integer,auto,1,repair,100000,3.3952,3.2350999999999996,3.4513,5
"Nearly clique, k=50,001",handcrafted,16640e2e2bd56a2116badc8794ebc13f7c04eb84e3c96098134430b5c9a65f5b,handcrafted,handcrafted,0,fixture,integer,auto,1,balanced,100000,24.112399999999997,24.0456,24.8293,5
"Nearly clique, k=50,001",handcrafted,16640e2e2bd56a2116badc8794ebc13f7c04eb84e3c96098134430b5c9a65f5b,handcrafted,handcrafted,0,fixture,integer,auto,1,baseline,100000,1.3869,1.3119999999999998,1.531,5
"Nearly clique, k=50,001",handcrafted,16640e2e2bd56a2116badc8794ebc13f7c04eb84e3c96098134430b5c9a65f5b,handcrafted,handcrafted,0,fixture,integer,auto,1,repair,100000,6.090599999999999,5.8039,6.5489999999999995,5
