case,workload_k,method,x,median,min,max,samples
"32 overlapping per set, capacity 1",1,Date,1000000,44.1952,40.836,52.884,3
"32 overlapping per set, capacity 1",1,"Datetime(time_unit='us', time_zone=None)",1000000,28.3291,28.110799999999998,30.575999999999997,3
"32 overlapping per set, capacity 1",1,Int64,1000000,28.005,27.9041,28.433699999999998,3
"32 overlapping per set, capacity 2",2,Date,1000000,49.1276,48.211999999999996,50.624399999999994,3
"32 overlapping per set, capacity 2",2,"Datetime(time_unit='us', time_zone=None)",1000000,83.2815,72.89229999999999,92.71549999999999,3
"32 overlapping per set, capacity 2",2,Int64,1000000,62.4955,62.0877,64.2221,3
"32 overlapping per set, capacity 31",31,Date,1000000,100.9396,100.502,101.051,3
"32 overlapping per set, capacity 31",31,"Datetime(time_unit='us', time_zone=None)",1000000,125.6592,120.0351,154.2342,3
"32 overlapping per set, capacity 31",31,Int64,1000000,118.60549999999999,115.2969,134.83169999999998,3
"32 overlapping per set, capacity 32",32,Date,1000000,31.732599999999998,30.392,33.426,3
"32 overlapping per set, capacity 32",32,"Datetime(time_unit='us', time_zone=None)",1000000,41.0075,40.6967,41.134699999999995,3
"32 overlapping per set, capacity 32",32,Int64,1000000,43.2496,40.8917,56.151399999999995,3
