method,x,median,min,max,samples
events,1000,0.059199999999999996,0.0566,0.064,9
events,10000,0.6750999999999999,0.6662,0.8255,9
events,100000,7.6606,7.551699999999999,7.922199999999999,9
events,1000000,100.10929999999999,98.7276,101.5432,9
heap,1000,0.0388,0.036199999999999996,0.0433,9
heap,10000,0.5619999999999999,0.5489999999999999,0.5644,9
heap,100000,5.7406999999999995,5.6093,5.8839999999999995,9
heap,1000000,153.1129,148.7727,162.0601,9
two_sorts,1000,0.0469,0.0412,0.053399999999999996,9
two_sorts,10000,0.634,0.6072,0.6406,9
two_sorts,100000,7.4552,7.1762,7.7992,9
two_sorts,1000000,140.0814,139.5134,143.3397,9
