case,workload_groups,workload_family,workload_order,workload_candidate,method,x,median,min,max,samples
"Depth 7, shuffled, 1 group",1,low8,shuffled,plugin,Date,100000,4.4979,4.3122,4.6213,5
"Depth 7, shuffled, 1 group",1,low8,shuffled,plugin,Date,3000000,170.43009999999998,164.3751,179.1396,5
"Depth 7, shuffled, 1 group",1,low8,shuffled,plugin,Datetime(us),100000,4.9979,4.8778,5.1029,5
"Depth 7, shuffled, 1 group",1,low8,shuffled,plugin,Datetime(us),3000000,200.3293,197.3327,213.3147,5
"Depth 7, shuffled, 1 group",1,low8,shuffled,plugin,Int64,100000,5.124499999999999,5.0351,5.3122,5
"Depth 7, shuffled, 1 group",1,low8,shuffled,plugin,Int64,3000000,202.6882,194.6752,229.76729999999998,5
"Full chain, shuffled, 1 group",1,chain,shuffled,plugin,Date,3000000,166.594,163.2317,175.69209999999998,5
"Full chain, shuffled, 1 group",1,chain,shuffled,plugin,Datetime(us),3000000,206.38629999999998,200.8451,211.2567,5
"Full chain, shuffled, 1 group",1,chain,shuffled,plugin,Int64,3000000,205.9645,199.57999999999998,228.4881,5
"Full chain, sorted, 1 group",1,chain,sorted,plugin,Int64,3000000,42.636399999999995,42.5015,46.326,5
"Depth 7, shuffled, 1,000 groups",1000,low8,shuffled,plugin,Date,100000,11.5132,11.1943,14.802999999999999,5
"Depth 7, shuffled, 1,000 groups",1000,low8,shuffled,plugin,Datetime(us),100000,12.1284,11.5532,14.9802,5
"Depth 7, shuffled, 1,000 groups",1000,low8,shuffled,plugin,Int64,100000,10.8551,10.5273,14.839699999999999,5
