case,workload_scenario,workload_groups,workload_order,workload_dtype,method,x,median,min,max,samples
"Few overlaps, 1 group",sparse,1,shuffled,int64,inequality_join,100000,24.5854,22.734,31.6123,9
"Few overlaps, 1 group",sparse,1,shuffled,int64,native_asof,100000,12.2384,11.5179,20.3948,9
"Few overlaps, 1 group",sparse,1,shuffled,int64,native_asof,3000000,339.309,336.1475,395.0317,9
"Few overlaps, 1 group",sparse,1,shuffled,int64,native_expr,100000,10.5388,10.2687,11.1963,9
"Few overlaps, 1 group",sparse,1,shuffled,int64,native_expr,3000000,764.0769,735.9671,840.6521,9
"Few overlaps, 1 group",sparse,1,shuffled,int64,native_parallel,100000,10.7114,10.439,10.9021,9
"Few overlaps, 1 group",sparse,1,shuffled,int64,native_parallel,3000000,775.7666,745.8286,832.0964,9
"Few overlaps, 1 group",sparse,1,shuffled,int64,native_sweep,100000,16.6544,15.1457,18.8665,9
"Few overlaps, 1 group",sparse,1,shuffled,int64,native_sweep,3000000,529.3371,511.7084,601.2064,9
"Few overlaps, 1 group",sparse,1,shuffled,int64,plugin,100000,6.1535,5.7008,6.2829,9
"Few overlaps, 1 group",sparse,1,shuffled,int64,plugin,3000000,243.6929,236.9456,250.2388,9
"Many overlaps, 1 group",dense,1,shuffled,int64,native_asof,3000000,339.3123,332.2087,402.3972,9
"Many overlaps, 1 group",dense,1,shuffled,int64,native_expr,3000000,422.4607,407.6339,486.6582,9
"Many overlaps, 1 group",dense,1,shuffled,int64,native_parallel,3000000,412.0999,401.17,439.615,9
"Many overlaps, 1 group",dense,1,shuffled,int64,native_sweep,3000000,537.6206,534.3951,596.7169,9
"Many overlaps, 1 group",dense,1,shuffled,int64,plugin,3000000,176.3273,170.1476,185.6253,9
"Few overlaps, 100 groups",sparse,100,shuffled,int64,inequality_join,1000,2.9163,2.5979,3.3753,9
"Few overlaps, 100 groups",sparse,100,shuffled,int64,native_asof,1000,3.6951,3.4261,4.3809,9
"Few overlaps, 100 groups",sparse,100,shuffled,int64,native_asof,3000000,577.3752,568.7298,641.9252,9
"Few overlaps, 100 groups",sparse,100,shuffled,int64,native_expr,1000,1.0424,0.8492,1.1112,9
"Few overlaps, 100 groups",sparse,100,shuffled,int64,native_expr,3000000,383.9547,379.5321,408.6318,9
"Few overlaps, 100 groups",sparse,100,shuffled,int64,native_parallel,1000,1.4593,1.2938,1.9735,9
"Few overlaps, 100 groups",sparse,100,shuffled,int64,native_parallel,3000000,627.4353,597.9822,673.9515,9
"Few overlaps, 100 groups",sparse,100,shuffled,int64,native_sweep,1000,3.4491,2.9812,3.8593,9
"Few overlaps, 100 groups",sparse,100,shuffled,int64,native_sweep,3000000,774.1376,740.0572,793.3253,9
"Few overlaps, 100 groups",sparse,100,shuffled,int64,plugin,1000,1.0561,0.9796,1.2267,9
"Few overlaps, 100 groups",sparse,100,shuffled,int64,plugin,3000000,213.6552,197.9522,255.9344,9
"Many overlaps, 100 groups",dense,100,shuffled,int64,inequality_join,1000,2.9848,2.6193,3.7432,9
"Many overlaps, 100 groups",dense,100,shuffled,int64,native_asof,1000,4.0653,3.319,4.8186,9
"Many overlaps, 100 groups",dense,100,shuffled,int64,native_asof,3000000,612.4634,584.3346,675.655,9
"Many overlaps, 100 groups",dense,100,shuffled,int64,native_expr,1000,1.0385,0.9022,1.1466,9
"Many overlaps, 100 groups",dense,100,shuffled,int64,native_expr,3000000,376.4252,352.4669,386.5951,9
"Many overlaps, 100 groups",dense,100,shuffled,int64,native_parallel,1000,1.3545,1.1933,1.5664,9
"Many overlaps, 100 groups",dense,100,shuffled,int64,native_parallel,3000000,477.9603,465.1037,509.8911,9
"Many overlaps, 100 groups",dense,100,shuffled,int64,native_sweep,1000,3.4369,3.1632,3.8966,9
"Many overlaps, 100 groups",dense,100,shuffled,int64,native_sweep,3000000,776.1828,736.7541,816.0417,9
"Many overlaps, 100 groups",dense,100,shuffled,int64,plugin,1000,1.1373,0.971,1.2078,9
"Many overlaps, 100 groups",dense,100,shuffled,int64,plugin,3000000,166.8921,157.585,212.7228,9
